customer_id,area,sector,city,customer_segment,first_order_date,registration_date,preferred_store,total_orders,total_spent
KOL_CUST_000001,Ultadanga,North Kolkata,Kolkata,New,20-02-2024,13-02-2024,BLK_KOL_004,12,6103.6
KOL_CUST_000002,Tollygunge,South Kolkata,Kolkata,Regular,21-03-2024,03-03-2024,BLK_KOL_026,13,4632.54
KOL_CUST_000003,Shyambazar,North Kolkata,Kolkata,Regular,01-02-2023,30-01-2023,BLK_KOL_001,10,2994.42
KOL_CUST_000004,Salt Lake,Salt Lake & New Town,Kolkata,Premium,20-08-2024,12-08-2024,BLK_KOL_029,10,5110.08
KOL_CUST_000005,Ballygunge,South Kolkata,Kolkata,Regular,27-02-2023,22-02-2023,BLK_KOL_019,10,4883.3
KOL_CUST_000006,Park Street,Central Kolkata,Kolkata,Regular,09-09-2023,20-08-2023,BLK_KOL_014,6,4297.79
KOL_CUST_000007,Salt Lake,Salt Lake & New Town,Kolkata,Regular,07-04-2023,15-03-2023,BLK_KOL_029,12,6862.54
KOL_CUST_000008,Tollygunge,South Kolkata,Kolkata,Regular,25-03-2023,05-03-2023,BLK_KOL_027,8,2367.64
KOL_CUST_000009,Kasba,East Kolkata,Kolkata,Premium,08-05-2024,30-04-2024,BLK_KOL_040,7,4027.55
KOL_CUST_000010,Shyambazar,North Kolkata,Kolkata,Regular,17-05-2024,22-04-2024,BLK_KOL_003,8,4155.78
KOL_CUST_000011,Howrah,Howrah District,Kolkata,New,20-04-2023,14-04-2023,BLK_KOL_046,7,3432.02
KOL_CUST_000012,Kasba,East Kolkata,Kolkata,New,08-09-2024,23-08-2024,BLK_KOL_040,11,5297.65
KOL_CUST_000013,New Town,Salt Lake & New Town,Kolkata,New,10-10-2023,29-09-2023,BLK_KOL_032,11,5157.19
KOL_CUST_000014,Howrah,Howrah District,Kolkata,Regular,11-05-2023,23-04-2023,BLK_KOL_046,12,4941.265
KOL_CUST_000015,Baghbazar,North Kolkata,Kolkata,Premium,20-06-2023,26-05-2023,BLK_KOL_009,11,4709.25
KOL_CUST_000016,Shibpur,Howrah District,Kolkata,Regular,01-01-2024,14-12-2023,BLK_KOL_050,9,3551.34
KOL_CUST_000017,Ultadanga,North Kolkata,Kolkata,Regular,31-05-2023,15-05-2023,BLK_KOL_005,12,7648.46
KOL_CUST_000018,Ultadanga,North Kolkata,Kolkata,Premium,24-02-2023,14-02-2023,BLK_KOL_004,14,7315.93
KOL_CUST_000019,Howrah,Howrah District,Kolkata,Regular,14-01-2023,06-01-2023,BLK_KOL_046,11,4451.53
KOL_CUST_000020,Salt Lake,Salt Lake & New Town,Kolkata,Regular,23-02-2023,15-02-2023,BLK_KOL_030,13,8226.92
KOL_CUST_000021,Esplanade,Central Kolkata,Kolkata,Regular,03-10-2023,28-09-2023,BLK_KOL_012,9,3744.63
KOL_CUST_000022,Salt Lake,Salt Lake & New Town,Kolkata,Regular,16-07-2023,30-06-2023,BLK_KOL_028,19,7022.51
KOL_CUST_000023,Gariahat,South Kolkata,Kolkata,Regular,19-09-2023,20-08-2023,BLK_KOL_023,8,3633.83
KOL_CUST_000024,Park Street,Central Kolkata,Kolkata,Regular,21-05-2024,23-04-2024,BLK_KOL_014,9,5992.52
KOL_CUST_000025,Shibpur,Howrah District,Kolkata,Regular,01-12-2023,21-11-2023,BLK_KOL_050,6,4853.64
KOL_CUST_000026,Howrah,Howrah District,Kolkata,Regular,16-08-2024,04-08-2024,BLK_KOL_047,11,4767.26
KOL_CUST_000027,Santragachi,Howrah District,Kolkata,New,21-06-2023,29-05-2023,BLK_KOL_052,7,1837.36
KOL_CUST_000028,EM Bypass,East Kolkata,Kolkata,Premium,06-05-2023,12-04-2023,BLK_KOL_039,8,5011.23
KOL_CUST_000029,EM Bypass,East Kolkata,Kolkata,New,03-01-2023,18-12-2022,BLK_KOL_037,6,4241.88
KOL_CUST_000030,Park Street,Central Kolkata,Kolkata,Regular,03-02-2023,30-01-2023,BLK_KOL_015,7,3540.7
KOL_CUST_000031,Behala,East Kolkata,Kolkata,Premium,13-04-2023,08-04-2023,BLK_KOL_045,8,2343.17
KOL_CUST_000032,Park Street,Central Kolkata,Kolkata,Regular,20-07-2023,27-06-2023,BLK_KOL_013,6,2940.28
KOL_CUST_000033,Baghbazar,North Kolkata,Kolkata,Regular,30-09-2024,19-09-2024,BLK_KOL_007,2,1705.56
KOL_CUST_000034,Howrah,Howrah District,Kolkata,Regular,19-01-2024,11-01-2024,BLK_KOL_046,14,6846.61
KOL_CUST_000035,Salt Lake,Salt Lake & New Town,Kolkata,Regular,16-02-2024,12-02-2024,BLK_KOL_030,6,4787.68
KOL_CUST_000036,Esplanade,Central Kolkata,Kolkata,New,02-07-2023,30-06-2023,BLK_KOL_011,7,4413.53
KOL_CUST_000037,Ultadanga,North Kolkata,Kolkata,Regular,25-05-2023,17-05-2023,BLK_KOL_006,9,5585.1
KOL_CUST_000038,B.B.D. Bagh,Central Kolkata,Kolkata,Regular,23-10-2023,10-10-2023,BLK_KOL_016,10,6104.91
KOL_CUST_000039,Gariahat,South Kolkata,Kolkata,Premium,07-02-2023,23-01-2023,BLK_KOL_022,4,2827.57
KOL_CUST_000040,Behala,East Kolkata,Kolkata,New,28-11-2023,13-11-2023,BLK_KOL_043,8,5104.37
KOL_CUST_000041,Santragachi,Howrah District,Kolkata,New,20-04-2023,01-04-2023,BLK_KOL_052,6,2138.81
KOL_CUST_000042,Kasba,East Kolkata,Kolkata,Regular,21-08-2024,14-08-2024,BLK_KOL_042,8,4288.17
KOL_CUST_000043,Howrah,Howrah District,Kolkata,Regular,21-05-2023,02-05-2023,BLK_KOL_046,7,2312.73
KOL_CUST_000044,Salt Lake,Salt Lake & New Town,Kolkata,Regular,14-05-2023,25-04-2023,BLK_KOL_028,5,1691.15
KOL_CUST_000045,Ultadanga,North Kolkata,Kolkata,Regular,11-09-2024,13-08-2024,BLK_KOL_004,11,5164.82
KOL_CUST_000046,Gariahat,South Kolkata,Kolkata,Regular,29-06-2024,22-06-2024,BLK_KOL_022,8,4710.04
KOL_CUST_000047,Park Street,Central Kolkata,Kolkata,Regular,21-01-2024,06-01-2024,BLK_KOL_015,9,3467.13
KOL_CUST_000048,Rajarhat,Salt Lake & New Town,Kolkata,New,16-02-2024,05-02-2024,BLK_KOL_034,12,7863.88
KOL_CUST_000049,B.B.D. Bagh,Central Kolkata,Kolkata,New,01-03-2023,17-02-2023,BLK_KOL_018,15,6267.74
KOL_CUST_000050,Tollygunge,South Kolkata,Kolkata,New,11-05-2024,25-04-2024,BLK_KOL_027,7,4974.4
KOL_CUST_000051,Salt Lake,Salt Lake & New Town,Kolkata,Regular,22-06-2024,07-06-2024,BLK_KOL_030,13,4791.6
KOL_CUST_000052,Park Street,Central Kolkata,Kolkata,New,25-04-2024,01-04-2024,BLK_KOL_015,8,3263.48
KOL_CUST_000053,EM Bypass,East Kolkata,Kolkata,Regular,12-10-2024,16-09-2024,BLK_KOL_038,4,2203.83
KOL_CUST_000054,Tollygunge,South Kolkata,Kolkata,Regular,14-04-2023,21-03-2023,BLK_KOL_027,5,2619.19
KOL_CUST_000055,EM Bypass,East Kolkata,Kolkata,Premium,09-07-2024,01-07-2024,BLK_KOL_038,12,7060.15
KOL_CUST_000056,Santragachi,Howrah District,Kolkata,Regular,24-01-2023,21-01-2023,BLK_KOL_053,12,8199.305
KOL_CUST_000057,Behala,East Kolkata,Kolkata,Regular,03-06-2024,30-05-2024,BLK_KOL_044,9,3771.56
KOL_CUST_000058,Ultadanga,North Kolkata,Kolkata,Premium,25-03-2023,17-03-2023,BLK_KOL_005,6,2620.69
KOL_CUST_000059,Park Street,Central Kolkata,Kolkata,Regular,27-05-2023,03-05-2023,BLK_KOL_015,6,2226.41
KOL_CUST_000060,Santragachi,Howrah District,Kolkata,New,14-09-2023,24-08-2023,BLK_KOL_054,14,4222.075
KOL_CUST_000061,Howrah,Howrah District,Kolkata,Premium,23-05-2024,11-05-2024,BLK_KOL_047,7,1909.23
KOL_CUST_000062,Behala,East Kolkata,Kolkata,Premium,04-07-2024,12-06-2024,BLK_KOL_044,8,5218.43
KOL_CUST_000063,Rajarhat,Salt Lake & New Town,Kolkata,Premium,14-07-2023,10-07-2023,BLK_KOL_035,9,3391.21
KOL_CUST_000064,Behala,East Kolkata,Kolkata,Regular,16-08-2023,27-07-2023,BLK_KOL_044,7,3498.85
KOL_CUST_000065,Ultadanga,North Kolkata,Kolkata,New,04-05-2024,08-04-2024,BLK_KOL_006,15,7898.18
KOL_CUST_000066,Baghbazar,North Kolkata,Kolkata,Regular,10-10-2024,03-10-2024,BLK_KOL_007,11,5616.57
KOL_CUST_000067,Gariahat,South Kolkata,Kolkata,Regular,18-09-2023,29-08-2023,BLK_KOL_024,7,2695.14
KOL_CUST_000068,Park Street,Central Kolkata,Kolkata,Regular,03-10-2024,27-09-2024,BLK_KOL_014,7,3089.86
KOL_CUST_000069,Shyambazar,North Kolkata,Kolkata,Regular,02-06-2023,25-05-2023,BLK_KOL_003,12,6305.5
KOL_CUST_000070,Shyambazar,North Kolkata,Kolkata,Premium,06-11-2023,23-10-2023,BLK_KOL_002,12,8072.63
KOL_CUST_000071,Baghbazar,North Kolkata,Kolkata,Regular,31-05-2023,27-05-2023,BLK_KOL_007,8,3923.53
KOL_CUST_000072,Gariahat,South Kolkata,Kolkata,Regular,23-01-2024,24-12-2023,BLK_KOL_023,6,2113.68
KOL_CUST_000073,Shibpur,Howrah District,Kolkata,New,07-01-2023,05-01-2023,BLK_KOL_051,8,5206.42
KOL_CUST_000074,EM Bypass,East Kolkata,Kolkata,Regular,08-10-2023,08-09-2023,BLK_KOL_038,2,1120.87
KOL_CUST_000075,Baghbazar,North Kolkata,Kolkata,Premium,18-09-2023,09-09-2023,BLK_KOL_008,10,5729.1
KOL_CUST_000076,Santragachi,Howrah District,Kolkata,New,14-07-2024,27-06-2024,BLK_KOL_052,13,5081.86
KOL_CUST_000077,Shibpur,Howrah District,Kolkata,Regular,20-02-2024,16-02-2024,BLK_KOL_050,12,6065.67
KOL_CUST_000078,Santragachi,Howrah District,Kolkata,Regular,20-04-2024,22-03-2024,BLK_KOL_054,8,3707.74
KOL_CUST_000079,New Town,Salt Lake & New Town,Kolkata,Regular,23-07-2024,19-07-2024,BLK_KOL_032,3,1603.24
KOL_CUST_000080,New Town,Salt Lake & New Town,Kolkata,New,10-07-2024,18-06-2024,BLK_KOL_033,11,5607.4
KOL_CUST_000081,Baghbazar,North Kolkata,Kolkata,Premium,20-10-2023,16-10-2023,BLK_KOL_008,14,7225.58
KOL_CUST_000082,Rajarhat,Salt Lake & New Town,Kolkata,Premium,11-10-2024,23-09-2024,BLK_KOL_035,9,5680.98
KOL_CUST_000083,Esplanade,Central Kolkata,Kolkata,New,30-04-2023,06-04-2023,BLK_KOL_010,11,4830.75
KOL_CUST_000084,Salt Lake,Salt Lake & New Town,Kolkata,Premium,29-06-2024,12-06-2024,BLK_KOL_029,9,3367.66
KOL_CUST_000085,Howrah,Howrah District,Kolkata,Regular,08-10-2023,20-09-2023,BLK_KOL_046,9,3564.2
KOL_CUST_000086,Tollygunge,South Kolkata,Kolkata,Regular,27-04-2023,02-04-2023,BLK_KOL_026,8,4069.85
KOL_CUST_000087,Santragachi,Howrah District,Kolkata,Premium,19-07-2023,10-07-2023,BLK_KOL_054,9,4383.04
KOL_CUST_000088,Salt Lake,Salt Lake & New Town,Kolkata,Premium,28-06-2024,31-05-2024,BLK_KOL_030,13,5558.75
KOL_CUST_000089,EM Bypass,East Kolkata,Kolkata,New,12-01-2023,09-01-2023,BLK_KOL_038,7,2935.02
KOL_CUST_000090,Ballygunge,South Kolkata,Kolkata,Regular,14-04-2023,02-04-2023,BLK_KOL_020,14,7325.18
KOL_CUST_000091,New Town,Salt Lake & New Town,Kolkata,Regular,17-10-2024,18-09-2024,BLK_KOL_032,13,4391.61
KOL_CUST_000092,B.B.D. Bagh,Central Kolkata,Kolkata,Regular,26-01-2024,17-01-2024,BLK_KOL_018,7,4006.03
KOL_CUST_000093,Kasba,East Kolkata,Kolkata,Regular,20-04-2023,13-04-2023,BLK_KOL_041,10,5899.02
KOL_CUST_000094,Esplanade,Central Kolkata,Kolkata,Regular,07-10-2023,15-09-2023,BLK_KOL_010,7,3690.36
KOL_CUST_000095,Shibpur,Howrah District,Kolkata,Regular,24-01-2024,04-01-2024,BLK_KOL_049,6,2297.28
KOL_CUST_000096,Ballygunge,South Kolkata,Kolkata,Regular,16-08-2023,22-07-2023,BLK_KOL_021,12,7504.43
KOL_CUST_000097,New Town,Salt Lake & New Town,Kolkata,Regular,23-03-2023,17-03-2023,BLK_KOL_032,7,2372.62
KOL_CUST_000098,Santragachi,Howrah District,Kolkata,Regular,13-09-2024,22-08-2024,BLK_KOL_052,7,3661.39
KOL_CUST_000099,Baghbazar,North Kolkata,Kolkata,Regular,11-11-2023,27-10-2023,BLK_KOL_007,8,4216.71
KOL_CUST_000100,New Town,Salt Lake & New Town,Kolkata,Regular,12-02-2023,22-01-2023,BLK_KOL_031,11,4951.05
KOL_CUST_000101,Esplanade,Central Kolkata,Kolkata,Premium,19-06-2023,30-05-2023,BLK_KOL_012,12,6521.81
KOL_CUST_000102,Rajarhat,Salt Lake & New Town,Kolkata,Regular,09-10-2023,20-09-2023,BLK_KOL_035,13,4845.32
KOL_CUST_000103,Baghbazar,North Kolkata,Kolkata,Regular,27-06-2023,19-06-2023,BLK_KOL_009,4,1694.87
KOL_CUST_000104,B.B.D. Bagh,Central Kolkata,Kolkata,Premium,12-01-2023,26-12-2022,BLK_KOL_017,13,6645.78
KOL_CUST_000105,Rajarhat,Salt Lake & New Town,Kolkata,Regular,06-01-2023,29-12-2022,BLK_KOL_034,13,5483.99
KOL_CUST_000106,Tollygunge,South Kolkata,Kolkata,Premium,28-01-2023,03-01-2023,BLK_KOL_027,11,6113.9
KOL_CUST_000107,B.B.D. Bagh,Central Kolkata,Kolkata,Regular,09-09-2024,21-08-2024,BLK_KOL_017,18,9661.56
KOL_CUST_000108,Behala,East Kolkata,Kolkata,Regular,16-10-2024,26-09-2024,BLK_KOL_044,8,3912.83
KOL_CUST_000109,New Town,Salt Lake & New Town,Kolkata,Regular,29-10-2023,08-10-2023,BLK_KOL_031,9,3512.92
KOL_CUST_000110,Tollygunge,South Kolkata,Kolkata,Regular,05-06-2023,26-05-2023,BLK_KOL_026,12,5324.72
KOL_CUST_000111,Ultadanga,North Kolkata,Kolkata,Premium,09-07-2023,11-06-2023,BLK_KOL_006,10,6944.87
KOL_CUST_000112,Baghbazar,North Kolkata,Kolkata,Regular,16-09-2024,28-08-2024,BLK_KOL_008,5,1716.93
KOL_CUST_000113,Ultadanga,North Kolkata,Kolkata,Regular,13-02-2023,02-02-2023,BLK_KOL_004,11,7104.7
KOL_CUST_000114,Shibpur,Howrah District,Kolkata,Regular,01-11-2023,06-10-2023,BLK_KOL_050,11,8202.3
KOL_CUST_000115,New Town,Salt Lake & New Town,Kolkata,Regular,13-02-2024,07-02-2024,BLK_KOL_031,13,4966.9
KOL_CUST_000116,Behala,East Kolkata,Kolkata,Regular,25-09-2024,19-09-2024,BLK_KOL_045,17,7164.02
KOL_CUST_000117,Salt Lake,Salt Lake & New Town,Kolkata,Regular,12-06-2023,10-06-2023,BLK_KOL_030,11,3308.39
KOL_CUST_000118,New Town,Salt Lake & New Town,Kolkata,Regular,15-10-2023,02-10-2023,BLK_KOL_033,5,955.44
KOL_CUST_000119,Park Street,Central Kolkata,Kolkata,Regular,07-02-2023,08-01-2023,BLK_KOL_015,10,5854.06
KOL_CUST_000120,EM Bypass,East Kolkata,Kolkata,Regular,20-10-2023,07-10-2023,BLK_KOL_039,7,3204.24
KOL_CUST_000121,New Town,Salt Lake & New Town,Kolkata,Premium,26-09-2024,04-09-2024,BLK_KOL_032,11,5956.61
KOL_CUST_000122,Rajarhat,Salt Lake & New Town,Kolkata,Premium,27-06-2023,20-06-2023,BLK_KOL_036,9,4240.62
KOL_CUST_000123,Howrah,Howrah District,Kolkata,Premium,23-09-2023,13-09-2023,BLK_KOL_047,14,5108.75
KOL_CUST_000124,Esplanade,Central Kolkata,Kolkata,Regular,01-03-2023,31-01-2023,BLK_KOL_012,8,3097.55
KOL_CUST_000125,New Town,Salt Lake & New Town,Kolkata,Regular,08-03-2024,03-03-2024,BLK_KOL_031,6,2654.825
KOL_CUST_000126,B.B.D. Bagh,Central Kolkata,Kolkata,Regular,23-01-2024,01-01-2024,BLK_KOL_018,9,5269.19
KOL_CUST_000127,Behala,East Kolkata,Kolkata,Regular,17-08-2024,09-08-2024,BLK_KOL_045,5,2435.32
KOL_CUST_000128,Howrah,Howrah District,Kolkata,Regular,09-04-2024,21-03-2024,BLK_KOL_047,9,4949.4
KOL_CUST_000129,Behala,East Kolkata,Kolkata,Regular,14-07-2024,30-06-2024,BLK_KOL_043,10,5968.1
KOL_CUST_000130,Ballygunge,South Kolkata,Kolkata,New,11-03-2024,09-03-2024,BLK_KOL_021,13,8387.41
KOL_CUST_000131,Rajarhat,Salt Lake & New Town,Kolkata,Regular,11-10-2023,24-09-2023,BLK_KOL_034,7,1971.35
KOL_CUST_000132,Salt Lake,Salt Lake & New Town,Kolkata,Regular,11-09-2023,13-08-2023,BLK_KOL_028,19,8860.99
KOL_CUST_000133,Kasba,East Kolkata,Kolkata,Regular,11-08-2023,13-07-2023,BLK_KOL_040,15,6709.96
KOL_CUST_000134,Shyambazar,North Kolkata,Kolkata,Regular,14-05-2023,06-05-2023,BLK_KOL_002,10,5704.545
KOL_CUST_000135,Baghbazar,North Kolkata,Kolkata,Regular,18-11-2023,14-11-2023,BLK_KOL_008,9,5807.1
KOL_CUST_000136,New Town,Salt Lake & New Town,Kolkata,Premium,11-03-2024,10-02-2024,BLK_KOL_031,5,2270.14
KOL_CUST_000137,Park Street,Central Kolkata,Kolkata,Regular,28-08-2024,27-08-2024,BLK_KOL_015,12,6069.16
KOL_CUST_000138,Shyambazar,North Kolkata,Kolkata,Regular,17-09-2023,24-08-2023,BLK_KOL_001,5,3333.68
KOL_CUST_000139,Kasba,East Kolkata,Kolkata,Regular,08-07-2023,04-07-2023,BLK_KOL_042,7,3287.05
KOL_CUST_000140,Kasba,East Kolkata,Kolkata,Premium,22-08-2024,26-07-2024,BLK_KOL_040,8,5984.775
KOL_CUST_000141,Santragachi,Howrah District,Kolkata,Regular,14-03-2023,19-02-2023,BLK_KOL_053,8,2907.23
KOL_CUST_000142,Kasba,East Kolkata,Kolkata,Regular,05-06-2023,22-05-2023,BLK_KOL_040,3,2594.67
KOL_CUST_000143,Baghbazar,North Kolkata,Kolkata,Premium,01-06-2023,15-05-2023,BLK_KOL_008,12,5095.88
KOL_CUST_000144,Shibpur,Howrah District,Kolkata,New,17-05-2023,15-05-2023,BLK_KOL_049,11,6198.5
KOL_CUST_000145,Rajarhat,Salt Lake & New Town,Kolkata,Regular,24-11-2023,21-11-2023,BLK_KOL_034,10,4678.51
KOL_CUST_000146,Esplanade,Central Kolkata,Kolkata,Premium,19-06-2024,07-06-2024,BLK_KOL_011,13,4000.72
KOL_CUST_000147,B.B.D. Bagh,Central Kolkata,Kolkata,New,25-08-2024,09-08-2024,BLK_KOL_016,15,8581.15
KOL_CUST_000148,Park Street,Central Kolkata,Kolkata,Premium,12-04-2023,05-04-2023,BLK_KOL_013,9,3429.995
KOL_CUST_000149,Ballygunge,South Kolkata,Kolkata,New,10-06-2024,24-05-2024,BLK_KOL_020,8,4588.29
KOL_CUST_000150,Santragachi,Howrah District,Kolkata,Regular,14-11-2023,07-11-2023,BLK_KOL_052,4,739.32
KOL_CUST_000151,Ultadanga,North Kolkata,Kolkata,Regular,18-06-2024,23-05-2024,BLK_KOL_005,8,3828.29
KOL_CUST_000152,EM Bypass,East Kolkata,Kolkata,Regular,16-07-2024,10-07-2024,BLK_KOL_038,5,3240.01
KOL_CUST_000153,Howrah,Howrah District,Kolkata,Regular,12-03-2023,09-03-2023,BLK_KOL_048,13,6222.22
KOL_CUST_000154,Baghbazar,North Kolkata,Kolkata,Regular,01-09-2023,21-08-2023,BLK_KOL_007,13,4473.265
KOL_CUST_000155,New Town,Salt Lake & New Town,Kolkata,Regular,05-06-2024,13-05-2024,BLK_KOL_033,14,8206.555
KOL_CUST_000156,Behala,East Kolkata,Kolkata,Regular,11-11-2023,12-10-2023,BLK_KOL_043,6,1761.11
KOL_CUST_000157,Kasba,East Kolkata,Kolkata,Premium,03-11-2023,13-10-2023,BLK_KOL_040,15,10521.58
KOL_CUST_000158,Shibpur,Howrah District,Kolkata,New,22-03-2024,17-03-2024,BLK_KOL_051,15,7423.02
KOL_CUST_000159,Behala,East Kolkata,Kolkata,Regular,29-10-2023,08-10-2023,BLK_KOL_045,7,4576.11
KOL_CUST_000160,EM Bypass,East Kolkata,Kolkata,Regular,17-01-2024,26-12-2023,BLK_KOL_039,10,5204.37
KOL_CUST_000161,Rajarhat,Salt Lake & New Town,Kolkata,Regular,24-10-2023,07-10-2023,BLK_KOL_034,9,4572.155
KOL_CUST_000162,New Town,Salt Lake & New Town,Kolkata,New,07-05-2024,06-05-2024,BLK_KOL_032,9,2916.86
KOL_CUST_000163,Howrah,Howrah District,Kolkata,Premium,18-02-2023,24-01-2023,BLK_KOL_047,14,5457.22
KOL_CUST_000164,Behala,East Kolkata,Kolkata,Regular,23-01-2023,24-12-2022,BLK_KOL_044,9,3975.11
KOL_CUST_000165,Ballygunge,South Kolkata,Kolkata,Regular,26-10-2023,27-09-2023,BLK_KOL_020,5,2599.15
KOL_CUST_000166,Baghbazar,North Kolkata,Kolkata,Regular,12-06-2024,20-05-2024,BLK_KOL_007,6,1940.19
KOL_CUST_000167,Santragachi,Howrah District,Kolkata,New,02-07-2023,09-06-2023,BLK_KOL_052,7,3689.02
KOL_CUST_000168,B.B.D. Bagh,Central Kolkata,Kolkata,Regular,17-09-2024,10-09-2024,BLK_KOL_018,14,7157.26
KOL_CUST_000169,Gariahat,South Kolkata,Kolkata,Regular,14-01-2024,26-12-2023,BLK_KOL_023,7,3959.22
KOL_CUST_000170,Santragachi,Howrah District,Kolkata,Premium,19-10-2023,06-10-2023,BLK_KOL_052,11,5855.62
KOL_CUST_000171,Howrah,Howrah District,Kolkata,Regular,07-05-2023,04-05-2023,BLK_KOL_048,13,5697.79
KOL_CUST_000172,New Town,Salt Lake & New Town,Kolkata,Regular,18-08-2024,01-08-2024,BLK_KOL_033,7,2382.83
KOL_CUST_000173,Santragachi,Howrah District,Kolkata,Regular,03-04-2024,29-03-2024,BLK_KOL_053,10,5588.53
KOL_CUST_000174,Ultadanga,North Kolkata,Kolkata,Premium,22-09-2024,16-09-2024,BLK_KOL_006,7,2342.4
KOL_CUST_000175,Gariahat,South Kolkata,Kolkata,New,12-03-2023,12-02-2023,BLK_KOL_022,4,1025.08
KOL_CUST_000176,Ballygunge,South Kolkata,Kolkata,Regular,09-10-2024,18-09-2024,BLK_KOL_019,7,3446.76
KOL_CUST_000177,Santragachi,Howrah District,Kolkata,Premium,08-01-2023,20-12-2022,BLK_KOL_052,8,2703.59
KOL_CUST_000178,New Town,Salt Lake & New Town,Kolkata,Premium,15-10-2024,17-09-2024,BLK_KOL_032,9,3577.56
KOL_CUST_000179,Ultadanga,North Kolkata,Kolkata,Regular,22-10-2024,15-10-2024,BLK_KOL_006,10,3968.69
KOL_CUST_000180,Kasba,East Kolkata,Kolkata,Regular,16-01-2024,26-12-2023,BLK_KOL_042,7,2705.07
KOL_CUST_000181,Salt Lake,Salt Lake & New Town,Kolkata,Regular,09-05-2023,06-05-2023,BLK_KOL_030,8,1432.1
KOL_CUST_000182,B.B.D. Bagh,Central Kolkata,Kolkata,Regular,30-03-2023,19-03-2023,BLK_KOL_017,9,2481.07
KOL_CUST_000183,New Town,Salt Lake & New Town,Kolkata,Regular,12-06-2024,15-05-2024,BLK_KOL_033,6,2522.86
KOL_CUST_000184,EM Bypass,East Kolkata,Kolkata,Regular,27-05-2023,23-05-2023,BLK_KOL_039,12,6230.855
KOL_CUST_000185,Behala,East Kolkata,Kolkata,Regular,16-04-2023,12-04-2023,BLK_KOL_044,4,1029.5
KOL_CUST_000186,EM Bypass,East Kolkata,Kolkata,Regular,02-08-2024,05-07-2024,BLK_KOL_039,12,6033.92
KOL_CUST_000187,New Town,Salt Lake & New Town,Kolkata,Premium,09-06-2024,03-06-2024,BLK_KOL_031,8,2759.57
KOL_CUST_000188,Shibpur,Howrah District,Kolkata,Regular,28-06-2023,25-06-2023,BLK_KOL_049,6,2282.22
KOL_CUST_000189,Shibpur,Howrah District,Kolkata,Regular,01-08-2023,20-07-2023,BLK_KOL_051,7,2504.33
KOL_CUST_000190,Salt Lake,Salt Lake & New Town,Kolkata,Regular,02-01-2023,23-12-2022,BLK_KOL_028,10,3940.39
KOL_CUST_000191,Esplanade,Central Kolkata,Kolkata,Regular,20-07-2023,25-06-2023,BLK_KOL_011,10,5663.7
KOL_CUST_000192,Ultadanga,North Kolkata,Kolkata,Regular,14-02-2023,02-02-2023,BLK_KOL_006,8,3480.03
KOL_CUST_000193,Baghbazar,North Kolkata,Kolkata,Regular,16-04-2023,07-04-2023,BLK_KOL_009,12,5656.82
KOL_CUST_000194,Esplanade,Central Kolkata,Kolkata,Regular,14-10-2023,18-09-2023,BLK_KOL_010,10,5127.89
KOL_CUST_000195,Santragachi,Howrah District,Kolkata,Premium,14-03-2024,26-02-2024,BLK_KOL_053,13,5557.88
KOL_CUST_000196,Ultadanga,North Kolkata,Kolkata,Regular,23-09-2023,28-08-2023,BLK_KOL_006,6,2157.94
KOL_CUST_000197,Behala,East Kolkata,Kolkata,Premium,14-03-2023,12-02-2023,BLK_KOL_043,6,3364.3
KOL_CUST_000198,B.B.D. Bagh,Central Kolkata,Kolkata,Regular,21-01-2023,11-01-2023,BLK_KOL_016,8,3296.31
KOL_CUST_000199,Shibpur,Howrah District,Kolkata,Regular,29-09-2024,10-09-2024,BLK_KOL_051,11,4213.775
KOL_CUST_000200,Shyambazar,North Kolkata,Kolkata,New,07-10-2023,18-09-2023,BLK_KOL_003,14,8137.81
KOL_CUST_000201,Shyambazar,North Kolkata,Kolkata,New,20-07-2023,24-06-2023,BLK_KOL_003,8,5209.46
KOL_CUST_000202,Gariahat,South Kolkata,Kolkata,Regular,25-10-2024,08-10-2024,BLK_KOL_024,7,3699.99
KOL_CUST_000203,EM Bypass,East Kolkata,Kolkata,Premium,31-07-2023,08-07-2023,BLK_KOL_039,13,5807.5
KOL_CUST_000204,Shyambazar,North Kolkata,Kolkata,Premium,02-05-2023,09-04-2023,BLK_KOL_002,6,1812.455
KOL_CUST_000205,Shibpur,Howrah District,Kolkata,New,29-08-2024,05-08-2024,BLK_KOL_050,7,4450.75
KOL_CUST_000206,Park Street,Central Kolkata,Kolkata,Regular,18-02-2023,27-01-2023,BLK_KOL_015,9,3369.97
KOL_CUST_000207,EM Bypass,East Kolkata,Kolkata,Regular,05-09-2023,18-08-2023,BLK_KOL_038,8,3864.2
KOL_CUST_000208,Rajarhat,Salt Lake & New Town,Kolkata,Regular,15-05-2024,08-05-2024,BLK_KOL_036,11,4771.09
KOL_CUST_000209,Tollygunge,South Kolkata,Kolkata,New,09-08-2023,30-07-2023,BLK_KOL_026,7,3361.76
KOL_CUST_000210,Ballygunge,South Kolkata,Kolkata,Regular,07-09-2024,26-08-2024,BLK_KOL_021,7,3589.51
KOL_CUST_000211,Tollygunge,South Kolkata,Kolkata,Regular,12-02-2023,30-01-2023,BLK_KOL_026,6,2198.64
KOL_CUST_000212,EM Bypass,East Kolkata,Kolkata,Regular,15-03-2024,05-03-2024,BLK_KOL_037,6,4888.27
KOL_CUST_000213,Baghbazar,North Kolkata,Kolkata,Regular,20-04-2023,27-03-2023,BLK_KOL_009,1,505.46
KOL_CUST_000214,Ballygunge,South Kolkata,Kolkata,New,18-05-2024,25-04-2024,BLK_KOL_021,10,4240.99
KOL_CUST_000215,Esplanade,Central Kolkata,Kolkata,Regular,27-10-2024,25-10-2024,BLK_KOL_010,8,3270.135
KOL_CUST_000216,Shibpur,Howrah District,Kolkata,Premium,05-08-2023,22-07-2023,BLK_KOL_049,7,3112.88
KOL_CUST_000217,Howrah,Howrah District,Kolkata,Premium,23-09-2023,05-09-2023,BLK_KOL_046,8,3035.78
KOL_CUST_000218,B.B.D. Bagh,Central Kolkata,Kolkata,Regular,03-04-2023,27-03-2023,BLK_KOL_016,13,5424.42
KOL_CUST_000219,Salt Lake,Salt Lake & New Town,Kolkata,Premium,06-01-2023,12-12-2022,BLK_KOL_028,8,3632.54
KOL_CUST_000220,Gariahat,South Kolkata,Kolkata,New,13-11-2023,07-11-2023,BLK_KOL_022,5,3655.03
KOL_CUST_000221,B.B.D. Bagh,Central Kolkata,Kolkata,New,19-01-2024,06-01-2024,BLK_KOL_017,9,3945.12
KOL_CUST_000222,B.B.D. Bagh,Central Kolkata,Kolkata,New,28-05-2024,27-05-2024,BLK_KOL_016,13,4839.79
KOL_CUST_000223,Esplanade,Central Kolkata,Kolkata,Regular,20-06-2024,30-05-2024,BLK_KOL_012,11,6607.18
KOL_CUST_000224,Howrah,Howrah District,Kolkata,New,09-03-2024,23-02-2024,BLK_KOL_047,10,2792.6
KOL_CUST_000225,Esplanade,Central Kolkata,Kolkata,Regular,12-04-2023,20-03-2023,BLK_KOL_010,10,4638.45
KOL_CUST_000226,New Town,Salt Lake & New Town,Kolkata,Regular,17-10-2024,10-10-2024,BLK_KOL_032,11,3321.01
KOL_CUST_000227,EM Bypass,East Kolkata,Kolkata,Regular,20-09-2024,07-09-2024,BLK_KOL_039,8,5090.93
KOL_CUST_000228,B.B.D. Bagh,Central Kolkata,Kolkata,Regular,01-09-2024,24-08-2024,BLK_KOL_018,13,5507.71
KOL_CUST_000229,EM Bypass,East Kolkata,Kolkata,New,19-07-2023,09-07-2023,BLK_KOL_039,9,4475.39
KOL_CUST_000230,Shyambazar,North Kolkata,Kolkata,Regular,01-06-2023,30-05-2023,BLK_KOL_003,11,5381.46
KOL_CUST_000231,Behala,East Kolkata,Kolkata,Regular,09-05-2023,09-04-2023,BLK_KOL_045,9,4356.89
KOL_CUST_000232,Salt Lake,Salt Lake & New Town,Kolkata,Regular,31-05-2024,23-05-2024,BLK_KOL_030,4,2357.15
KOL_CUST_000233,Park Street,Central Kolkata,Kolkata,Regular,14-04-2023,25-03-2023,BLK_KOL_015,6,2375.77
KOL_CUST_000234,Santragachi,Howrah District,Kolkata,Regular,02-10-2024,05-09-2024,BLK_KOL_054,12,4575.735
KOL_CUST_000235,Gariahat,South Kolkata,Kolkata,Regular,11-02-2024,25-01-2024,BLK_KOL_022,12,5601
KOL_CUST_000236,Baghbazar,North Kolkata,Kolkata,Premium,27-02-2024,09-02-2024,BLK_KOL_007,14,8909.09
KOL_CUST_000237,Ballygunge,South Kolkata,Kolkata,Premium,17-09-2023,20-08-2023,BLK_KOL_020,10,4836.59
KOL_CUST_000238,Esplanade,Central Kolkata,Kolkata,Regular,25-10-2024,26-09-2024,BLK_KOL_010,6,2549.92
KOL_CUST_000239,Ultadanga,North Kolkata,Kolkata,Regular,15-03-2023,24-02-2023,BLK_KOL_004,7,1836.67
KOL_CUST_000240,Behala,East Kolkata,Kolkata,Regular,06-06-2024,24-05-2024,BLK_KOL_044,8,2798.26
KOL_CUST_000241,Shyambazar,North Kolkata,Kolkata,Premium,23-10-2024,09-10-2024,BLK_KOL_003,7,4761.69
KOL_CUST_000242,Baghbazar,North Kolkata,Kolkata,New,02-11-2023,30-10-2023,BLK_KOL_009,9,5840.5
KOL_CUST_000243,Howrah,Howrah District,Kolkata,Premium,07-05-2023,02-05-2023,BLK_KOL_046,14,8093.36
KOL_CUST_000244,Kasba,East Kolkata,Kolkata,Regular,21-05-2023,21-04-2023,BLK_KOL_042,10,5850.79
KOL_CUST_000245,EM Bypass,East Kolkata,Kolkata,Premium,01-03-2023,01-02-2023,BLK_KOL_037,6,3899.81
KOL_CUST_000246,B.B.D. Bagh,Central Kolkata,Kolkata,Regular,20-07-2024,26-06-2024,BLK_KOL_018,5,3084.27
KOL_CUST_000247,Shyambazar,North Kolkata,Kolkata,Regular,01-06-2024,08-05-2024,BLK_KOL_001,17,8940.03
KOL_CUST_000248,Santragachi,Howrah District,Kolkata,Regular,07-08-2023,26-07-2023,BLK_KOL_052,9,3442.63
KOL_CUST_000249,Ballygunge,South Kolkata,Kolkata,Premium,27-02-2024,05-02-2024,BLK_KOL_019,11,4180.5
KOL_CUST_000250,Shyambazar,North Kolkata,Kolkata,Premium,29-10-2023,27-10-2023,BLK_KOL_002,13,5919.52
KOL_CUST_000251,Ultadanga,North Kolkata,Kolkata,Regular,10-11-2023,02-11-2023,BLK_KOL_006,8,3635.62
KOL_CUST_000252,Ultadanga,North Kolkata,Kolkata,Regular,07-07-2023,07-06-2023,BLK_KOL_005,7,3663.32
KOL_CUST_000253,New Town,Salt Lake & New Town,Kolkata,Regular,21-06-2023,23-05-2023,BLK_KOL_033,10,4469.35
KOL_CUST_000254,Shibpur,Howrah District,Kolkata,Regular,02-07-2023,14-06-2023,BLK_KOL_051,10,5373.2
KOL_CUST_000255,B.B.D. Bagh,Central Kolkata,Kolkata,Regular,06-08-2024,04-08-2024,BLK_KOL_017,18,10062.1
KOL_CUST_000256,EM Bypass,East Kolkata,Kolkata,Regular,12-06-2024,29-05-2024,BLK_KOL_039,11,3793.26
KOL_CUST_000257,EM Bypass,East Kolkata,Kolkata,Regular,02-03-2023,02-02-2023,BLK_KOL_037,6,2302.99
KOL_CUST_000258,Park Street,Central Kolkata,Kolkata,Regular,30-01-2024,16-01-2024,BLK_KOL_014,6,2929.33
KOL_CUST_000259,Park Street,Central Kolkata,Kolkata,Regular,25-07-2023,04-07-2023,BLK_KOL_014,6,2129.27
KOL_CUST_000260,Behala,East Kolkata,Kolkata,Regular,17-02-2024,21-01-2024,BLK_KOL_045,12,4250.9
KOL_CUST_000261,Tollygunge,South Kolkata,Kolkata,Regular,27-01-2023,30-12-2022,BLK_KOL_027,11,5232.675
KOL_CUST_000262,Santragachi,Howrah District,Kolkata,New,18-08-2023,07-08-2023,BLK_KOL_054,8,3390.93
KOL_CUST_000263,Shyambazar,North Kolkata,Kolkata,New,27-08-2023,23-08-2023,BLK_KOL_003,11,5830.93
KOL_CUST_000264,Howrah,Howrah District,Kolkata,Regular,14-04-2024,06-04-2024,BLK_KOL_047,11,4969.77
KOL_CUST_000265,Salt Lake,Salt Lake & New Town,Kolkata,Regular,04-03-2023,22-02-2023,BLK_KOL_029,13,4180.45
KOL_CUST_000266,Shibpur,Howrah District,Kolkata,Premium,26-08-2024,02-08-2024,BLK_KOL_049,9,6133.15
KOL_CUST_000267,New Town,Salt Lake & New Town,Kolkata,Regular,08-07-2024,06-07-2024,BLK_KOL_032,11,3132.74
KOL_CUST_000268,Gariahat,South Kolkata,Kolkata,Regular,09-01-2024,10-12-2023,BLK_KOL_022,13,8704.38
KOL_CUST_000269,Kasba,East Kolkata,Kolkata,Regular,24-08-2023,11-08-2023,BLK_KOL_040,6,1959.66
KOL_CUST_000270,Gariahat,South Kolkata,Kolkata,New,01-01-2023,21-12-2022,BLK_KOL_024,8,3664.95
KOL_CUST_000271,Howrah,Howrah District,Kolkata,Regular,08-09-2024,15-08-2024,BLK_KOL_047,13,6673.39
KOL_CUST_000272,B.B.D. Bagh,Central Kolkata,Kolkata,Regular,26-02-2023,27-01-2023,BLK_KOL_018,13,9006.86
KOL_CUST_000273,Ultadanga,North Kolkata,Kolkata,New,25-10-2023,03-10-2023,BLK_KOL_005,16,6063.835
KOL_CUST_000274,Shyambazar,North Kolkata,Kolkata,Regular,14-01-2023,22-12-2022,BLK_KOL_002,11,3344.13
KOL_CUST_000275,Ballygunge,South Kolkata,Kolkata,Premium,25-05-2023,04-05-2023,BLK_KOL_021,12,5812.625
KOL_CUST_000276,Howrah,Howrah District,Kolkata,Premium,09-01-2024,22-12-2023,BLK_KOL_047,7,3854.3
KOL_CUST_000277,Shyambazar,North Kolkata,Kolkata,Regular,15-07-2023,05-07-2023,BLK_KOL_001,5,3081.06
KOL_CUST_000278,Kasba,East Kolkata,Kolkata,Premium,01-04-2024,28-03-2024,BLK_KOL_041,11,5267.35
KOL_CUST_000279,Gariahat,South Kolkata,Kolkata,Regular,08-03-2023,24-02-2023,BLK_KOL_024,5,1575.27
KOL_CUST_000280,EM Bypass,East Kolkata,Kolkata,Regular,09-05-2023,01-05-2023,BLK_KOL_039,4,1255.07
KOL_CUST_000281,Gariahat,South Kolkata,Kolkata,Regular,22-10-2023,24-09-2023,BLK_KOL_023,13,8197.89
KOL_CUST_000282,Ultadanga,North Kolkata,Kolkata,Regular,22-05-2023,06-05-2023,BLK_KOL_006,6,2304.43
KOL_CUST_000283,Shyambazar,North Kolkata,Kolkata,Regular,12-02-2024,29-01-2024,BLK_KOL_001,5,2535.62
KOL_CUST_000284,New Town,Salt Lake & New Town,Kolkata,New,15-10-2023,15-09-2023,BLK_KOL_033,9,4460.6
KOL_CUST_000285,Ballygunge,South Kolkata,Kolkata,Regular,17-10-2024,15-10-2024,BLK_KOL_019,9,3932.78
KOL_CUST_000286,Tollygunge,South Kolkata,Kolkata,Regular,15-10-2024,09-10-2024,BLK_KOL_026,13,5661.39
KOL_CUST_000287,New Town,Salt Lake & New Town,Kolkata,Regular,18-08-2023,24-07-2023,BLK_KOL_033,3,2068.81
KOL_CUST_000288,EM Bypass,East Kolkata,Kolkata,Premium,02-06-2024,25-05-2024,BLK_KOL_039,8,4222.42
KOL_CUST_000289,EM Bypass,East Kolkata,Kolkata,Regular,03-10-2024,08-09-2024,BLK_KOL_037,11,5191.17
KOL_CUST_000290,Baghbazar,North Kolkata,Kolkata,Premium,08-06-2023,25-05-2023,BLK_KOL_007,12,5430.6
KOL_CUST_000291,Baghbazar,North Kolkata,Kolkata,New,22-01-2023,09-01-2023,BLK_KOL_009,9,3086.41
KOL_CUST_000292,New Town,Salt Lake & New Town,Kolkata,Regular,16-07-2023,01-07-2023,BLK_KOL_031,7,2909.87
KOL_CUST_000293,Rajarhat,Salt Lake & New Town,Kolkata,Regular,24-05-2023,02-05-2023,BLK_KOL_034,5,3487.38
KOL_CUST_000294,EM Bypass,East Kolkata,Kolkata,Regular,20-01-2023,12-01-2023,BLK_KOL_039,11,6262.73
KOL_CUST_000295,Baghbazar,North Kolkata,Kolkata,Regular,22-05-2023,01-05-2023,BLK_KOL_007,6,1888.08
KOL_CUST_000296,EM Bypass,East Kolkata,Kolkata,Premium,09-10-2023,29-09-2023,BLK_KOL_039,14,10482.72
KOL_CUST_000297,Tollygunge,South Kolkata,Kolkata,Premium,19-10-2023,04-10-2023,BLK_KOL_026,10,5244.44
KOL_CUST_000298,Shibpur,Howrah District,Kolkata,Premium,19-11-2023,01-11-2023,BLK_KOL_049,13,5314.51
KOL_CUST_000299,New Town,Salt Lake & New Town,Kolkata,Regular,07-01-2024,25-12-2023,BLK_KOL_033,12,5885.96
KOL_CUST_000300,Santragachi,Howrah District,Kolkata,Regular,04-05-2024,28-04-2024,BLK_KOL_052,10,7056.7
KOL_CUST_000301,B.B.D. Bagh,Central Kolkata,Kolkata,Regular,01-07-2023,26-06-2023,BLK_KOL_018,7,1997.5
KOL_CUST_000302,Kasba,East Kolkata,Kolkata,Regular,02-07-2023,29-06-2023,BLK_KOL_041,9,2670.03
KOL_CUST_000303,Gariahat,South Kolkata,Kolkata,Regular,10-09-2024,03-09-2024,BLK_KOL_023,8,6902.62
KOL_CUST_000304,Park Street,Central Kolkata,Kolkata,Regular,14-05-2023,24-04-2023,BLK_KOL_014,10,3650.02
KOL_CUST_000305,New Town,Salt Lake & New Town,Kolkata,Regular,26-04-2023,29-03-2023,BLK_KOL_032,4,687.01
KOL_CUST_000306,Park Street,Central Kolkata,Kolkata,New,28-01-2023,21-01-2023,BLK_KOL_015,7,3574.71
KOL_CUST_000307,B.B.D. Bagh,Central Kolkata,Kolkata,Regular,12-06-2024,20-05-2024,BLK_KOL_018,6,3282.73
KOL_CUST_000308,Gariahat,South Kolkata,Kolkata,Regular,12-07-2023,29-06-2023,BLK_KOL_023,9,4722.45
KOL_CUST_000309,Ballygunge,South Kolkata,Kolkata,Premium,26-02-2023,01-02-2023,BLK_KOL_019,5,2721.32
KOL_CUST_000310,Behala,East Kolkata,Kolkata,Regular,17-04-2024,07-04-2024,BLK_KOL_045,5,3863.85
KOL_CUST_000311,Baghbazar,North Kolkata,Kolkata,Regular,28-07-2024,23-07-2024,BLK_KOL_007,7,5094.46
KOL_CUST_000312,Gariahat,South Kolkata,Kolkata,Regular,15-09-2023,20-08-2023,BLK_KOL_023,8,4565.65
KOL_CUST_000313,Behala,East Kolkata,Kolkata,Regular,02-09-2024,15-08-2024,BLK_KOL_045,7,3611.35
KOL_CUST_000314,Kasba,East Kolkata,Kolkata,Regular,01-06-2023,06-05-2023,BLK_KOL_042,8,4789
KOL_CUST_000315,Baghbazar,North Kolkata,Kolkata,Regular,28-07-2023,16-07-2023,BLK_KOL_007,5,1380.37
KOL_CUST_000316,Ultadanga,North Kolkata,Kolkata,Regular,06-01-2023,24-12-2022,BLK_KOL_004,10,5902.84
KOL_CUST_000317,New Town,Salt Lake & New Town,Kolkata,Premium,08-08-2024,04-08-2024,BLK_KOL_032,8,3566.01
KOL_CUST_000318,Shibpur,Howrah District,Kolkata,Regular,12-10-2024,23-09-2024,BLK_KOL_049,7,2303.73
KOL_CUST_000319,Rajarhat,Salt Lake & New Town,Kolkata,Regular,04-02-2023,30-01-2023,BLK_KOL_036,13,4975.01
KOL_CUST_000320,Shyambazar,North Kolkata,Kolkata,Regular,04-07-2023,01-07-2023,BLK_KOL_003,4,1005.08
KOL_CUST_000321,Park Street,Central Kolkata,Kolkata,Regular,10-06-2023,03-06-2023,BLK_KOL_014,8,4469.52
KOL_CUST_000322,Rajarhat,Salt Lake & New Town,Kolkata,Regular,22-04-2023,07-04-2023,BLK_KOL_035,8,3310.73
KOL_CUST_000323,Salt Lake,Salt Lake & New Town,Kolkata,Premium,05-10-2023,24-09-2023,BLK_KOL_029,13,8490.3
KOL_CUST_000324,B.B.D. Bagh,Central Kolkata,Kolkata,Regular,04-05-2024,16-04-2024,BLK_KOL_018,16,5967.3
KOL_CUST_000325,Santragachi,Howrah District,Kolkata,Regular,10-04-2023,28-03-2023,BLK_KOL_054,12,5843.59
KOL_CUST_000326,B.B.D. Bagh,Central Kolkata,Kolkata,Regular,09-08-2024,16-07-2024,BLK_KOL_017,7,3726.8
KOL_CUST_000327,Ballygunge,South Kolkata,Kolkata,Regular,27-04-2023,04-04-2023,BLK_KOL_019,11,5608.43
KOL_CUST_000328,Tollygunge,South Kolkata,Kolkata,Regular,02-02-2024,07-01-2024,BLK_KOL_027,10,5010.83
KOL_CUST_000329,B.B.D. Bagh,Central Kolkata,Kolkata,Regular,24-08-2023,15-08-2023,BLK_KOL_016,10,4802.9
KOL_CUST_000330,Howrah,Howrah District,Kolkata,Regular,09-01-2023,27-12-2022,BLK_KOL_046,14,7439.98
KOL_CUST_000331,Esplanade,Central Kolkata,Kolkata,Regular,12-04-2023,16-03-2023,BLK_KOL_012,13,6633.8
KOL_CUST_000332,Salt Lake,Salt Lake & New Town,Kolkata,Regular,13-02-2024,02-02-2024,BLK_KOL_029,5,1748.25
KOL_CUST_000333,Salt Lake,Salt Lake & New Town,Kolkata,Regular,25-05-2023,08-05-2023,BLK_KOL_029,10,2908.99
KOL_CUST_000334,Park Street,Central Kolkata,Kolkata,Premium,30-04-2023,09-04-2023,BLK_KOL_014,8,2423.51
KOL_CUST_000335,B.B.D. Bagh,Central Kolkata,Kolkata,Regular,27-03-2023,21-03-2023,BLK_KOL_018,7,2989.17
KOL_CUST_000336,Behala,East Kolkata,Kolkata,New,02-07-2024,16-06-2024,BLK_KOL_044,13,5098.25
KOL_CUST_000337,EM Bypass,East Kolkata,Kolkata,Regular,15-09-2024,01-09-2024,BLK_KOL_037,9,3793.66
KOL_CUST_000338,Kasba,East Kolkata,Kolkata,Regular,15-08-2024,12-08-2024,BLK_KOL_042,12,6109.86
KOL_CUST_000339,Gariahat,South Kolkata,Kolkata,Regular,15-07-2023,05-07-2023,BLK_KOL_023,12,4936.71
KOL_CUST_000340,Behala,East Kolkata,Kolkata,Regular,24-03-2023,20-03-2023,BLK_KOL_044,7,2283.74
KOL_CUST_000341,Tollygunge,South Kolkata,Kolkata,Regular,06-07-2024,11-06-2024,BLK_KOL_026,9,3487.02
KOL_CUST_000342,Behala,East Kolkata,Kolkata,Premium,29-04-2023,02-04-2023,BLK_KOL_043,11,5472.66
KOL_CUST_000343,Gariahat,South Kolkata,Kolkata,Regular,16-11-2023,04-11-2023,BLK_KOL_023,11,4832.655
KOL_CUST_000344,Baghbazar,North Kolkata,Kolkata,Regular,03-10-2023,25-09-2023,BLK_KOL_009,8,4435.05
KOL_CUST_000345,Rajarhat,Salt Lake & New Town,Kolkata,Premium,07-08-2024,02-08-2024,BLK_KOL_034,12,6474.99
KOL_CUST_000346,Ballygunge,South Kolkata,Kolkata,Regular,18-10-2024,09-10-2024,BLK_KOL_019,11,5639.91
KOL_CUST_000347,B.B.D. Bagh,Central Kolkata,Kolkata,Regular,06-07-2023,27-06-2023,BLK_KOL_017,7,4548.15
KOL_CUST_000348,Shibpur,Howrah District,Kolkata,Premium,18-02-2024,24-01-2024,BLK_KOL_049,12,7943.4
KOL_CUST_000349,Ultadanga,North Kolkata,Kolkata,Regular,05-03-2024,29-02-2024,BLK_KOL_006,2,838.08
KOL_CUST_000350,New Town,Salt Lake & New Town,Kolkata,Regular,20-07-2024,01-07-2024,BLK_KOL_032,10,4350.66
KOL_CUST_000351,Kasba,East Kolkata,Kolkata,Regular,25-10-2023,26-09-2023,BLK_KOL_041,9,5857.46
KOL_CUST_000352,EM Bypass,East Kolkata,Kolkata,Regular,13-07-2023,14-06-2023,BLK_KOL_038,7,3119.54
KOL_CUST_000353,Howrah,Howrah District,Kolkata,New,01-12-2023,03-11-2023,BLK_KOL_047,10,4121.535
KOL_CUST_000354,Behala,East Kolkata,Kolkata,New,02-07-2024,06-06-2024,BLK_KOL_043,8,6011.6
KOL_CUST_000355,Ballygunge,South Kolkata,Kolkata,Regular,18-04-2024,07-04-2024,BLK_KOL_019,10,3987.63
KOL_CUST_000356,New Town,Salt Lake & New Town,Kolkata,Regular,27-09-2023,11-09-2023,BLK_KOL_031,7,2726.93
KOL_CUST_000357,Ultadanga,North Kolkata,Kolkata,Regular,16-01-2023,01-01-2023,BLK_KOL_005,20,7893.87
KOL_CUST_000358,B.B.D. Bagh,Central Kolkata,Kolkata,New,02-12-2023,18-11-2023,BLK_KOL_017,12,4026.38
KOL_CUST_000359,Park Street,Central Kolkata,Kolkata,Premium,03-06-2024,04-05-2024,BLK_KOL_014,9,4359.72
KOL_CUST_000360,Baghbazar,North Kolkata,Kolkata,Premium,08-05-2024,16-04-2024,BLK_KOL_009,6,2974.48
KOL_CUST_000361,B.B.D. Bagh,Central Kolkata,Kolkata,Regular,16-01-2023,24-12-2022,BLK_KOL_018,12,6465.49
KOL_CUST_000362,Kasba,East Kolkata,Kolkata,Premium,18-02-2024,02-02-2024,BLK_KOL_040,9,4570.77
KOL_CUST_000363,Gariahat,South Kolkata,Kolkata,Premium,19-04-2023,27-03-2023,BLK_KOL_023,5,3226.95
KOL_CUST_000364,Esplanade,Central Kolkata,Kolkata,Regular,04-08-2024,19-07-2024,BLK_KOL_012,12,5269.06
KOL_CUST_000365,EM Bypass,East Kolkata,Kolkata,Premium,11-10-2023,29-09-2023,BLK_KOL_039,14,8183.71
KOL_CUST_000366,Park Street,Central Kolkata,Kolkata,Regular,25-09-2023,03-09-2023,BLK_KOL_015,9,2873.59
KOL_CUST_000367,Shibpur,Howrah District,Kolkata,Regular,24-01-2023,09-01-2023,BLK_KOL_051,9,4993.92
KOL_CUST_000368,Ballygunge,South Kolkata,Kolkata,New,18-03-2024,27-02-2024,BLK_KOL_019,8,5689.2
KOL_CUST_000369,Ballygunge,South Kolkata,Kolkata,Premium,12-10-2023,08-10-2023,BLK_KOL_020,11,5843.91
KOL_CUST_000370,EM Bypass,East Kolkata,Kolkata,Regular,27-04-2023,22-04-2023,BLK_KOL_039,10,3853.92
KOL_CUST_000371,Baghbazar,North Kolkata,Kolkata,Regular,29-01-2023,09-01-2023,BLK_KOL_007,7,1835.34
KOL_CUST_000372,Shyambazar,North Kolkata,Kolkata,Regular,03-06-2024,14-05-2024,BLK_KOL_002,7,6377.61
KOL_CUST_000373,EM Bypass,East Kolkata,Kolkata,Regular,05-11-2023,10-10-2023,BLK_KOL_037,9,5840.665
KOL_CUST_000374,Howrah,Howrah District,Kolkata,Regular,01-08-2023,12-07-2023,BLK_KOL_047,13,4807.86
KOL_CUST_000375,Shyambazar,North Kolkata,Kolkata,Premium,11-06-2024,14-05-2024,BLK_KOL_002,4,2600.83
KOL_CUST_000376,Kasba,East Kolkata,Kolkata,Regular,05-09-2023,11-08-2023,BLK_KOL_042,6,1905.42
KOL_CUST_000377,Baghbazar,North Kolkata,Kolkata,Premium,14-08-2023,12-08-2023,BLK_KOL_007,5,3311.92
KOL_CUST_000378,EM Bypass,East Kolkata,Kolkata,Regular,15-01-2023,21-12-2022,BLK_KOL_038,7,4175.76
KOL_CUST_000379,EM Bypass,East Kolkata,Kolkata,Regular,03-03-2023,26-02-2023,BLK_KOL_039,10,5050
KOL_CUST_000380,Salt Lake,Salt Lake & New Town,Kolkata,New,20-08-2023,15-08-2023,BLK_KOL_030,4,2783.81
KOL_CUST_000381,EM Bypass,East Kolkata,Kolkata,Regular,04-01-2023,01-01-2023,BLK_KOL_037,8,4010.98
KOL_CUST_000382,Kasba,East Kolkata,Kolkata,Premium,02-05-2024,29-04-2024,BLK_KOL_042,6,2351.77
KOL_CUST_000383,Esplanade,Central Kolkata,Kolkata,Premium,25-01-2023,03-01-2023,BLK_KOL_010,6,2835.42
KOL_CUST_000384,B.B.D. Bagh,Central Kolkata,Kolkata,Regular,23-09-2023,17-09-2023,BLK_KOL_017,7,3497.42
KOL_CUST_000385,Rajarhat,Salt Lake & New Town,Kolkata,Premium,23-07-2023,18-07-2023,BLK_KOL_036,3,1200.45
KOL_CUST_000386,Tollygunge,South Kolkata,Kolkata,Regular,01-03-2024,29-02-2024,BLK_KOL_025,11,5108.87
KOL_CUST_000387,Kasba,East Kolkata,Kolkata,Regular,31-10-2023,12-10-2023,BLK_KOL_041,12,5923.51
KOL_CUST_000388,Howrah,Howrah District,Kolkata,Premium,01-06-2023,04-05-2023,BLK_KOL_047,11,6076.95
KOL_CUST_000389,Rajarhat,Salt Lake & New Town,Kolkata,New,11-10-2023,19-09-2023,BLK_KOL_035,7,3014.95
KOL_CUST_000390,Gariahat,South Kolkata,Kolkata,Premium,02-01-2024,05-12-2023,BLK_KOL_024,9,3534.29
KOL_CUST_000391,Ultadanga,North Kolkata,Kolkata,New,20-05-2023,14-05-2023,BLK_KOL_006,7,3694.22
KOL_CUST_000392,Ultadanga,North Kolkata,Kolkata,Regular,01-01-2023,21-12-2022,BLK_KOL_004,7,4517.66
KOL_CUST_000393,New Town,Salt Lake & New Town,Kolkata,Regular,24-10-2023,20-10-2023,BLK_KOL_032,12,4923.98
KOL_CUST_000394,Ultadanga,North Kolkata,Kolkata,New,13-03-2023,28-02-2023,BLK_KOL_006,7,2617.105
KOL_CUST_000395,Behala,East Kolkata,Kolkata,Regular,08-06-2024,21-05-2024,BLK_KOL_045,9,4703.99
KOL_CUST_000396,Rajarhat,Salt Lake & New Town,Kolkata,Regular,17-02-2023,24-01-2023,BLK_KOL_034,7,3164.76
KOL_CUST_000397,Behala,East Kolkata,Kolkata,New,25-03-2023,28-02-2023,BLK_KOL_045,13,3861.76
KOL_CUST_000398,Santragachi,Howrah District,Kolkata,Premium,05-05-2024,05-04-2024,BLK_KOL_053,6,3637.19
KOL_CUST_000399,Gariahat,South Kolkata,Kolkata,Regular,11-01-2023,13-12-2022,BLK_KOL_023,12,4230.75
KOL_CUST_000400,New Town,Salt Lake & New Town,Kolkata,Regular,24-05-2023,30-04-2023,BLK_KOL_033,3,2388.89
KOL_CUST_000401,Ballygunge,South Kolkata,Kolkata,Regular,03-08-2023,01-08-2023,BLK_KOL_019,12,7389.84
KOL_CUST_000402,Park Street,Central Kolkata,Kolkata,Premium,17-02-2024,09-02-2024,BLK_KOL_015,7,4603.36
KOL_CUST_000403,Shibpur,Howrah District,Kolkata,Regular,26-05-2023,02-05-2023,BLK_KOL_050,4,1923.56
KOL_CUST_000404,Esplanade,Central Kolkata,Kolkata,Regular,10-01-2023,07-01-2023,BLK_KOL_012,7,5008.82
KOL_CUST_000405,Ultadanga,North Kolkata,Kolkata,Regular,27-09-2023,18-09-2023,BLK_KOL_005,13,6602.96
KOL_CUST_000406,EM Bypass,East Kolkata,Kolkata,Regular,16-06-2024,07-06-2024,BLK_KOL_039,7,3190.44
KOL_CUST_000407,Ballygunge,South Kolkata,Kolkata,Premium,06-02-2023,02-02-2023,BLK_KOL_020,9,3347.17
KOL_CUST_000408,Behala,East Kolkata,Kolkata,Regular,02-10-2023,07-09-2023,BLK_KOL_044,7,2644.24
KOL_CUST_000409,Salt Lake,Salt Lake & New Town,Kolkata,Premium,02-10-2023,06-09-2023,BLK_KOL_028,8,2425.44
KOL_CUST_000410,Ultadanga,North Kolkata,Kolkata,Premium,18-06-2023,26-05-2023,BLK_KOL_004,13,5059.95
KOL_CUST_000411,Rajarhat,Salt Lake & New Town,Kolkata,Regular,07-11-2023,29-10-2023,BLK_KOL_035,13,8999.36
KOL_CUST_000412,B.B.D. Bagh,Central Kolkata,Kolkata,New,09-05-2023,21-04-2023,BLK_KOL_016,11,4096.66
KOL_CUST_000413,Gariahat,South Kolkata,Kolkata,Regular,11-10-2023,06-10-2023,BLK_KOL_022,9,3428.83
KOL_CUST_000414,Ultadanga,North Kolkata,Kolkata,Premium,23-04-2024,27-03-2024,BLK_KOL_004,7,3891.51
KOL_CUST_000415,Baghbazar,North Kolkata,Kolkata,New,23-07-2023,20-07-2023,BLK_KOL_009,12,5497.1
KOL_CUST_000416,Baghbazar,North Kolkata,Kolkata,Regular,06-01-2023,01-01-2023,BLK_KOL_007,11,3499.92
KOL_CUST_000417,New Town,Salt Lake & New Town,Kolkata,Premium,10-04-2023,11-03-2023,BLK_KOL_031,6,3277.77
KOL_CUST_000418,EM Bypass,East Kolkata,Kolkata,Regular,21-05-2023,15-05-2023,BLK_KOL_037,8,3917.54
KOL_CUST_000419,B.B.D. Bagh,Central Kolkata,Kolkata,New,18-04-2023,16-04-2023,BLK_KOL_016,9,6038.52
KOL_CUST_000420,Gariahat,South Kolkata,Kolkata,Regular,12-09-2024,25-08-2024,BLK_KOL_023,14,5359.85
KOL_CUST_000421,Baghbazar,North Kolkata,Kolkata,Regular,23-09-2023,02-09-2023,BLK_KOL_007,7,2639.31
KOL_CUST_000422,Shibpur,Howrah District,Kolkata,Regular,27-02-2023,14-02-2023,BLK_KOL_050,14,8648.39
KOL_CUST_000423,Rajarhat,Salt Lake & New Town,Kolkata,Regular,29-03-2023,10-03-2023,BLK_KOL_035,11,3981.64
KOL_CUST_000424,EM Bypass,East Kolkata,Kolkata,Regular,19-11-2023,11-11-2023,BLK_KOL_039,12,5781.28
KOL_CUST_000425,Tollygunge,South Kolkata,Kolkata,Regular,05-04-2023,11-03-2023,BLK_KOL_027,4,2664.07
KOL_CUST_000426,Gariahat,South Kolkata,Kolkata,Regular,21-02-2024,13-02-2024,BLK_KOL_023,8,3397.91
KOL_CUST_000427,Ultadanga,North Kolkata,Kolkata,Regular,22-04-2024,27-03-2024,BLK_KOL_006,13,4475.98
KOL_CUST_000428,B.B.D. Bagh,Central Kolkata,Kolkata,Regular,02-02-2023,09-01-2023,BLK_KOL_018,12,6404.16
KOL_CUST_000429,Shyambazar,North Kolkata,Kolkata,New,29-06-2024,10-06-2024,BLK_KOL_003,11,5469.74
KOL_CUST_000430,Ballygunge,South Kolkata,Kolkata,Regular,09-09-2024,03-09-2024,BLK_KOL_020,13,6049.19
KOL_CUST_000431,Baghbazar,North Kolkata,Kolkata,Regular,28-01-2023,11-01-2023,BLK_KOL_009,10,5880.12
KOL_CUST_000432,New Town,Salt Lake & New Town,Kolkata,Regular,13-04-2024,02-04-2024,BLK_KOL_031,14,5766.89
KOL_CUST_000433,New Town,Salt Lake & New Town,Kolkata,Regular,18-09-2023,19-08-2023,BLK_KOL_031,10,2893.695
KOL_CUST_000434,Esplanade,Central Kolkata,Kolkata,New,05-07-2024,23-06-2024,BLK_KOL_011,9,3784.77
KOL_CUST_000435,EM Bypass,East Kolkata,Kolkata,Regular,13-06-2023,08-06-2023,BLK_KOL_038,6,4231.4
KOL_CUST_000436,Kasba,East Kolkata,Kolkata,Regular,06-09-2024,31-08-2024,BLK_KOL_042,8,2460.13
KOL_CUST_000437,Santragachi,Howrah District,Kolkata,Regular,01-07-2024,12-06-2024,BLK_KOL_054,10,4346.43
KOL_CUST_000438,EM Bypass,East Kolkata,Kolkata,Premium,05-07-2023,11-06-2023,BLK_KOL_038,8,3754.87
KOL_CUST_000439,EM Bypass,East Kolkata,Kolkata,Premium,17-10-2024,27-09-2024,BLK_KOL_038,7,2168.48
KOL_CUST_000440,Gariahat,South Kolkata,Kolkata,New,23-02-2024,18-02-2024,BLK_KOL_024,5,2316.88
KOL_CUST_000441,Baghbazar,North Kolkata,Kolkata,Premium,22-06-2023,24-05-2023,BLK_KOL_009,11,5300.4
KOL_CUST_000442,New Town,Salt Lake & New Town,Kolkata,Regular,20-07-2023,27-06-2023,BLK_KOL_032,8,1647.055
KOL_CUST_000443,Tollygunge,South Kolkata,Kolkata,Premium,01-01-2024,17-12-2023,BLK_KOL_026,11,5597.65
KOL_CUST_000444,B.B.D. Bagh,Central Kolkata,Kolkata,New,09-09-2024,28-08-2024,BLK_KOL_018,10,5478.22
KOL_CUST_000445,Esplanade,Central Kolkata,Kolkata,Regular,22-10-2024,30-09-2024,BLK_KOL_011,10,3836.01
KOL_CUST_000446,Behala,East Kolkata,Kolkata,Regular,15-11-2023,04-11-2023,BLK_KOL_044,10,4059.32
KOL_CUST_000447,Esplanade,Central Kolkata,Kolkata,New,06-09-2023,31-08-2023,BLK_KOL_012,12,6149.88
KOL_CUST_000448,Santragachi,Howrah District,Kolkata,Regular,17-02-2024,28-01-2024,BLK_KOL_052,7,3153.74
KOL_CUST_000449,Shyambazar,North Kolkata,Kolkata,Premium,02-01-2023,04-12-2022,BLK_KOL_002,6,3048.8
KOL_CUST_000450,Ultadanga,North Kolkata,Kolkata,New,19-08-2023,05-08-2023,BLK_KOL_005,16,6053.825
KOL_CUST_000451,Santragachi,Howrah District,Kolkata,Regular,11-07-2023,07-07-2023,BLK_KOL_054,11,5053
KOL_CUST_000452,Santragachi,Howrah District,Kolkata,Premium,19-03-2024,18-03-2024,BLK_KOL_053,7,2381.33
KOL_CUST_000453,Salt Lake,Salt Lake & New Town,Kolkata,Premium,02-09-2024,01-09-2024,BLK_KOL_029,17,7034.46
KOL_CUST_000454,Salt Lake,Salt Lake & New Town,Kolkata,Regular,30-08-2024,20-08-2024,BLK_KOL_030,6,3264.88
KOL_CUST_000455,Howrah,Howrah District,Kolkata,Premium,20-07-2023,02-07-2023,BLK_KOL_048,12,6316.62
KOL_CUST_000456,Rajarhat,Salt Lake & New Town,Kolkata,Premium,08-07-2024,06-07-2024,BLK_KOL_035,12,4439.46
KOL_CUST_000457,Behala,East Kolkata,Kolkata,Regular,18-07-2023,13-07-2023,BLK_KOL_045,12,2859.67
KOL_CUST_000458,Esplanade,Central Kolkata,Kolkata,Regular,09-06-2023,26-05-2023,BLK_KOL_012,8,5110.18
KOL_CUST_000459,Gariahat,South Kolkata,Kolkata,Regular,18-05-2023,04-05-2023,BLK_KOL_023,6,4442.88
KOL_CUST_000460,Howrah,Howrah District,Kolkata,Regular,04-08-2023,01-08-2023,BLK_KOL_048,13,6461.39
KOL_CUST_000461,Ultadanga,North Kolkata,Kolkata,Regular,13-03-2023,19-02-2023,BLK_KOL_006,12,4789.91
KOL_CUST_000462,Park Street,Central Kolkata,Kolkata,Premium,17-04-2023,11-04-2023,BLK_KOL_015,8,4863.22
KOL_CUST_000463,Ballygunge,South Kolkata,Kolkata,Premium,30-04-2023,08-04-2023,BLK_KOL_019,7,2499.02
KOL_CUST_000464,Park Street,Central Kolkata,Kolkata,Regular,12-05-2024,18-04-2024,BLK_KOL_013,7,3625.36
KOL_CUST_000465,Baghbazar,North Kolkata,Kolkata,Regular,21-02-2023,10-02-2023,BLK_KOL_007,10,5133.52
KOL_CUST_000466,Shibpur,Howrah District,Kolkata,Regular,26-11-2023,06-11-2023,BLK_KOL_049,14,6812.54
KOL_CUST_000467,Kasba,East Kolkata,Kolkata,Premium,17-09-2023,29-08-2023,BLK_KOL_040,7,4633.08
KOL_CUST_000468,Esplanade,Central Kolkata,Kolkata,Regular,15-10-2024,19-09-2024,BLK_KOL_011,9,3207.62
KOL_CUST_000469,Santragachi,Howrah District,Kolkata,Regular,29-07-2024,08-07-2024,BLK_KOL_052,9,3628.79
KOL_CUST_000470,Howrah,Howrah District,Kolkata,Regular,14-07-2023,24-06-2023,BLK_KOL_048,13,7202.91
KOL_CUST_000471,EM Bypass,East Kolkata,Kolkata,Regular,16-06-2023,14-06-2023,BLK_KOL_039,5,2432.76
KOL_CUST_000472,Tollygunge,South Kolkata,Kolkata,Regular,11-01-2024,16-12-2023,BLK_KOL_027,11,6084.06
KOL_CUST_000473,Tollygunge,South Kolkata,Kolkata,New,20-02-2024,12-02-2024,BLK_KOL_026,19,8361.68
KOL_CUST_000474,Behala,East Kolkata,Kolkata,Regular,13-06-2024,30-05-2024,BLK_KOL_044,10,2772.13
KOL_CUST_000475,Baghbazar,North Kolkata,Kolkata,New,16-08-2023,02-08-2023,BLK_KOL_008,7,2961.09
KOL_CUST_000476,Shibpur,Howrah District,Kolkata,Regular,29-01-2024,23-01-2024,BLK_KOL_050,16,5555.2
KOL_CUST_000477,Shibpur,Howrah District,Kolkata,New,09-03-2023,08-03-2023,BLK_KOL_049,9,3378
KOL_CUST_000478,Ballygunge,South Kolkata,Kolkata,Premium,07-05-2024,05-05-2024,BLK_KOL_020,9,4444.07
KOL_CUST_000479,Ballygunge,South Kolkata,Kolkata,Regular,09-04-2023,19-03-2023,BLK_KOL_019,12,4779.79
KOL_CUST_000480,Shyambazar,North Kolkata,Kolkata,Regular,27-03-2023,21-03-2023,BLK_KOL_001,11,6408.36
KOL_CUST_000481,Howrah,Howrah District,Kolkata,Regular,06-06-2023,10-05-2023,BLK_KOL_046,9,5964.93
KOL_CUST_000482,Baghbazar,North Kolkata,Kolkata,Premium,19-05-2023,21-04-2023,BLK_KOL_007,11,7141.52
KOL_CUST_000483,Ballygunge,South Kolkata,Kolkata,Regular,25-04-2024,16-04-2024,BLK_KOL_020,10,5275.02
KOL_CUST_000484,Shibpur,Howrah District,Kolkata,Regular,28-11-2023,23-11-2023,BLK_KOL_050,11,4377.32
KOL_CUST_000485,Shyambazar,North Kolkata,Kolkata,Regular,25-01-2023,15-01-2023,BLK_KOL_001,8,3799.69
KOL_CUST_000486,Tollygunge,South Kolkata,Kolkata,New,24-05-2023,09-05-2023,BLK_KOL_027,9,3923.36
KOL_CUST_000487,Behala,East Kolkata,Kolkata,Regular,11-03-2023,26-02-2023,BLK_KOL_045,10,4274.47
KOL_CUST_000488,Shyambazar,North Kolkata,Kolkata,Regular,25-05-2023,05-05-2023,BLK_KOL_001,12,3534.94
KOL_CUST_000489,Salt Lake,Salt Lake & New Town,Kolkata,Premium,03-09-2024,25-08-2024,BLK_KOL_030,8,3697.2
KOL_CUST_000490,Tollygunge,South Kolkata,Kolkata,Regular,03-01-2023,29-12-2022,BLK_KOL_027,4,1191.82
KOL_CUST_000491,Gariahat,South Kolkata,Kolkata,Regular,25-07-2024,03-07-2024,BLK_KOL_023,10,4075.95
KOL_CUST_000492,Shyambazar,North Kolkata,Kolkata,Regular,31-05-2024,17-05-2024,BLK_KOL_003,7,4034.84
KOL_CUST_000493,Ultadanga,North Kolkata,Kolkata,Regular,13-02-2023,02-02-2023,BLK_KOL_004,5,2042.09
KOL_CUST_000494,Gariahat,South Kolkata,Kolkata,New,31-08-2024,09-08-2024,BLK_KOL_024,7,5235.44
KOL_CUST_000495,Salt Lake,Salt Lake & New Town,Kolkata,Premium,12-10-2024,08-10-2024,BLK_KOL_030,10,4561.28
KOL_CUST_000496,Tollygunge,South Kolkata,Kolkata,Regular,13-10-2024,07-10-2024,BLK_KOL_027,10,5423.5
KOL_CUST_000497,New Town,Salt Lake & New Town,Kolkata,Regular,23-04-2024,30-03-2024,BLK_KOL_033,10,6956.47
KOL_CUST_000498,Kasba,East Kolkata,Kolkata,Regular,18-06-2024,30-05-2024,BLK_KOL_042,10,3392.355
KOL_CUST_000499,Esplanade,Central Kolkata,Kolkata,Regular,12-01-2023,23-12-2022,BLK_KOL_012,9,2004.78
KOL_CUST_000500,Ballygunge,South Kolkata,Kolkata,Regular,21-05-2023,07-05-2023,BLK_KOL_019,13,4810.59
KOL_CUST_000501,Park Street,Central Kolkata,Kolkata,Regular,22-08-2023,03-08-2023,BLK_KOL_014,7,2752.58
KOL_CUST_000502,Behala,East Kolkata,Kolkata,Regular,01-09-2023,16-08-2023,BLK_KOL_044,9,4881.68
KOL_CUST_000503,B.B.D. Bagh,Central Kolkata,Kolkata,Premium,03-11-2023,25-10-2023,BLK_KOL_017,9,2500.355
KOL_CUST_000504,B.B.D. Bagh,Central Kolkata,Kolkata,Regular,12-09-2023,18-08-2023,BLK_KOL_017,9,4338.11
KOL_CUST_000505,Park Street,Central Kolkata,Kolkata,Regular,07-08-2024,22-07-2024,BLK_KOL_013,9,3785.62
KOL_CUST_000506,Ultadanga,North Kolkata,Kolkata,New,25-05-2023,26-04-2023,BLK_KOL_005,8,5539.07
KOL_CUST_000507,Shibpur,Howrah District,Kolkata,Regular,30-11-2023,22-11-2023,BLK_KOL_050,14,6082.55
KOL_CUST_000508,Rajarhat,Salt Lake & New Town,Kolkata,Regular,11-10-2023,22-09-2023,BLK_KOL_036,8,3395.77
KOL_CUST_000509,Baghbazar,North Kolkata,Kolkata,New,01-06-2024,17-05-2024,BLK_KOL_009,12,7147.7
KOL_CUST_000510,Shibpur,Howrah District,Kolkata,Regular,25-09-2023,27-08-2023,BLK_KOL_051,7,4530.92
KOL_CUST_000511,Ballygunge,South Kolkata,Kolkata,Premium,10-05-2023,02-05-2023,BLK_KOL_020,14,4986.765
KOL_CUST_000512,Park Street,Central Kolkata,Kolkata,Regular,21-11-2023,15-11-2023,BLK_KOL_015,10,3743.61
KOL_CUST_000513,Ultadanga,North Kolkata,Kolkata,Regular,09-01-2023,22-12-2022,BLK_KOL_006,13,8810.71
KOL_CUST_000514,Ultadanga,North Kolkata,Kolkata,Premium,11-01-2024,07-01-2024,BLK_KOL_006,12,6199
KOL_CUST_000515,EM Bypass,East Kolkata,Kolkata,Regular,26-07-2023,21-07-2023,BLK_KOL_039,8,2982.65
KOL_CUST_000516,Shyambazar,North Kolkata,Kolkata,Regular,12-10-2023,03-10-2023,BLK_KOL_002,15,6344.5
KOL_CUST_000517,Park Street,Central Kolkata,Kolkata,Regular,10-10-2023,20-09-2023,BLK_KOL_013,11,6018.09
KOL_CUST_000518,Esplanade,Central Kolkata,Kolkata,Premium,11-09-2024,04-09-2024,BLK_KOL_012,10,5505.57
KOL_CUST_000519,Shibpur,Howrah District,Kolkata,Regular,02-07-2024,22-06-2024,BLK_KOL_049,8,2050.48
KOL_CUST_000520,Santragachi,Howrah District,Kolkata,Regular,18-08-2023,02-08-2023,BLK_KOL_053,11,6957.79
KOL_CUST_000521,Shyambazar,North Kolkata,Kolkata,New,18-10-2023,21-09-2023,BLK_KOL_003,6,3545.68
KOL_CUST_000522,Howrah,Howrah District,Kolkata,Regular,17-10-2023,14-10-2023,BLK_KOL_047,11,4697.87
KOL_CUST_000523,Esplanade,Central Kolkata,Kolkata,Regular,28-04-2024,18-04-2024,BLK_KOL_012,5,1894.555
KOL_CUST_000524,Ultadanga,North Kolkata,Kolkata,New,04-09-2023,07-08-2023,BLK_KOL_004,13,6133.72
KOL_CUST_000525,New Town,Salt Lake & New Town,Kolkata,Premium,04-10-2023,09-09-2023,BLK_KOL_033,10,7972.84
KOL_CUST_000526,Shyambazar,North Kolkata,Kolkata,Regular,28-03-2024,28-02-2024,BLK_KOL_001,9,4314.34
KOL_CUST_000527,Tollygunge,South Kolkata,Kolkata,Regular,17-02-2024,06-02-2024,BLK_KOL_026,12,5342.84
KOL_CUST_000528,EM Bypass,East Kolkata,Kolkata,Regular,13-04-2023,31-03-2023,BLK_KOL_037,12,4260.47
KOL_CUST_000529,Howrah,Howrah District,Kolkata,Premium,26-03-2024,03-03-2024,BLK_KOL_048,12,7507.58
KOL_CUST_000530,B.B.D. Bagh,Central Kolkata,Kolkata,Regular,03-02-2023,15-01-2023,BLK_KOL_017,8,5209.73
KOL_CUST_000531,B.B.D. Bagh,Central Kolkata,Kolkata,Regular,02-07-2024,04-06-2024,BLK_KOL_018,12,8100.59
KOL_CUST_000532,Park Street,Central Kolkata,Kolkata,Premium,28-03-2023,14-03-2023,BLK_KOL_014,12,4834.3
KOL_CUST_000533,Baghbazar,North Kolkata,Kolkata,Premium,25-06-2023,28-05-2023,BLK_KOL_007,6,3312.8
KOL_CUST_000534,Gariahat,South Kolkata,Kolkata,Regular,22-06-2024,30-05-2024,BLK_KOL_022,10,4053.45
KOL_CUST_000535,Esplanade,Central Kolkata,Kolkata,Regular,28-07-2023,06-07-2023,BLK_KOL_010,8,3199.63
KOL_CUST_000536,EM Bypass,East Kolkata,Kolkata,New,20-02-2023,31-01-2023,BLK_KOL_037,15,5280.98
KOL_CUST_000537,B.B.D. Bagh,Central Kolkata,Kolkata,New,06-04-2023,09-03-2023,BLK_KOL_018,11,3490.44
KOL_CUST_000538,Howrah,Howrah District,Kolkata,New,16-06-2023,14-06-2023,BLK_KOL_046,5,3940
KOL_CUST_000539,Santragachi,Howrah District,Kolkata,Regular,25-07-2024,22-07-2024,BLK_KOL_052,8,6162.54
KOL_CUST_000540,Behala,East Kolkata,Kolkata,Regular,22-03-2023,18-03-2023,BLK_KOL_044,9,3089.38
KOL_CUST_000541,Shyambazar,North Kolkata,Kolkata,Premium,05-05-2023,17-04-2023,BLK_KOL_002,7,2998.93
KOL_CUST_000542,Baghbazar,North Kolkata,Kolkata,New,04-06-2024,17-05-2024,BLK_KOL_007,7,2739.63
KOL_CUST_000543,Behala,East Kolkata,Kolkata,Regular,05-07-2024,08-06-2024,BLK_KOL_044,13,6500.16
KOL_CUST_000544,Behala,East Kolkata,Kolkata,Regular,19-01-2023,27-12-2022,BLK_KOL_045,9,3060.08
KOL_CUST_000545,Behala,East Kolkata,Kolkata,Premium,11-08-2023,30-07-2023,BLK_KOL_043,4,2224.35
KOL_CUST_000546,Salt Lake,Salt Lake & New Town,Kolkata,Regular,25-05-2023,23-05-2023,BLK_KOL_029,13,5818.31
KOL_CUST_000547,Howrah,Howrah District,Kolkata,Premium,07-05-2023,17-04-2023,BLK_KOL_046,6,2346.34
KOL_CUST_000548,Esplanade,Central Kolkata,Kolkata,Regular,20-07-2024,23-06-2024,BLK_KOL_011,11,6474.83
KOL_CUST_000549,New Town,Salt Lake & New Town,Kolkata,Premium,04-05-2023,13-04-2023,BLK_KOL_033,8,2588.33
KOL_CUST_000550,Esplanade,Central Kolkata,Kolkata,Regular,18-08-2024,30-07-2024,BLK_KOL_012,6,2998.05
KOL_CUST_000551,Park Street,Central Kolkata,Kolkata,Regular,03-01-2024,01-01-2024,BLK_KOL_014,7,3293.1
KOL_CUST_000552,Kasba,East Kolkata,Kolkata,New,04-09-2024,10-08-2024,BLK_KOL_040,11,6675.49
KOL_CUST_000553,B.B.D. Bagh,Central Kolkata,Kolkata,Regular,29-03-2024,24-03-2024,BLK_KOL_016,9,3813.25
KOL_CUST_000554,New Town,Salt Lake & New Town,Kolkata,Regular,20-05-2023,30-04-2023,BLK_KOL_032,11,4990.81
KOL_CUST_000555,Gariahat,South Kolkata,Kolkata,New,10-06-2023,26-05-2023,BLK_KOL_024,10,4674.74
KOL_CUST_000556,Park Street,Central Kolkata,Kolkata,Regular,15-03-2023,20-02-2023,BLK_KOL_015,5,3055.38
KOL_CUST_000557,New Town,Salt Lake & New Town,Kolkata,Regular,10-10-2024,03-10-2024,BLK_KOL_033,5,813.3
KOL_CUST_000558,Salt Lake,Salt Lake & New Town,Kolkata,New,08-03-2024,16-02-2024,BLK_KOL_029,9,5093.08
KOL_CUST_000559,B.B.D. Bagh,Central Kolkata,Kolkata,Regular,10-01-2023,06-01-2023,BLK_KOL_018,15,7184.54
KOL_CUST_000560,Santragachi,Howrah District,Kolkata,New,13-02-2023,21-01-2023,BLK_KOL_052,6,2301.13
KOL_CUST_000561,Santragachi,Howrah District,Kolkata,Regular,30-04-2023,13-04-2023,BLK_KOL_054,10,4703.53
KOL_CUST_000562,EM Bypass,East Kolkata,Kolkata,Premium,04-11-2023,10-10-2023,BLK_KOL_039,3,1109.09
KOL_CUST_000563,Salt Lake,Salt Lake & New Town,Kolkata,Regular,15-03-2024,21-02-2024,BLK_KOL_028,11,5891.78
KOL_CUST_000564,Ballygunge,South Kolkata,Kolkata,Regular,17-01-2024,02-01-2024,BLK_KOL_020,4,2024.34
KOL_CUST_000565,Santragachi,Howrah District,Kolkata,Regular,14-10-2024,27-09-2024,BLK_KOL_052,7,2953.48
KOL_CUST_000566,Salt Lake,Salt Lake & New Town,Kolkata,New,25-01-2024,12-01-2024,BLK_KOL_028,7,4852.23
KOL_CUST_000567,New Town,Salt Lake & New Town,Kolkata,Premium,28-01-2024,19-01-2024,BLK_KOL_033,7,2976.27
KOL_CUST_000568,Behala,East Kolkata,Kolkata,Regular,07-07-2024,19-06-2024,BLK_KOL_044,10,6545.74
KOL_CUST_000569,Ballygunge,South Kolkata,Kolkata,Regular,09-04-2024,03-04-2024,BLK_KOL_021,10,2639.585
KOL_CUST_000570,Baghbazar,North Kolkata,Kolkata,Regular,05-09-2023,01-09-2023,BLK_KOL_008,8,2668.58
KOL_CUST_000571,Kasba,East Kolkata,Kolkata,Premium,20-07-2023,01-07-2023,BLK_KOL_042,11,6401.4
KOL_CUST_000572,Shyambazar,North Kolkata,Kolkata,Premium,14-09-2023,15-08-2023,BLK_KOL_003,10,5782.9
KOL_CUST_000573,Ultadanga,North Kolkata,Kolkata,Regular,03-06-2024,15-05-2024,BLK_KOL_006,11,3880.47
KOL_CUST_000574,Baghbazar,North Kolkata,Kolkata,Regular,11-06-2024,05-06-2024,BLK_KOL_009,9,4236.89
KOL_CUST_000575,Shibpur,Howrah District,Kolkata,Regular,27-02-2023,24-02-2023,BLK_KOL_049,10,4333.87
KOL_CUST_000576,Ballygunge,South Kolkata,Kolkata,Regular,18-06-2024,11-06-2024,BLK_KOL_021,12,5761.77
KOL_CUST_000577,Shibpur,Howrah District,Kolkata,Regular,18-02-2023,28-01-2023,BLK_KOL_050,17,6707.08
KOL_CUST_000578,Rajarhat,Salt Lake & New Town,Kolkata,Regular,08-01-2023,19-12-2022,BLK_KOL_035,14,5717.69
KOL_CUST_000579,Ultadanga,North Kolkata,Kolkata,Regular,13-06-2024,18-05-2024,BLK_KOL_005,11,6083.52
KOL_CUST_000580,EM Bypass,East Kolkata,Kolkata,Premium,11-07-2023,24-06-2023,BLK_KOL_039,10,4526.27
KOL_CUST_000581,Rajarhat,Salt Lake & New Town,Kolkata,Regular,17-03-2023,15-03-2023,BLK_KOL_034,8,3405.01
KOL_CUST_000582,Ballygunge,South Kolkata,Kolkata,New,21-10-2023,15-10-2023,BLK_KOL_019,12,6054.86
KOL_CUST_000583,Santragachi,Howrah District,Kolkata,Premium,16-01-2023,25-12-2022,BLK_KOL_052,6,1933.3
KOL_CUST_000584,Ballygunge,South Kolkata,Kolkata,Regular,05-08-2024,29-07-2024,BLK_KOL_019,9,4591.43
KOL_CUST_000585,Kasba,East Kolkata,Kolkata,Regular,06-02-2024,01-02-2024,BLK_KOL_042,10,4098.3
KOL_CUST_000586,New Town,Salt Lake & New Town,Kolkata,Premium,26-10-2023,30-09-2023,BLK_KOL_031,10,2895.33
KOL_CUST_000587,Baghbazar,North Kolkata,Kolkata,New,08-08-2023,25-07-2023,BLK_KOL_009,5,2127.27
KOL_CUST_000588,EM Bypass,East Kolkata,Kolkata,Regular,24-11-2023,20-11-2023,BLK_KOL_039,6,1247.01
KOL_CUST_000589,Baghbazar,North Kolkata,Kolkata,Premium,26-10-2024,28-09-2024,BLK_KOL_009,9,2696.44
KOL_CUST_000590,Shibpur,Howrah District,Kolkata,Regular,01-07-2023,21-06-2023,BLK_KOL_049,14,9653.69
KOL_CUST_000591,Behala,East Kolkata,Kolkata,Regular,17-11-2023,30-10-2023,BLK_KOL_045,12,4448.805
KOL_CUST_000592,EM Bypass,East Kolkata,Kolkata,Regular,06-10-2024,15-09-2024,BLK_KOL_039,8,3124.91
KOL_CUST_000593,Rajarhat,Salt Lake & New Town,Kolkata,Regular,06-01-2024,19-12-2023,BLK_KOL_036,6,1502.21
KOL_CUST_000594,Ultadanga,North Kolkata,Kolkata,Regular,31-01-2023,13-01-2023,BLK_KOL_004,9,3647.35
KOL_CUST_000595,Salt Lake,Salt Lake & New Town,Kolkata,Regular,09-06-2023,11-05-2023,BLK_KOL_028,4,2702.23
KOL_CUST_000596,Shibpur,Howrah District,Kolkata,Regular,30-08-2023,03-08-2023,BLK_KOL_051,11,3457.39
KOL_CUST_000597,Esplanade,Central Kolkata,Kolkata,New,15-02-2023,18-01-2023,BLK_KOL_012,8,6503.79
KOL_CUST_000598,Santragachi,Howrah District,Kolkata,Premium,24-02-2023,02-02-2023,BLK_KOL_053,13,5299.19
KOL_CUST_000599,Esplanade,Central Kolkata,Kolkata,Regular,08-02-2023,28-01-2023,BLK_KOL_010,9,4582.45
KOL_CUST_000600,Gariahat,South Kolkata,Kolkata,Premium,19-01-2023,12-01-2023,BLK_KOL_024,7,4320.73
KOL_CUST_000601,Behala,East Kolkata,Kolkata,Regular,29-06-2023,24-06-2023,BLK_KOL_045,7,3187.09
KOL_CUST_000602,Rajarhat,Salt Lake & New Town,Kolkata,Premium,07-08-2024,27-07-2024,BLK_KOL_034,13,4684.98
KOL_CUST_000603,Gariahat,South Kolkata,Kolkata,Regular,11-08-2024,30-07-2024,BLK_KOL_023,8,4072.88
KOL_CUST_000604,New Town,Salt Lake & New Town,Kolkata,Regular,24-08-2024,30-07-2024,BLK_KOL_032,12,5954.13
KOL_CUST_000605,Santragachi,Howrah District,Kolkata,Regular,06-01-2023,10-12-2022,BLK_KOL_052,9,3880.32
KOL_CUST_000606,Park Street,Central Kolkata,Kolkata,Regular,10-04-2024,12-03-2024,BLK_KOL_015,10,5218.97
KOL_CUST_000607,Baghbazar,North Kolkata,Kolkata,Regular,16-09-2024,20-08-2024,BLK_KOL_007,12,6436.69
KOL_CUST_000608,EM Bypass,East Kolkata,Kolkata,New,18-04-2024,31-03-2024,BLK_KOL_039,9,4504.86
KOL_CUST_000609,Santragachi,Howrah District,Kolkata,Regular,17-09-2023,09-09-2023,BLK_KOL_052,11,5237.07
KOL_CUST_000610,Salt Lake,Salt Lake & New Town,Kolkata,Regular,21-03-2023,08-03-2023,BLK_KOL_029,5,2432.49
KOL_CUST_000611,Shyambazar,North Kolkata,Kolkata,Regular,25-03-2024,20-03-2024,BLK_KOL_002,7,5042.19
KOL_CUST_000612,B.B.D. Bagh,Central Kolkata,Kolkata,Regular,16-02-2023,11-02-2023,BLK_KOL_017,11,5206.31
KOL_CUST_000613,Howrah,Howrah District,Kolkata,Regular,21-01-2024,05-01-2024,BLK_KOL_047,4,2012.19
KOL_CUST_000614,Tollygunge,South Kolkata,Kolkata,Regular,11-11-2023,25-10-2023,BLK_KOL_027,8,3513.44
KOL_CUST_000615,Rajarhat,Salt Lake & New Town,Kolkata,New,14-04-2023,12-04-2023,BLK_KOL_034,8,3199.42
KOL_CUST_000616,New Town,Salt Lake & New Town,Kolkata,Regular,11-03-2023,02-03-2023,BLK_KOL_032,7,5171.65
KOL_CUST_000617,Tollygunge,South Kolkata,Kolkata,Premium,14-02-2023,24-01-2023,BLK_KOL_027,8,4217.86
KOL_CUST_000618,Baghbazar,North Kolkata,Kolkata,New,24-05-2023,16-05-2023,BLK_KOL_007,9,7134.35
KOL_CUST_000619,Rajarhat,Salt Lake & New Town,Kolkata,Regular,25-06-2024,09-06-2024,BLK_KOL_036,11,6189.38
KOL_CUST_000620,Shyambazar,North Kolkata,Kolkata,Regular,22-09-2023,14-09-2023,BLK_KOL_002,11,4767.46
KOL_CUST_000621,Tollygunge,South Kolkata,Kolkata,Premium,29-08-2023,09-08-2023,BLK_KOL_025,13,8616.7
KOL_CUST_000622,Esplanade,Central Kolkata,Kolkata,Regular,31-07-2024,07-07-2024,BLK_KOL_011,8,2832.8
KOL_CUST_000623,Howrah,Howrah District,Kolkata,Premium,03-02-2023,07-01-2023,BLK_KOL_048,13,6936.02
KOL_CUST_000624,Gariahat,South Kolkata,Kolkata,Regular,12-02-2023,07-02-2023,BLK_KOL_022,12,6459.52
KOL_CUST_000625,Ultadanga,North Kolkata,Kolkata,Premium,16-03-2024,07-03-2024,BLK_KOL_006,8,5463.23
KOL_CUST_000626,Shibpur,Howrah District,Kolkata,Regular,15-10-2024,16-09-2024,BLK_KOL_050,13,5732.58
KOL_CUST_000627,Salt Lake,Salt Lake & New Town,Kolkata,Regular,20-04-2024,04-04-2024,BLK_KOL_030,12,5583.51
KOL_CUST_000628,B.B.D. Bagh,Central Kolkata,Kolkata,Regular,06-05-2023,10-04-2023,BLK_KOL_018,3,1327.22
KOL_CUST_000629,B.B.D. Bagh,Central Kolkata,Kolkata,Regular,18-09-2024,25-08-2024,BLK_KOL_017,15,4877.56
KOL_CUST_000630,Behala,East Kolkata,Kolkata,Regular,28-10-2023,15-10-2023,BLK_KOL_044,9,4298.36
KOL_CUST_000631,Shyambazar,North Kolkata,Kolkata,Regular,19-03-2023,20-02-2023,BLK_KOL_001,9,3137.14
KOL_CUST_000632,Esplanade,Central Kolkata,Kolkata,Regular,22-01-2023,24-12-2022,BLK_KOL_010,18,6562.71
KOL_CUST_000633,Shibpur,Howrah District,Kolkata,Regular,17-02-2024,12-02-2024,BLK_KOL_050,11,7703.97
KOL_CUST_000634,Santragachi,Howrah District,Kolkata,Regular,08-08-2024,27-07-2024,BLK_KOL_054,8,4652.87
KOL_CUST_000635,Shibpur,Howrah District,Kolkata,Regular,31-03-2023,18-03-2023,BLK_KOL_049,12,5139.41
KOL_CUST_000636,Esplanade,Central Kolkata,Kolkata,Regular,25-07-2023,17-07-2023,BLK_KOL_010,14,6715.83
KOL_CUST_000637,Baghbazar,North Kolkata,Kolkata,Regular,27-02-2023,20-02-2023,BLK_KOL_007,2,908.33
KOL_CUST_000638,Shyambazar,North Kolkata,Kolkata,Regular,03-10-2023,20-09-2023,BLK_KOL_002,8,5408.62
KOL_CUST_000639,New Town,Salt Lake & New Town,Kolkata,Premium,09-10-2023,18-09-2023,BLK_KOL_033,13,8394.955
KOL_CUST_000640,Tollygunge,South Kolkata,Kolkata,Regular,04-08-2024,15-07-2024,BLK_KOL_026,9,2698.55
KOL_CUST_000641,EM Bypass,East Kolkata,Kolkata,Regular,30-07-2024,12-07-2024,BLK_KOL_038,12,6228.27
KOL_CUST_000642,Rajarhat,Salt Lake & New Town,Kolkata,Regular,30-03-2023,20-03-2023,BLK_KOL_035,8,3690.7
KOL_CUST_000643,EM Bypass,East Kolkata,Kolkata,Regular,01-03-2024,15-02-2024,BLK_KOL_038,12,5607.25
KOL_CUST_000644,B.B.D. Bagh,Central Kolkata,Kolkata,Regular,17-03-2023,06-03-2023,BLK_KOL_016,12,6843.61
KOL_CUST_000645,Ultadanga,North Kolkata,Kolkata,Premium,11-01-2023,08-01-2023,BLK_KOL_006,11,7137.95
KOL_CUST_000646,Howrah,Howrah District,Kolkata,Premium,10-08-2024,01-08-2024,BLK_KOL_047,13,6530.03
KOL_CUST_000647,Baghbazar,North Kolkata,Kolkata,New,15-07-2024,02-07-2024,BLK_KOL_007,8,4337.05
KOL_CUST_000648,Shibpur,Howrah District,Kolkata,Premium,31-01-2023,06-01-2023,BLK_KOL_051,7,3194.69
KOL_CUST_000649,Howrah,Howrah District,Kolkata,New,21-08-2023,22-07-2023,BLK_KOL_047,11,5276.12
KOL_CUST_000650,Salt Lake,Salt Lake & New Town,Kolkata,Regular,30-01-2023,07-01-2023,BLK_KOL_028,6,2019.75
KOL_CUST_000651,B.B.D. Bagh,Central Kolkata,Kolkata,Regular,03-07-2024,02-07-2024,BLK_KOL_017,5,2308.35
KOL_CUST_000652,Baghbazar,North Kolkata,Kolkata,Regular,23-07-2024,10-07-2024,BLK_KOL_008,10,6148.91
KOL_CUST_000653,Ballygunge,South Kolkata,Kolkata,New,28-10-2023,10-10-2023,BLK_KOL_021,4,669.28
KOL_CUST_000654,Santragachi,Howrah District,Kolkata,Regular,27-06-2024,31-05-2024,BLK_KOL_052,13,5560.14
KOL_CUST_000655,Ballygunge,South Kolkata,Kolkata,Regular,10-05-2023,01-05-2023,BLK_KOL_021,19,8370.71
KOL_CUST_000656,Shibpur,Howrah District,Kolkata,Regular,26-10-2023,15-10-2023,BLK_KOL_050,11,5008.2
KOL_CUST_000657,Shibpur,Howrah District,Kolkata,Regular,02-10-2024,13-09-2024,BLK_KOL_050,11,5096.99
KOL_CUST_000658,Behala,East Kolkata,Kolkata,Regular,15-10-2024,07-10-2024,BLK_KOL_044,10,3715.95
KOL_CUST_000659,Behala,East Kolkata,Kolkata,New,27-10-2024,11-10-2024,BLK_KOL_045,11,4747.34
KOL_CUST_000660,Baghbazar,North Kolkata,Kolkata,Regular,12-08-2023,04-08-2023,BLK_KOL_007,8,3486.51
KOL_CUST_000661,Kasba,East Kolkata,Kolkata,Regular,21-09-2024,29-08-2024,BLK_KOL_042,3,1657
KOL_CUST_000662,Gariahat,South Kolkata,Kolkata,Regular,12-05-2023,15-04-2023,BLK_KOL_022,9,4715.45
KOL_CUST_000663,Santragachi,Howrah District,Kolkata,Regular,31-08-2024,24-08-2024,BLK_KOL_054,10,6912.2
KOL_CUST_000664,Tollygunge,South Kolkata,Kolkata,Regular,27-08-2023,20-08-2023,BLK_KOL_027,9,4898.01
KOL_CUST_000665,Gariahat,South Kolkata,Kolkata,Regular,15-04-2024,19-03-2024,BLK_KOL_023,15,5959.45
KOL_CUST_000666,Rajarhat,Salt Lake & New Town,Kolkata,Premium,09-10-2023,06-10-2023,BLK_KOL_036,6,3218.67
KOL_CUST_000667,Howrah,Howrah District,Kolkata,New,04-10-2024,06-09-2024,BLK_KOL_047,4,2461.77
KOL_CUST_000668,New Town,Salt Lake & New Town,Kolkata,New,11-02-2023,26-01-2023,BLK_KOL_032,6,2991.61
KOL_CUST_000669,Shibpur,Howrah District,Kolkata,Regular,11-08-2023,06-08-2023,BLK_KOL_049,7,1916.28
KOL_CUST_000670,Kasba,East Kolkata,Kolkata,Premium,01-03-2023,17-02-2023,BLK_KOL_042,12,8277.39
KOL_CUST_000671,B.B.D. Bagh,Central Kolkata,Kolkata,Regular,02-10-2023,17-09-2023,BLK_KOL_017,11,6713.14
KOL_CUST_000672,Shyambazar,North Kolkata,Kolkata,Regular,17-08-2023,13-08-2023,BLK_KOL_002,8,3003.94
KOL_CUST_000673,Tollygunge,South Kolkata,Kolkata,Regular,21-07-2023,05-07-2023,BLK_KOL_027,8,3211.62
KOL_CUST_000674,New Town,Salt Lake & New Town,Kolkata,Regular,22-03-2023,08-03-2023,BLK_KOL_032,9,4209.89
KOL_CUST_000675,Rajarhat,Salt Lake & New Town,Kolkata,Regular,11-05-2023,05-05-2023,BLK_KOL_034,6,2737.21
KOL_CUST_000676,Gariahat,South Kolkata,Kolkata,Regular,18-05-2024,30-04-2024,BLK_KOL_022,5,3173.96
KOL_CUST_000677,EM Bypass,East Kolkata,Kolkata,Regular,17-09-2023,16-09-2023,BLK_KOL_037,12,5415.67
KOL_CUST_000678,Howrah,Howrah District,Kolkata,Regular,14-01-2023,21-12-2022,BLK_KOL_047,10,5609.96
KOL_CUST_000679,Howrah,Howrah District,Kolkata,New,18-02-2023,16-02-2023,BLK_KOL_046,8,3238.05
KOL_CUST_000680,B.B.D. Bagh,Central Kolkata,Kolkata,Regular,25-07-2023,04-07-2023,BLK_KOL_016,6,1734.48
KOL_CUST_000681,New Town,Salt Lake & New Town,Kolkata,Regular,01-06-2023,02-05-2023,BLK_KOL_033,12,5842.84
KOL_CUST_000682,Rajarhat,Salt Lake & New Town,Kolkata,Regular,01-10-2023,09-09-2023,BLK_KOL_034,8,5627.47
KOL_CUST_000683,Ballygunge,South Kolkata,Kolkata,Regular,04-01-2023,29-12-2022,BLK_KOL_020,10,4600.14
KOL_CUST_000684,Salt Lake,Salt Lake & New Town,Kolkata,Regular,16-03-2023,20-02-2023,BLK_KOL_028,7,2438.41
KOL_CUST_000685,Baghbazar,North Kolkata,Kolkata,Regular,09-07-2023,04-07-2023,BLK_KOL_007,6,4121.61
KOL_CUST_000686,New Town,Salt Lake & New Town,Kolkata,Regular,23-01-2023,26-12-2022,BLK_KOL_033,11,6033.3
KOL_CUST_000687,Baghbazar,North Kolkata,Kolkata,Regular,08-08-2023,18-07-2023,BLK_KOL_009,9,2485.31
KOL_CUST_000688,Tollygunge,South Kolkata,Kolkata,Regular,21-07-2024,06-07-2024,BLK_KOL_025,14,7886.15
KOL_CUST_000689,Rajarhat,Salt Lake & New Town,Kolkata,New,23-09-2024,09-09-2024,BLK_KOL_036,16,4699.78
KOL_CUST_000690,Shyambazar,North Kolkata,Kolkata,Regular,04-08-2023,11-07-2023,BLK_KOL_001,8,5431.42
KOL_CUST_000691,Baghbazar,North Kolkata,Kolkata,Premium,13-05-2023,10-05-2023,BLK_KOL_009,6,2294.395
KOL_CUST_000692,Howrah,Howrah District,Kolkata,Regular,19-11-2023,02-11-2023,BLK_KOL_047,5,2644.05
KOL_CUST_000693,Baghbazar,North Kolkata,Kolkata,Premium,20-01-2023,30-12-2022,BLK_KOL_007,10,2803.77
KOL_CUST_000694,EM Bypass,East Kolkata,Kolkata,Regular,29-07-2023,14-07-2023,BLK_KOL_039,6,1817.885
KOL_CUST_000695,Park Street,Central Kolkata,Kolkata,Premium,06-09-2023,15-08-2023,BLK_KOL_014,5,2014.48
KOL_CUST_000696,New Town,Salt Lake & New Town,Kolkata,New,27-08-2024,09-08-2024,BLK_KOL_033,12,5612.17
KOL_CUST_000697,Santragachi,Howrah District,Kolkata,Premium,01-03-2023,09-02-2023,BLK_KOL_053,13,7491.53
KOL_CUST_000698,Kasba,East Kolkata,Kolkata,Regular,09-01-2023,10-12-2022,BLK_KOL_040,10,3872.93
KOL_CUST_000699,Santragachi,Howrah District,Kolkata,Regular,18-10-2023,06-10-2023,BLK_KOL_054,9,4431.39
KOL_CUST_000700,Park Street,Central Kolkata,Kolkata,Regular,02-12-2023,07-11-2023,BLK_KOL_014,6,2770.08
KOL_CUST_000701,Rajarhat,Salt Lake & New Town,Kolkata,Premium,04-03-2023,02-02-2023,BLK_KOL_034,5,3307.88
KOL_CUST_000702,Howrah,Howrah District,Kolkata,Regular,26-04-2023,06-04-2023,BLK_KOL_047,9,4609.06
KOL_CUST_000703,Shyambazar,North Kolkata,Kolkata,Regular,28-08-2023,10-08-2023,BLK_KOL_002,6,2871.86
KOL_CUST_000704,Gariahat,South Kolkata,Kolkata,Regular,06-01-2023,24-12-2022,BLK_KOL_023,14,5410.19
KOL_CUST_000705,Baghbazar,North Kolkata,Kolkata,Regular,02-08-2023,07-07-2023,BLK_KOL_008,6,3567.56
KOL_CUST_000706,Tollygunge,South Kolkata,Kolkata,Regular,05-03-2023,19-02-2023,BLK_KOL_025,7,3759.37
KOL_CUST_000707,Baghbazar,North Kolkata,Kolkata,Premium,07-07-2023,22-06-2023,BLK_KOL_008,3,817.94
KOL_CUST_000708,Tollygunge,South Kolkata,Kolkata,Premium,08-09-2024,07-09-2024,BLK_KOL_027,6,2547.24
KOL_CUST_000709,Santragachi,Howrah District,Kolkata,Regular,11-10-2023,06-10-2023,BLK_KOL_053,6,3572.23
KOL_CUST_000710,Shyambazar,North Kolkata,Kolkata,Premium,16-09-2023,09-09-2023,BLK_KOL_003,7,3325.17
KOL_CUST_000711,Salt Lake,Salt Lake & New Town,Kolkata,New,12-09-2024,28-08-2024,BLK_KOL_028,15,8058.06
KOL_CUST_000712,Ultadanga,North Kolkata,Kolkata,Premium,19-09-2023,25-08-2023,BLK_KOL_006,12,5754.61
KOL_CUST_000713,Santragachi,Howrah District,Kolkata,New,26-08-2023,17-08-2023,BLK_KOL_054,9,4078.22
KOL_CUST_000714,Shyambazar,North Kolkata,Kolkata,Regular,28-07-2023,13-07-2023,BLK_KOL_003,9,4292.93
KOL_CUST_000715,Ultadanga,North Kolkata,Kolkata,Regular,15-10-2023,08-10-2023,BLK_KOL_006,16,8238.24
KOL_CUST_000716,Salt Lake,Salt Lake & New Town,Kolkata,Regular,22-03-2024,20-03-2024,BLK_KOL_029,11,6344.19
KOL_CUST_000717,Santragachi,Howrah District,Kolkata,Regular,26-07-2023,16-07-2023,BLK_KOL_053,10,4085.21
KOL_CUST_000718,Ultadanga,North Kolkata,Kolkata,New,21-04-2024,13-04-2024,BLK_KOL_004,13,5963.91
KOL_CUST_000719,New Town,Salt Lake & New Town,Kolkata,Regular,14-07-2023,01-07-2023,BLK_KOL_032,11,5372.78
KOL_CUST_000720,Shyambazar,North Kolkata,Kolkata,Regular,24-10-2024,08-10-2024,BLK_KOL_003,6,3002.89
KOL_CUST_000721,Park Street,Central Kolkata,Kolkata,Regular,18-10-2023,02-10-2023,BLK_KOL_014,7,3256.19
KOL_CUST_000722,New Town,Salt Lake & New Town,Kolkata,Premium,31-01-2024,10-01-2024,BLK_KOL_032,9,3187.19
KOL_CUST_000723,Santragachi,Howrah District,Kolkata,Regular,05-03-2024,23-02-2024,BLK_KOL_052,6,2474.41
KOL_CUST_000724,Rajarhat,Salt Lake & New Town,Kolkata,Regular,12-08-2024,11-08-2024,BLK_KOL_034,11,4470.9
KOL_CUST_000725,Rajarhat,Salt Lake & New Town,Kolkata,New,08-05-2024,22-04-2024,BLK_KOL_036,9,3345.955
KOL_CUST_000726,Santragachi,Howrah District,Kolkata,Premium,27-03-2023,21-03-2023,BLK_KOL_053,8,3777.69
KOL_CUST_000727,New Town,Salt Lake & New Town,Kolkata,New,20-05-2024,30-04-2024,BLK_KOL_033,2,1131.53
KOL_CUST_000728,Santragachi,Howrah District,Kolkata,Premium,06-03-2023,24-02-2023,BLK_KOL_053,6,2609.04
KOL_CUST_000729,Santragachi,Howrah District,Kolkata,Regular,02-12-2023,15-11-2023,BLK_KOL_052,6,2756.67
KOL_CUST_000730,B.B.D. Bagh,Central Kolkata,Kolkata,Regular,05-07-2024,27-06-2024,BLK_KOL_017,5,1896.9
KOL_CUST_000731,Baghbazar,North Kolkata,Kolkata,Regular,02-10-2024,25-09-2024,BLK_KOL_008,12,5805.73
KOL_CUST_000732,Howrah,Howrah District,Kolkata,Regular,19-03-2024,08-03-2024,BLK_KOL_048,8,3525.32
KOL_CUST_000733,New Town,Salt Lake & New Town,Kolkata,Regular,10-03-2023,08-03-2023,BLK_KOL_033,14,7200.68
KOL_CUST_000734,Park Street,Central Kolkata,Kolkata,Regular,16-11-2023,31-10-2023,BLK_KOL_014,14,5206.9
KOL_CUST_000735,Ultadanga,North Kolkata,Kolkata,Regular,18-05-2023,01-05-2023,BLK_KOL_004,11,5860.71
KOL_CUST_000736,Tollygunge,South Kolkata,Kolkata,Regular,11-08-2023,08-08-2023,BLK_KOL_025,9,3815.51
KOL_CUST_000737,Ballygunge,South Kolkata,Kolkata,Regular,10-02-2024,20-01-2024,BLK_KOL_021,10,3409.325
KOL_CUST_000738,Santragachi,Howrah District,Kolkata,Regular,31-07-2024,05-07-2024,BLK_KOL_053,3,1786.02
KOL_CUST_000739,Tollygunge,South Kolkata,Kolkata,Regular,27-10-2023,24-10-2023,BLK_KOL_027,10,4132.71
KOL_CUST_000740,Shibpur,Howrah District,Kolkata,Regular,06-08-2023,30-07-2023,BLK_KOL_049,10,3699.56
KOL_CUST_000741,Gariahat,South Kolkata,Kolkata,Regular,02-09-2023,15-08-2023,BLK_KOL_024,5,2192.3
KOL_CUST_000742,Esplanade,Central Kolkata,Kolkata,Regular,22-10-2024,07-10-2024,BLK_KOL_011,12,5137.45
KOL_CUST_000743,Kasba,East Kolkata,Kolkata,Regular,26-03-2024,08-03-2024,BLK_KOL_040,9,6220.78
KOL_CUST_000744,New Town,Salt Lake & New Town,Kolkata,New,30-09-2024,15-09-2024,BLK_KOL_031,13,4882.24
KOL_CUST_000745,New Town,Salt Lake & New Town,Kolkata,Regular,19-06-2023,05-06-2023,BLK_KOL_033,10,4669.06
KOL_CUST_000746,Kasba,East Kolkata,Kolkata,Regular,14-06-2024,26-05-2024,BLK_KOL_040,10,5455.995
KOL_CUST_000747,EM Bypass,East Kolkata,Kolkata,Regular,10-05-2024,25-04-2024,BLK_KOL_038,8,3122.52
KOL_CUST_000748,EM Bypass,East Kolkata,Kolkata,New,15-11-2023,26-10-2023,BLK_KOL_039,10,5313.73
KOL_CUST_000749,Park Street,Central Kolkata,Kolkata,Premium,03-06-2024,26-05-2024,BLK_KOL_014,10,4106.78
KOL_CUST_000750,New Town,Salt Lake & New Town,Kolkata,New,14-07-2023,27-06-2023,BLK_KOL_032,8,2434.03
KOL_CUST_000751,Park Street,Central Kolkata,Kolkata,Regular,11-04-2023,06-04-2023,BLK_KOL_013,10,4870.52
KOL_CUST_000752,Gariahat,South Kolkata,Kolkata,Premium,02-07-2023,19-06-2023,BLK_KOL_022,7,5702.68
KOL_CUST_000753,Ballygunge,South Kolkata,Kolkata,Regular,15-06-2024,09-06-2024,BLK_KOL_019,17,8726.1
KOL_CUST_000754,Esplanade,Central Kolkata,Kolkata,Premium,02-07-2023,06-06-2023,BLK_KOL_011,10,6371.43
KOL_CUST_000755,Baghbazar,North Kolkata,Kolkata,Regular,20-06-2024,24-05-2024,BLK_KOL_007,7,3147.01
KOL_CUST_000756,Esplanade,Central Kolkata,Kolkata,Regular,26-04-2024,29-03-2024,BLK_KOL_012,7,3843.36
KOL_CUST_000757,Shyambazar,North Kolkata,Kolkata,Premium,14-07-2024,27-06-2024,BLK_KOL_003,10,3355.85
KOL_CUST_000758,Santragachi,Howrah District,Kolkata,Regular,18-06-2023,10-06-2023,BLK_KOL_053,11,4459.62
KOL_CUST_000759,EM Bypass,East Kolkata,Kolkata,Regular,21-10-2024,13-10-2024,BLK_KOL_038,9,3616.01
KOL_CUST_000760,EM Bypass,East Kolkata,Kolkata,Premium,13-06-2023,25-05-2023,BLK_KOL_038,6,1846.1
KOL_CUST_000761,Santragachi,Howrah District,Kolkata,Regular,20-10-2023,06-10-2023,BLK_KOL_053,8,2180.52
KOL_CUST_000762,Park Street,Central Kolkata,Kolkata,Regular,03-09-2024,18-08-2024,BLK_KOL_015,8,3391.73
KOL_CUST_000763,Ballygunge,South Kolkata,Kolkata,Regular,09-03-2023,06-03-2023,BLK_KOL_020,13,3890.76
KOL_CUST_000764,Kasba,East Kolkata,Kolkata,Premium,11-02-2023,20-01-2023,BLK_KOL_041,14,8711.75
KOL_CUST_000765,Rajarhat,Salt Lake & New Town,Kolkata,Regular,21-06-2023,31-05-2023,BLK_KOL_036,9,3270.11
KOL_CUST_000766,Salt Lake,Salt Lake & New Town,Kolkata,Regular,06-06-2023,11-05-2023,BLK_KOL_028,7,3052.69
KOL_CUST_000767,Park Street,Central Kolkata,Kolkata,Premium,05-08-2023,24-07-2023,BLK_KOL_015,7,3566.61
KOL_CUST_000768,Baghbazar,North Kolkata,Kolkata,Regular,05-11-2023,16-10-2023,BLK_KOL_007,10,4343.075
KOL_CUST_000769,Salt Lake,Salt Lake & New Town,Kolkata,Regular,07-10-2023,21-09-2023,BLK_KOL_030,15,4290.78
KOL_CUST_000770,Ballygunge,South Kolkata,Kolkata,Regular,18-04-2024,01-04-2024,BLK_KOL_021,10,4659.57
KOL_CUST_000771,Santragachi,Howrah District,Kolkata,Regular,21-09-2023,30-08-2023,BLK_KOL_054,4,995.91
KOL_CUST_000772,Shibpur,Howrah District,Kolkata,Premium,06-09-2023,30-08-2023,BLK_KOL_050,11,4106.36
KOL_CUST_000773,Tollygunge,South Kolkata,Kolkata,New,01-01-2023,29-12-2022,BLK_KOL_027,7,3567.01
KOL_CUST_000774,Tollygunge,South Kolkata,Kolkata,New,03-07-2024,02-07-2024,BLK_KOL_027,16,6689.5
KOL_CUST_000775,EM Bypass,East Kolkata,Kolkata,Regular,22-05-2023,29-04-2023,BLK_KOL_038,7,2849.44
KOL_CUST_000776,New Town,Salt Lake & New Town,Kolkata,Regular,31-01-2023,25-01-2023,BLK_KOL_032,4,1884.81
KOL_CUST_000777,Behala,East Kolkata,Kolkata,Premium,21-11-2023,22-10-2023,BLK_KOL_044,9,4875.05
KOL_CUST_000778,New Town,Salt Lake & New Town,Kolkata,Premium,13-09-2023,22-08-2023,BLK_KOL_033,12,8513.69
KOL_CUST_000779,Salt Lake,Salt Lake & New Town,Kolkata,Regular,21-03-2023,19-03-2023,BLK_KOL_028,15,6626.38
KOL_CUST_000780,EM Bypass,East Kolkata,Kolkata,New,16-01-2024,07-01-2024,BLK_KOL_038,12,4067.08
KOL_CUST_000781,New Town,Salt Lake & New Town,Kolkata,Premium,11-03-2024,27-02-2024,BLK_KOL_033,10,4878.2
KOL_CUST_000782,Gariahat,South Kolkata,Kolkata,Premium,12-02-2023,02-02-2023,BLK_KOL_022,10,6209.84
KOL_CUST_000783,New Town,Salt Lake & New Town,Kolkata,Regular,26-09-2023,21-09-2023,BLK_KOL_031,10,5378.65
KOL_CUST_000784,Ballygunge,South Kolkata,Kolkata,Regular,07-06-2024,09-05-2024,BLK_KOL_020,9,4074.04
KOL_CUST_000785,Park Street,Central Kolkata,Kolkata,Regular,19-09-2023,31-08-2023,BLK_KOL_013,2,1384.01
KOL_CUST_000786,New Town,Salt Lake & New Town,Kolkata,New,05-03-2023,01-03-2023,BLK_KOL_032,6,1809.26
KOL_CUST_000787,Park Street,Central Kolkata,Kolkata,New,12-06-2024,29-05-2024,BLK_KOL_013,7,4034.06
KOL_CUST_000788,Salt Lake,Salt Lake & New Town,Kolkata,New,10-01-2023,01-01-2023,BLK_KOL_030,8,2878.19
KOL_CUST_000789,Ballygunge,South Kolkata,Kolkata,Premium,30-08-2023,10-08-2023,BLK_KOL_021,11,4399
KOL_CUST_000790,Gariahat,South Kolkata,Kolkata,Regular,06-08-2023,25-07-2023,BLK_KOL_022,12,4592.67
KOL_CUST_000791,Howrah,Howrah District,Kolkata,Regular,27-01-2023,06-01-2023,BLK_KOL_046,7,3573.94
KOL_CUST_000792,EM Bypass,East Kolkata,Kolkata,Premium,23-09-2023,15-09-2023,BLK_KOL_039,8,3038.13
KOL_CUST_000793,Shyambazar,North Kolkata,Kolkata,Regular,30-07-2024,08-07-2024,BLK_KOL_001,7,2190.55
KOL_CUST_000794,Ballygunge,South Kolkata,Kolkata,New,22-04-2023,06-04-2023,BLK_KOL_019,14,7681.81
KOL_CUST_000795,Behala,East Kolkata,Kolkata,Regular,06-08-2024,04-08-2024,BLK_KOL_043,7,3800.57
KOL_CUST_000796,EM Bypass,East Kolkata,Kolkata,Regular,20-07-2024,26-06-2024,BLK_KOL_039,5,2513.62
KOL_CUST_000797,Santragachi,Howrah District,Kolkata,Regular,13-11-2023,29-10-2023,BLK_KOL_053,13,6250.18
KOL_CUST_000798,Ultadanga,North Kolkata,Kolkata,Regular,05-05-2024,22-04-2024,BLK_KOL_006,14,6495.37
KOL_CUST_000799,Ultadanga,North Kolkata,Kolkata,Regular,13-03-2023,11-03-2023,BLK_KOL_006,16,5750.98
KOL_CUST_000800,Behala,East Kolkata,Kolkata,Regular,30-06-2023,20-06-2023,BLK_KOL_044,15,6950.35
KOL_CUST_000801,Kasba,East Kolkata,Kolkata,Regular,05-11-2023,07-10-2023,BLK_KOL_042,5,1877.41
KOL_CUST_000802,Behala,East Kolkata,Kolkata,Premium,21-03-2023,24-02-2023,BLK_KOL_045,15,8472.925
KOL_CUST_000803,Santragachi,Howrah District,Kolkata,Regular,05-05-2023,04-05-2023,BLK_KOL_052,11,4731.08
KOL_CUST_000804,Ballygunge,South Kolkata,Kolkata,Regular,16-02-2024,24-01-2024,BLK_KOL_019,10,5269.14
KOL_CUST_000805,B.B.D. Bagh,Central Kolkata,Kolkata,Premium,04-03-2024,10-02-2024,BLK_KOL_017,5,2322.88
KOL_CUST_000806,Rajarhat,Salt Lake & New Town,Kolkata,Regular,20-05-2023,03-05-2023,BLK_KOL_036,5,951.8
KOL_CUST_000807,B.B.D. Bagh,Central Kolkata,Kolkata,Premium,22-05-2023,16-05-2023,BLK_KOL_017,7,3933.36
KOL_CUST_000808,Park Street,Central Kolkata,Kolkata,Premium,19-09-2023,27-08-2023,BLK_KOL_013,5,1773.91
KOL_CUST_000809,Salt Lake,Salt Lake & New Town,Kolkata,Regular,18-04-2023,12-04-2023,BLK_KOL_030,11,4519.76
KOL_CUST_000810,Park Street,Central Kolkata,Kolkata,Regular,02-01-2024,24-12-2023,BLK_KOL_015,6,2414.49
KOL_CUST_000811,Howrah,Howrah District,Kolkata,Regular,05-10-2024,15-09-2024,BLK_KOL_048,8,4408.8
KOL_CUST_000812,Gariahat,South Kolkata,Kolkata,Regular,03-04-2023,19-03-2023,BLK_KOL_023,7,1402.46
KOL_CUST_000813,Shyambazar,North Kolkata,Kolkata,Regular,25-02-2023,04-02-2023,BLK_KOL_001,7,2905.39
KOL_CUST_000814,Ballygunge,South Kolkata,Kolkata,Premium,18-09-2023,06-09-2023,BLK_KOL_020,14,6572.745
KOL_CUST_000815,Ultadanga,North Kolkata,Kolkata,Regular,01-06-2024,29-05-2024,BLK_KOL_004,14,4807.08
KOL_CUST_000816,Kasba,East Kolkata,Kolkata,Regular,23-03-2024,03-03-2024,BLK_KOL_041,10,4523.64
KOL_CUST_000817,Santragachi,Howrah District,Kolkata,Regular,13-04-2023,01-04-2023,BLK_KOL_053,8,3365.65
KOL_CUST_000818,Baghbazar,North Kolkata,Kolkata,Regular,14-06-2024,01-06-2024,BLK_KOL_009,11,6542.25
KOL_CUST_000819,Kasba,East Kolkata,Kolkata,Regular,03-02-2024,29-01-2024,BLK_KOL_040,15,4760.2
KOL_CUST_000820,Tollygunge,South Kolkata,Kolkata,Regular,05-05-2023,12-04-2023,BLK_KOL_026,10,3517.24
KOL_CUST_000821,Ultadanga,North Kolkata,Kolkata,Regular,14-01-2023,11-01-2023,BLK_KOL_005,10,4778.14
KOL_CUST_000822,Salt Lake,Salt Lake & New Town,Kolkata,Regular,23-06-2023,04-06-2023,BLK_KOL_030,6,3086.66
KOL_CUST_000823,Rajarhat,Salt Lake & New Town,Kolkata,Regular,15-10-2024,21-09-2024,BLK_KOL_036,11,6066.29
KOL_CUST_000824,Howrah,Howrah District,Kolkata,Regular,29-04-2024,22-04-2024,BLK_KOL_048,8,4355.99
KOL_CUST_000825,Shyambazar,North Kolkata,Kolkata,Regular,03-10-2023,26-09-2023,BLK_KOL_001,10,4526.03
KOL_CUST_000826,Kasba,East Kolkata,Kolkata,Regular,15-06-2023,20-05-2023,BLK_KOL_040,6,907.98
KOL_CUST_000827,Shyambazar,North Kolkata,Kolkata,Regular,24-05-2024,21-05-2024,BLK_KOL_001,6,2942.86
KOL_CUST_000828,Shibpur,Howrah District,Kolkata,Premium,29-11-2023,18-11-2023,BLK_KOL_051,9,3735.96
KOL_CUST_000829,Shyambazar,North Kolkata,Kolkata,Regular,09-04-2024,29-03-2024,BLK_KOL_002,9,6627.88
KOL_CUST_000830,Howrah,Howrah District,Kolkata,Regular,19-01-2024,03-01-2024,BLK_KOL_048,14,6642.8
KOL_CUST_000831,Behala,East Kolkata,Kolkata,New,01-10-2024,16-09-2024,BLK_KOL_043,8,5274.52
KOL_CUST_000832,Kasba,East Kolkata,Kolkata,Regular,29-01-2024,19-01-2024,BLK_KOL_041,20,9341.52
KOL_CUST_000833,New Town,Salt Lake & New Town,Kolkata,Regular,23-11-2023,01-11-2023,BLK_KOL_031,8,5139.61
KOL_CUST_000834,Rajarhat,Salt Lake & New Town,Kolkata,Regular,17-09-2023,16-09-2023,BLK_KOL_034,9,6359.88
KOL_CUST_000835,EM Bypass,East Kolkata,Kolkata,Regular,25-03-2024,12-03-2024,BLK_KOL_038,8,2849.28
KOL_CUST_000836,Esplanade,Central Kolkata,Kolkata,Regular,06-06-2024,26-05-2024,BLK_KOL_010,11,5814.39
KOL_CUST_000837,Tollygunge,South Kolkata,Kolkata,New,23-03-2023,11-03-2023,BLK_KOL_025,5,1917.33
KOL_CUST_000838,Salt Lake,Salt Lake & New Town,Kolkata,Premium,01-07-2023,19-06-2023,BLK_KOL_030,10,6607.76
KOL_CUST_000839,Ballygunge,South Kolkata,Kolkata,Regular,15-08-2024,20-07-2024,BLK_KOL_019,13,7041.81
KOL_CUST_000840,Shibpur,Howrah District,Kolkata,New,11-06-2023,18-05-2023,BLK_KOL_049,7,3195.74
KOL_CUST_000841,Salt Lake,Salt Lake & New Town,Kolkata,Regular,14-03-2024,10-03-2024,BLK_KOL_030,14,11218.24
KOL_CUST_000842,Shibpur,Howrah District,Kolkata,Regular,08-03-2024,06-03-2024,BLK_KOL_051,10,5376.76
KOL_CUST_000843,Shibpur,Howrah District,Kolkata,New,26-06-2023,04-06-2023,BLK_KOL_049,11,5847.39
KOL_CUST_000844,Baghbazar,North Kolkata,Kolkata,Premium,09-11-2023,15-10-2023,BLK_KOL_008,11,7036.62
KOL_CUST_000845,Salt Lake,Salt Lake & New Town,Kolkata,Regular,26-06-2023,19-06-2023,BLK_KOL_029,8,3685.45
KOL_CUST_000846,Ballygunge,South Kolkata,Kolkata,Regular,05-03-2023,18-02-2023,BLK_KOL_021,15,7717.36
KOL_CUST_000847,Tollygunge,South Kolkata,Kolkata,Premium,15-07-2023,25-06-2023,BLK_KOL_026,14,6630.53
KOL_CUST_000848,Esplanade,Central Kolkata,Kolkata,Regular,06-06-2023,28-05-2023,BLK_KOL_012,7,2303.62
KOL_CUST_000849,Salt Lake,Salt Lake & New Town,Kolkata,Premium,06-09-2023,17-08-2023,BLK_KOL_028,8,3114.6
KOL_CUST_000850,Santragachi,Howrah District,Kolkata,Premium,27-09-2023,29-08-2023,BLK_KOL_053,7,1611.94
KOL_CUST_000851,Esplanade,Central Kolkata,Kolkata,Regular,19-10-2023,13-10-2023,BLK_KOL_012,12,6501.71
KOL_CUST_000852,Behala,East Kolkata,Kolkata,Regular,08-06-2024,01-06-2024,BLK_KOL_044,8,5925.07
KOL_CUST_000853,Santragachi,Howrah District,Kolkata,Regular,08-04-2023,05-04-2023,BLK_KOL_053,6,2679.55
KOL_CUST_000854,Behala,East Kolkata,Kolkata,Regular,27-06-2023,04-06-2023,BLK_KOL_043,8,4192.02
KOL_CUST_000855,Howrah,Howrah District,Kolkata,Premium,10-08-2023,12-07-2023,BLK_KOL_048,9,4953.08
KOL_CUST_000856,Rajarhat,Salt Lake & New Town,Kolkata,Regular,16-06-2023,18-05-2023,BLK_KOL_035,11,6118.16
KOL_CUST_000857,Howrah,Howrah District,Kolkata,Premium,03-04-2023,18-03-2023,BLK_KOL_046,7,2237.55
KOL_CUST_000858,B.B.D. Bagh,Central Kolkata,Kolkata,Regular,07-06-2023,02-06-2023,BLK_KOL_018,7,5151
KOL_CUST_000859,EM Bypass,East Kolkata,Kolkata,Regular,24-02-2024,03-02-2024,BLK_KOL_037,5,1963.93
KOL_CUST_000860,Salt Lake,Salt Lake & New Town,Kolkata,Regular,11-05-2023,03-05-2023,BLK_KOL_028,7,3690.71
KOL_CUST_000861,Santragachi,Howrah District,Kolkata,Regular,31-03-2023,20-03-2023,BLK_KOL_053,8,2942.47
KOL_CUST_000862,Kasba,East Kolkata,Kolkata,Regular,10-08-2024,30-07-2024,BLK_KOL_041,15,7311.46
KOL_CUST_000863,Gariahat,South Kolkata,Kolkata,Regular,24-10-2023,01-10-2023,BLK_KOL_023,6,2860.64
KOL_CUST_000864,Howrah,Howrah District,Kolkata,Regular,31-01-2023,13-01-2023,BLK_KOL_048,10,3806.37
KOL_CUST_000865,Behala,East Kolkata,Kolkata,Premium,09-05-2023,05-05-2023,BLK_KOL_044,11,7717.06
KOL_CUST_000866,EM Bypass,East Kolkata,Kolkata,Regular,06-01-2023,03-01-2023,BLK_KOL_038,8,3181.22
KOL_CUST_000867,Park Street,Central Kolkata,Kolkata,Regular,01-01-2024,10-12-2023,BLK_KOL_013,10,4791.86
KOL_CUST_000868,Santragachi,Howrah District,Kolkata,Regular,21-01-2023,14-01-2023,BLK_KOL_052,7,2466.24
KOL_CUST_000869,New Town,Salt Lake & New Town,Kolkata,New,30-06-2023,31-05-2023,BLK_KOL_032,11,8618.9
KOL_CUST_000870,Rajarhat,Salt Lake & New Town,Kolkata,Premium,25-10-2024,08-10-2024,BLK_KOL_035,4,1606.27
KOL_CUST_000871,Park Street,Central Kolkata,Kolkata,Regular,01-02-2024,14-01-2024,BLK_KOL_015,9,8051.9
KOL_CUST_000872,Shyambazar,North Kolkata,Kolkata,Premium,02-07-2024,22-06-2024,BLK_KOL_001,5,2563.02
KOL_CUST_000873,Gariahat,South Kolkata,Kolkata,Regular,03-02-2023,23-01-2023,BLK_KOL_024,8,3607.6
KOL_CUST_000874,EM Bypass,East Kolkata,Kolkata,Regular,26-02-2023,20-02-2023,BLK_KOL_039,8,2745.7
KOL_CUST_000875,Ballygunge,South Kolkata,Kolkata,Regular,01-06-2023,27-05-2023,BLK_KOL_020,8,4050.18
KOL_CUST_000876,Park Street,Central Kolkata,Kolkata,Regular,27-10-2023,22-10-2023,BLK_KOL_015,6,2363.3
KOL_CUST_000877,Howrah,Howrah District,Kolkata,Premium,10-03-2024,18-02-2024,BLK_KOL_048,14,9015.875
KOL_CUST_000878,Behala,East Kolkata,Kolkata,Regular,05-08-2024,21-07-2024,BLK_KOL_043,9,5678.15
KOL_CUST_000879,Santragachi,Howrah District,Kolkata,Regular,15-07-2024,09-07-2024,BLK_KOL_052,7,4852.04
KOL_CUST_000880,Shyambazar,North Kolkata,Kolkata,Regular,03-08-2023,25-07-2023,BLK_KOL_002,8,4393.97
KOL_CUST_000881,Santragachi,Howrah District,Kolkata,New,15-11-2023,27-10-2023,BLK_KOL_052,10,3087.65
KOL_CUST_000882,Rajarhat,Salt Lake & New Town,Kolkata,New,31-03-2023,28-03-2023,BLK_KOL_036,12,5830.29
KOL_CUST_000883,Shibpur,Howrah District,Kolkata,Regular,23-05-2024,20-05-2024,BLK_KOL_051,4,679.98
KOL_CUST_000884,Baghbazar,North Kolkata,Kolkata,Regular,14-01-2023,23-12-2022,BLK_KOL_009,13,3987.46
KOL_CUST_000885,Santragachi,Howrah District,Kolkata,Regular,08-06-2024,10-05-2024,BLK_KOL_053,9,5786.34
KOL_CUST_000886,Shyambazar,North Kolkata,Kolkata,New,15-03-2023,24-02-2023,BLK_KOL_002,11,7723.6
KOL_CUST_000887,Kasba,East Kolkata,Kolkata,Regular,05-07-2023,03-07-2023,BLK_KOL_042,12,7251.22
KOL_CUST_000888,Salt Lake,Salt Lake & New Town,Kolkata,Regular,15-10-2024,24-09-2024,BLK_KOL_029,10,4808.715
KOL_CUST_000889,B.B.D. Bagh,Central Kolkata,Kolkata,Regular,06-07-2023,16-06-2023,BLK_KOL_018,11,4671.91
KOL_CUST_000890,Howrah,Howrah District,Kolkata,Premium,19-03-2023,21-02-2023,BLK_KOL_046,7,2552.14
KOL_CUST_000891,Park Street,Central Kolkata,Kolkata,New,20-05-2024,19-05-2024,BLK_KOL_014,5,2442.69
KOL_CUST_000892,B.B.D. Bagh,Central Kolkata,Kolkata,Regular,18-03-2024,06-03-2024,BLK_KOL_018,6,4423.94
KOL_CUST_000893,Tollygunge,South Kolkata,Kolkata,Regular,30-04-2024,04-04-2024,BLK_KOL_027,12,7230.66
KOL_CUST_000894,Ultadanga,North Kolkata,Kolkata,New,20-10-2023,30-09-2023,BLK_KOL_006,17,9603.11
KOL_CUST_000895,Park Street,Central Kolkata,Kolkata,Regular,30-07-2024,22-07-2024,BLK_KOL_013,7,3634.29
KOL_CUST_000896,B.B.D. Bagh,Central Kolkata,Kolkata,Premium,09-06-2023,31-05-2023,BLK_KOL_016,7,2372.73
KOL_CUST_000897,Esplanade,Central Kolkata,Kolkata,Regular,09-04-2023,30-03-2023,BLK_KOL_012,11,6296.66
KOL_CUST_000898,Santragachi,Howrah District,Kolkata,Regular,17-05-2023,12-05-2023,BLK_KOL_053,7,2379.88
KOL_CUST_000899,Kasba,East Kolkata,Kolkata,Regular,17-04-2023,06-04-2023,BLK_KOL_040,7,3464.1
KOL_CUST_000900,Ultadanga,North Kolkata,Kolkata,Regular,05-03-2023,05-02-2023,BLK_KOL_006,5,1590.86
KOL_CUST_000901,Tollygunge,South Kolkata,Kolkata,Regular,19-07-2023,10-07-2023,BLK_KOL_025,7,2911.78
KOL_CUST_000902,EM Bypass,East Kolkata,Kolkata,Regular,01-08-2023,13-07-2023,BLK_KOL_038,8,4110.97
KOL_CUST_000903,Shibpur,Howrah District,Kolkata,Regular,01-09-2023,31-08-2023,BLK_KOL_051,9,5567.84
KOL_CUST_000904,Baghbazar,North Kolkata,Kolkata,Regular,13-10-2023,21-09-2023,BLK_KOL_009,6,1901.63
KOL_CUST_000905,Gariahat,South Kolkata,Kolkata,Premium,08-05-2024,07-05-2024,BLK_KOL_023,9,6095.59
KOL_CUST_000906,Ultadanga,North Kolkata,Kolkata,New,21-04-2024,31-03-2024,BLK_KOL_006,6,2841.51
KOL_CUST_000907,Esplanade,Central Kolkata,Kolkata,Premium,27-01-2023,05-01-2023,BLK_KOL_012,7,3494.84
KOL_CUST_000908,B.B.D. Bagh,Central Kolkata,Kolkata,Regular,04-04-2024,20-03-2024,BLK_KOL_016,13,7403.93
KOL_CUST_000909,Baghbazar,North Kolkata,Kolkata,Regular,21-05-2024,28-04-2024,BLK_KOL_008,6,3492.23
KOL_CUST_000910,New Town,Salt Lake & New Town,Kolkata,Regular,26-10-2023,24-10-2023,BLK_KOL_031,9,4098.2
KOL_CUST_000911,New Town,Salt Lake & New Town,Kolkata,New,12-05-2024,03-05-2024,BLK_KOL_033,7,3496.98
KOL_CUST_000912,Baghbazar,North Kolkata,Kolkata,Regular,22-08-2023,16-08-2023,BLK_KOL_008,5,2298.37
KOL_CUST_000913,Esplanade,Central Kolkata,Kolkata,Regular,26-04-2023,05-04-2023,BLK_KOL_012,18,7940.91
KOL_CUST_000914,Behala,East Kolkata,Kolkata,Premium,22-02-2024,19-02-2024,BLK_KOL_044,7,3364.47
KOL_CUST_000915,Tollygunge,South Kolkata,Kolkata,New,10-01-2024,05-01-2024,BLK_KOL_025,7,3965.19
KOL_CUST_000916,Shyambazar,North Kolkata,Kolkata,Regular,18-07-2024,25-06-2024,BLK_KOL_003,8,3294.87
KOL_CUST_000917,EM Bypass,East Kolkata,Kolkata,Regular,14-03-2023,17-02-2023,BLK_KOL_038,9,2851.26
KOL_CUST_000918,Kasba,East Kolkata,Kolkata,Regular,28-10-2023,27-10-2023,BLK_KOL_042,5,3091.08
KOL_CUST_000919,Howrah,Howrah District,Kolkata,New,03-03-2023,19-02-2023,BLK_KOL_048,11,6234.68
KOL_CUST_000920,Salt Lake,Salt Lake & New Town,Kolkata,New,13-01-2023,23-12-2022,BLK_KOL_029,11,4760.76
KOL_CUST_000921,Santragachi,Howrah District,Kolkata,Premium,23-06-2024,08-06-2024,BLK_KOL_052,8,4724.35
KOL_CUST_000922,Salt Lake,Salt Lake & New Town,Kolkata,Regular,31-03-2024,18-03-2024,BLK_KOL_029,9,4435.3
KOL_CUST_000923,Salt Lake,Salt Lake & New Town,Kolkata,Regular,24-02-2024,12-02-2024,BLK_KOL_028,12,5634.25
KOL_CUST_000924,Behala,East Kolkata,Kolkata,Premium,12-03-2024,11-03-2024,BLK_KOL_044,8,2678.33
KOL_CUST_000925,Gariahat,South Kolkata,Kolkata,Regular,31-10-2023,10-10-2023,BLK_KOL_024,12,5664.03
KOL_CUST_000926,Santragachi,Howrah District,Kolkata,New,18-08-2024,17-08-2024,BLK_KOL_053,11,5192.3
KOL_CUST_000927,Ultadanga,North Kolkata,Kolkata,Regular,11-11-2023,04-11-2023,BLK_KOL_004,16,8558.22
KOL_CUST_000928,Shibpur,Howrah District,Kolkata,Premium,03-03-2023,12-02-2023,BLK_KOL_049,12,3619.46
KOL_CUST_000929,Baghbazar,North Kolkata,Kolkata,Regular,21-09-2023,20-09-2023,BLK_KOL_007,6,2958.63
KOL_CUST_000930,Ultadanga,North Kolkata,Kolkata,Premium,04-01-2023,29-12-2022,BLK_KOL_005,10,5231.01
KOL_CUST_000931,Salt Lake,Salt Lake & New Town,Kolkata,Regular,19-02-2024,13-02-2024,BLK_KOL_029,7,4128.24
KOL_CUST_000932,Baghbazar,North Kolkata,Kolkata,Premium,24-02-2024,04-02-2024,BLK_KOL_009,10,5019.3
KOL_CUST_000933,Gariahat,South Kolkata,Kolkata,Regular,21-08-2023,26-07-2023,BLK_KOL_023,18,10247.87
KOL_CUST_000934,EM Bypass,East Kolkata,Kolkata,Regular,11-02-2023,31-01-2023,BLK_KOL_038,10,7176.6
KOL_CUST_000935,Ballygunge,South Kolkata,Kolkata,Regular,29-03-2024,25-03-2024,BLK_KOL_019,12,5504.77
KOL_CUST_000936,Kasba,East Kolkata,Kolkata,Regular,27-05-2023,12-05-2023,BLK_KOL_041,10,3626.73
KOL_CUST_000937,Ultadanga,North Kolkata,Kolkata,Regular,13-01-2023,19-12-2022,BLK_KOL_005,11,3964.69
KOL_CUST_000938,Howrah,Howrah District,Kolkata,Premium,29-11-2023,26-11-2023,BLK_KOL_048,10,6515.87
KOL_CUST_000939,Salt Lake,Salt Lake & New Town,Kolkata,Regular,03-04-2023,27-03-2023,BLK_KOL_028,10,5366.15
KOL_CUST_000940,Tollygunge,South Kolkata,Kolkata,Regular,06-05-2023,30-04-2023,BLK_KOL_025,5,2111.955
KOL_CUST_000941,Ultadanga,North Kolkata,Kolkata,Regular,22-03-2023,19-03-2023,BLK_KOL_006,14,7191.63
KOL_CUST_000942,Salt Lake,Salt Lake & New Town,Kolkata,Regular,30-11-2023,23-11-2023,BLK_KOL_029,13,6514.78
KOL_CUST_000943,Shibpur,Howrah District,Kolkata,New,04-07-2024,16-06-2024,BLK_KOL_049,13,9022.29
KOL_CUST_000944,Behala,East Kolkata,Kolkata,Regular,16-04-2024,09-04-2024,BLK_KOL_044,11,3160.98
KOL_CUST_000945,Park Street,Central Kolkata,Kolkata,Regular,30-08-2024,24-08-2024,BLK_KOL_015,6,1427.42
KOL_CUST_000946,Ultadanga,North Kolkata,Kolkata,Regular,30-05-2023,16-05-2023,BLK_KOL_005,5,1677.06
KOL_CUST_000947,Behala,East Kolkata,Kolkata,New,06-11-2023,31-10-2023,BLK_KOL_043,11,3779.78
KOL_CUST_000948,Shyambazar,North Kolkata,Kolkata,Premium,04-10-2023,26-09-2023,BLK_KOL_001,6,2628.5
KOL_CUST_000949,New Town,Salt Lake & New Town,Kolkata,Regular,19-06-2023,15-06-2023,BLK_KOL_033,10,4370.67
KOL_CUST_000950,Esplanade,Central Kolkata,Kolkata,New,05-05-2023,22-04-2023,BLK_KOL_011,6,3628.84
KOL_CUST_000951,Baghbazar,North Kolkata,Kolkata,Premium,29-03-2023,15-03-2023,BLK_KOL_009,10,4353.89
KOL_CUST_000952,Behala,East Kolkata,Kolkata,Premium,25-05-2023,01-05-2023,BLK_KOL_045,7,2953.59
KOL_CUST_000953,Rajarhat,Salt Lake & New Town,Kolkata,Regular,13-04-2024,11-04-2024,BLK_KOL_036,8,4247.69
KOL_CUST_000954,Ultadanga,North Kolkata,Kolkata,New,07-10-2023,22-09-2023,BLK_KOL_005,5,1641.51
KOL_CUST_000955,New Town,Salt Lake & New Town,Kolkata,Regular,04-07-2023,08-06-2023,BLK_KOL_032,10,5400.88
KOL_CUST_000956,B.B.D. Bagh,Central Kolkata,Kolkata,New,22-02-2023,19-02-2023,BLK_KOL_016,11,5956.4
KOL_CUST_000957,Shibpur,Howrah District,Kolkata,Regular,14-08-2023,18-07-2023,BLK_KOL_051,8,5078.47
KOL_CUST_000958,Shyambazar,North Kolkata,Kolkata,Regular,06-05-2024,22-04-2024,BLK_KOL_002,7,2223.145
KOL_CUST_000959,Park Street,Central Kolkata,Kolkata,Regular,03-01-2024,01-01-2024,BLK_KOL_015,6,2094.57
KOL_CUST_000960,Howrah,Howrah District,Kolkata,Premium,15-09-2024,29-08-2024,BLK_KOL_046,14,6783.12
KOL_CUST_000961,Esplanade,Central Kolkata,Kolkata,Premium,01-08-2023,07-07-2023,BLK_KOL_012,16,5517.145
KOL_CUST_000962,Kasba,East Kolkata,Kolkata,Regular,08-03-2024,29-02-2024,BLK_KOL_040,10,5100.05
KOL_CUST_000963,Baghbazar,North Kolkata,Kolkata,Premium,29-06-2023,14-06-2023,BLK_KOL_007,3,2233.39
KOL_CUST_000964,Shyambazar,North Kolkata,Kolkata,Regular,25-08-2024,28-07-2024,BLK_KOL_003,11,6499.07
KOL_CUST_000965,B.B.D. Bagh,Central Kolkata,Kolkata,Regular,08-07-2024,15-06-2024,BLK_KOL_017,8,3723.64
KOL_CUST_000966,Baghbazar,North Kolkata,Kolkata,Regular,15-06-2023,05-06-2023,BLK_KOL_008,8,2969.71
KOL_CUST_000967,Tollygunge,South Kolkata,Kolkata,Regular,04-10-2024,27-09-2024,BLK_KOL_027,7,3723.64
KOL_CUST_000968,Baghbazar,North Kolkata,Kolkata,Regular,20-06-2024,18-06-2024,BLK_KOL_009,7,2667.4
KOL_CUST_000969,Rajarhat,Salt Lake & New Town,Kolkata,Regular,26-02-2024,11-02-2024,BLK_KOL_036,9,3739.71
KOL_CUST_000970,Rajarhat,Salt Lake & New Town,Kolkata,Regular,05-01-2023,02-01-2023,BLK_KOL_035,9,5547.07
KOL_CUST_000971,Ballygunge,South Kolkata,Kolkata,Regular,14-06-2023,10-06-2023,BLK_KOL_020,10,4402.25
KOL_CUST_000972,Ballygunge,South Kolkata,Kolkata,Regular,25-04-2024,27-03-2024,BLK_KOL_020,11,5633.68
KOL_CUST_000973,Kasba,East Kolkata,Kolkata,Regular,31-10-2023,16-10-2023,BLK_KOL_040,9,3192.86
KOL_CUST_000974,Shibpur,Howrah District,Kolkata,Regular,28-08-2024,06-08-2024,BLK_KOL_051,11,5536.23
KOL_CUST_000975,Salt Lake,Salt Lake & New Town,Kolkata,Regular,28-05-2023,05-05-2023,BLK_KOL_028,10,6748.91
KOL_CUST_000976,Baghbazar,North Kolkata,Kolkata,Premium,12-04-2023,30-03-2023,BLK_KOL_008,8,4305.8
KOL_CUST_000977,Salt Lake,Salt Lake & New Town,Kolkata,Premium,09-02-2024,31-01-2024,BLK_KOL_029,11,3934.08
KOL_CUST_000978,Park Street,Central Kolkata,Kolkata,Regular,20-08-2023,30-07-2023,BLK_KOL_013,9,3894.43
KOL_CUST_000979,Kasba,East Kolkata,Kolkata,New,04-10-2024,18-09-2024,BLK_KOL_040,9,8114.24
KOL_CUST_000980,Behala,East Kolkata,Kolkata,Regular,11-01-2024,08-01-2024,BLK_KOL_044,8,3548.09
KOL_CUST_000981,Gariahat,South Kolkata,Kolkata,Regular,23-09-2024,09-09-2024,BLK_KOL_022,4,2075.99
KOL_CUST_000982,New Town,Salt Lake & New Town,Kolkata,Regular,06-03-2023,19-02-2023,BLK_KOL_033,8,6038.67
KOL_CUST_000983,Park Street,Central Kolkata,Kolkata,Premium,05-06-2024,27-05-2024,BLK_KOL_015,5,3037.06
KOL_CUST_000984,Rajarhat,Salt Lake & New Town,Kolkata,Premium,25-01-2024,15-01-2024,BLK_KOL_035,13,5531.22
KOL_CUST_000985,B.B.D. Bagh,Central Kolkata,Kolkata,Regular,23-03-2024,13-03-2024,BLK_KOL_018,6,2516.3
KOL_CUST_000986,B.B.D. Bagh,Central Kolkata,Kolkata,Premium,19-03-2024,15-03-2024,BLK_KOL_018,9,3268.49
KOL_CUST_000987,New Town,Salt Lake & New Town,Kolkata,Regular,21-04-2023,15-04-2023,BLK_KOL_033,6,2145.14
KOL_CUST_000988,Ultadanga,North Kolkata,Kolkata,Premium,25-06-2024,10-06-2024,BLK_KOL_004,8,4880.64
KOL_CUST_000989,B.B.D. Bagh,Central Kolkata,Kolkata,New,01-10-2023,18-09-2023,BLK_KOL_016,9,4634.22
KOL_CUST_000990,Park Street,Central Kolkata,Kolkata,Premium,12-06-2024,19-05-2024,BLK_KOL_013,8,3188.37
KOL_CUST_000991,Shibpur,Howrah District,Kolkata,Regular,04-07-2023,24-06-2023,BLK_KOL_050,10,6311.44
KOL_CUST_000992,Park Street,Central Kolkata,Kolkata,Regular,14-08-2024,10-08-2024,BLK_KOL_014,6,3565.81
KOL_CUST_000993,Ultadanga,North Kolkata,Kolkata,Premium,23-02-2023,22-02-2023,BLK_KOL_004,11,4835.34
KOL_CUST_000994,Gariahat,South Kolkata,Kolkata,Regular,16-10-2023,26-09-2023,BLK_KOL_022,9,3968.51
KOL_CUST_000995,Shibpur,Howrah District,Kolkata,Premium,13-07-2023,10-07-2023,BLK_KOL_050,10,4863.74
KOL_CUST_000996,Behala,East Kolkata,Kolkata,New,14-02-2024,01-02-2024,BLK_KOL_043,12,5803.52
KOL_CUST_000997,New Town,Salt Lake & New Town,Kolkata,New,18-09-2024,19-08-2024,BLK_KOL_032,2,1360.32
KOL_CUST_000998,EM Bypass,East Kolkata,Kolkata,Regular,28-04-2023,16-04-2023,BLK_KOL_038,9,2128.17
KOL_CUST_000999,Rajarhat,Salt Lake & New Town,Kolkata,New,18-04-2023,15-04-2023,BLK_KOL_035,6,3147.75
KOL_CUST_001000,Behala,East Kolkata,Kolkata,Regular,31-07-2024,21-07-2024,BLK_KOL_043,10,4130.83
KOL_CUST_001001,Kasba,East Kolkata,Kolkata,Premium,31-07-2024,12-07-2024,BLK_KOL_041,4,2843.63
KOL_CUST_001002,Park Street,Central Kolkata,Kolkata,New,03-04-2023,17-03-2023,BLK_KOL_013,11,5643.62
KOL_CUST_001003,Baghbazar,North Kolkata,Kolkata,Premium,11-07-2024,27-06-2024,BLK_KOL_008,15,6467.39
KOL_CUST_001004,Tollygunge,South Kolkata,Kolkata,Regular,21-02-2023,02-02-2023,BLK_KOL_026,13,7192.765
KOL_CUST_001005,Park Street,Central Kolkata,Kolkata,Regular,21-05-2023,05-05-2023,BLK_KOL_015,9,2346.54
KOL_CUST_001006,Salt Lake,Salt Lake & New Town,Kolkata,Regular,04-06-2024,11-05-2024,BLK_KOL_029,9,4412.86
KOL_CUST_001007,Shyambazar,North Kolkata,Kolkata,Regular,19-03-2024,27-02-2024,BLK_KOL_001,9,5874.88
KOL_CUST_001008,Howrah,Howrah District,Kolkata,Regular,08-07-2023,22-06-2023,BLK_KOL_046,7,3907.445
KOL_CUST_001009,Gariahat,South Kolkata,Kolkata,Regular,14-07-2023,11-07-2023,BLK_KOL_023,7,4878.67
KOL_CUST_001010,Rajarhat,Salt Lake & New Town,Kolkata,Regular,16-02-2023,07-02-2023,BLK_KOL_036,7,3429.92
KOL_CUST_001011,Howrah,Howrah District,Kolkata,Regular,02-03-2024,07-02-2024,BLK_KOL_046,10,3013.51
KOL_CUST_001012,Tollygunge,South Kolkata,Kolkata,Premium,03-11-2023,19-10-2023,BLK_KOL_025,7,2189.93
KOL_CUST_001013,Park Street,Central Kolkata,Kolkata,Regular,05-11-2023,22-10-2023,BLK_KOL_014,11,3839.25
KOL_CUST_001014,Rajarhat,Salt Lake & New Town,Kolkata,Regular,06-07-2023,06-06-2023,BLK_KOL_034,4,719.11
KOL_CUST_001015,Ballygunge,South Kolkata,Kolkata,Regular,03-04-2024,14-03-2024,BLK_KOL_021,10,5299.67
KOL_CUST_001016,Santragachi,Howrah District,Kolkata,Regular,24-06-2023,02-06-2023,BLK_KOL_053,10,5424.55
KOL_CUST_001017,Tollygunge,South Kolkata,Kolkata,Premium,04-07-2024,15-06-2024,BLK_KOL_026,6,3002.72
KOL_CUST_001018,Park Street,Central Kolkata,Kolkata,Regular,12-03-2023,15-02-2023,BLK_KOL_013,6,3077.5
KOL_CUST_001019,New Town,Salt Lake & New Town,Kolkata,Premium,24-03-2024,19-03-2024,BLK_KOL_032,8,4324.68
KOL_CUST_001020,Ballygunge,South Kolkata,Kolkata,Regular,13-10-2024,16-09-2024,BLK_KOL_021,7,3331.8
KOL_CUST_001021,Santragachi,Howrah District,Kolkata,Regular,28-02-2024,29-01-2024,BLK_KOL_054,8,2636.495
KOL_CUST_001022,Park Street,Central Kolkata,Kolkata,Regular,02-09-2024,10-08-2024,BLK_KOL_015,11,7166.74
KOL_CUST_001023,Behala,East Kolkata,Kolkata,Regular,24-09-2024,13-09-2024,BLK_KOL_045,11,4442.62
KOL_CUST_001024,Salt Lake,Salt Lake & New Town,Kolkata,Regular,03-10-2023,05-09-2023,BLK_KOL_028,4,3137.16
KOL_CUST_001025,Gariahat,South Kolkata,Kolkata,Premium,17-08-2023,14-08-2023,BLK_KOL_023,11,5375.23
KOL_CUST_001026,Esplanade,Central Kolkata,Kolkata,Regular,30-03-2023,28-03-2023,BLK_KOL_010,7,3377.16
KOL_CUST_001027,Ultadanga,North Kolkata,Kolkata,Regular,19-09-2024,03-09-2024,BLK_KOL_004,10,5931.9
KOL_CUST_001028,Tollygunge,South Kolkata,Kolkata,Regular,01-07-2023,06-06-2023,BLK_KOL_025,6,1999.79
KOL_CUST_001029,Esplanade,Central Kolkata,Kolkata,Regular,15-04-2024,08-04-2024,BLK_KOL_012,7,3212.28
KOL_CUST_001030,Rajarhat,Salt Lake & New Town,Kolkata,Regular,19-09-2023,10-09-2023,BLK_KOL_036,3,1391.25
KOL_CUST_001031,Rajarhat,Salt Lake & New Town,Kolkata,Regular,21-03-2023,01-03-2023,BLK_KOL_034,9,3341.98
KOL_CUST_001032,Baghbazar,North Kolkata,Kolkata,Regular,09-02-2023,23-01-2023,BLK_KOL_009,12,5475.15
KOL_CUST_001033,Ballygunge,South Kolkata,Kolkata,New,28-03-2024,10-03-2024,BLK_KOL_019,7,2728.49
KOL_CUST_001034,Esplanade,Central Kolkata,Kolkata,New,15-09-2024,30-08-2024,BLK_KOL_010,10,5621.23
KOL_CUST_001035,B.B.D. Bagh,Central Kolkata,Kolkata,Premium,09-10-2023,27-09-2023,BLK_KOL_016,9,5011.11
KOL_CUST_001036,Kasba,East Kolkata,Kolkata,Regular,08-08-2023,14-07-2023,BLK_KOL_041,9,3374.15
KOL_CUST_001037,Esplanade,Central Kolkata,Kolkata,Premium,11-03-2023,14-02-2023,BLK_KOL_011,8,3473.12
KOL_CUST_001038,Salt Lake,Salt Lake & New Town,Kolkata,Premium,12-11-2023,27-10-2023,BLK_KOL_030,9,1923.18
KOL_CUST_001039,Salt Lake,Salt Lake & New Town,Kolkata,Regular,26-06-2023,30-05-2023,BLK_KOL_029,15,9740.25
KOL_CUST_001040,Santragachi,Howrah District,Kolkata,Premium,27-04-2023,24-04-2023,BLK_KOL_053,8,3884.34
KOL_CUST_001041,Howrah,Howrah District,Kolkata,Premium,07-07-2024,15-06-2024,BLK_KOL_048,7,3818.79
KOL_CUST_001042,Esplanade,Central Kolkata,Kolkata,Regular,10-03-2023,07-03-2023,BLK_KOL_010,11,4101.06
KOL_CUST_001043,EM Bypass,East Kolkata,Kolkata,New,03-02-2023,10-01-2023,BLK_KOL_038,4,2906.49
KOL_CUST_001044,B.B.D. Bagh,Central Kolkata,Kolkata,Regular,23-08-2023,03-08-2023,BLK_KOL_018,8,3631.75
KOL_CUST_001045,EM Bypass,East Kolkata,Kolkata,Regular,29-04-2023,20-04-2023,BLK_KOL_037,4,3191.31
KOL_CUST_001046,Tollygunge,South Kolkata,Kolkata,Regular,23-07-2024,01-07-2024,BLK_KOL_025,8,3091.73
KOL_CUST_001047,EM Bypass,East Kolkata,Kolkata,Regular,18-09-2024,24-08-2024,BLK_KOL_039,7,4223.96
KOL_CUST_001048,Esplanade,Central Kolkata,Kolkata,Regular,23-03-2023,18-03-2023,BLK_KOL_011,6,2535.33
KOL_CUST_001049,Ultadanga,North Kolkata,Kolkata,Regular,12-09-2024,06-09-2024,BLK_KOL_005,12,6699.56
KOL_CUST_001050,New Town,Salt Lake & New Town,Kolkata,Regular,18-01-2023,24-12-2022,BLK_KOL_032,3,2008.1
KOL_CUST_001051,Shibpur,Howrah District,Kolkata,Regular,26-08-2024,04-08-2024,BLK_KOL_050,7,2468.51
KOL_CUST_001052,Shibpur,Howrah District,Kolkata,Regular,10-06-2023,23-05-2023,BLK_KOL_050,4,3021.05
KOL_CUST_001053,Ultadanga,North Kolkata,Kolkata,Regular,01-03-2024,19-02-2024,BLK_KOL_006,4,2016.56
KOL_CUST_001054,Behala,East Kolkata,Kolkata,Premium,16-11-2023,25-10-2023,BLK_KOL_043,8,4752.19
KOL_CUST_001055,Salt Lake,Salt Lake & New Town,Kolkata,Regular,25-03-2024,20-03-2024,BLK_KOL_030,14,7044.17
KOL_CUST_001056,EM Bypass,East Kolkata,Kolkata,Regular,07-10-2023,21-09-2023,BLK_KOL_038,6,2577.81
KOL_CUST_001057,Santragachi,Howrah District,Kolkata,Regular,03-04-2023,28-03-2023,BLK_KOL_054,12,7994.68
KOL_CUST_001058,EM Bypass,East Kolkata,Kolkata,New,03-02-2023,14-01-2023,BLK_KOL_038,9,4421.9
KOL_CUST_001059,Salt Lake,Salt Lake & New Town,Kolkata,Regular,18-11-2023,13-11-2023,BLK_KOL_028,9,3251.13
KOL_CUST_001060,Rajarhat,Salt Lake & New Town,Kolkata,Premium,25-10-2024,26-09-2024,BLK_KOL_035,8,4636.16
KOL_CUST_001061,EM Bypass,East Kolkata,Kolkata,New,09-06-2023,26-05-2023,BLK_KOL_039,11,4919.5
KOL_CUST_001062,Gariahat,South Kolkata,Kolkata,Regular,05-01-2023,02-01-2023,BLK_KOL_023,4,2187.69
KOL_CUST_001063,Baghbazar,North Kolkata,Kolkata,Regular,28-02-2024,27-02-2024,BLK_KOL_008,7,3889.31
KOL_CUST_001064,Ultadanga,North Kolkata,Kolkata,Regular,30-04-2023,01-04-2023,BLK_KOL_006,4,2024.58
KOL_CUST_001065,Shyambazar,North Kolkata,Kolkata,New,12-01-2024,30-12-2023,BLK_KOL_003,3,1702.32
KOL_CUST_001066,New Town,Salt Lake & New Town,Kolkata,Premium,27-03-2023,05-03-2023,BLK_KOL_033,5,2570.47
KOL_CUST_001067,Howrah,Howrah District,Kolkata,Premium,12-06-2023,02-06-2023,BLK_KOL_046,10,5068.57
KOL_CUST_001068,Kasba,East Kolkata,Kolkata,Regular,11-01-2023,16-12-2022,BLK_KOL_041,6,2244.45
KOL_CUST_001069,Santragachi,Howrah District,Kolkata,Premium,20-07-2023,01-07-2023,BLK_KOL_054,14,6957.98
KOL_CUST_001070,Gariahat,South Kolkata,Kolkata,Regular,17-02-2024,29-01-2024,BLK_KOL_022,9,3329.82
KOL_CUST_001071,New Town,Salt Lake & New Town,Kolkata,Regular,15-02-2023,30-01-2023,BLK_KOL_033,4,1311.9
KOL_CUST_001072,Rajarhat,Salt Lake & New Town,Kolkata,Regular,03-06-2024,24-05-2024,BLK_KOL_035,3,1077.19
KOL_CUST_001073,Santragachi,Howrah District,Kolkata,Regular,04-05-2023,14-04-2023,BLK_KOL_054,10,5833.12
KOL_CUST_001074,Santragachi,Howrah District,Kolkata,Regular,23-11-2023,06-11-2023,BLK_KOL_053,9,5284.41
KOL_CUST_001075,Howrah,Howrah District,Kolkata,Regular,07-04-2023,17-03-2023,BLK_KOL_046,8,5579.1
KOL_CUST_001076,Kasba,East Kolkata,Kolkata,Regular,31-01-2024,19-01-2024,BLK_KOL_041,11,8495.56
KOL_CUST_001077,Gariahat,South Kolkata,Kolkata,Regular,02-07-2023,18-06-2023,BLK_KOL_024,10,5688.8
KOL_CUST_001078,Baghbazar,North Kolkata,Kolkata,Regular,30-07-2024,20-07-2024,BLK_KOL_009,11,4523.55
KOL_CUST_001079,Tollygunge,South Kolkata,Kolkata,Regular,30-04-2024,26-04-2024,BLK_KOL_027,9,3517.44
KOL_CUST_001080,Shyambazar,North Kolkata,Kolkata,Regular,27-06-2023,09-06-2023,BLK_KOL_003,8,3790.76
KOL_CUST_001081,Kasba,East Kolkata,Kolkata,Regular,19-01-2024,10-01-2024,BLK_KOL_042,3,1435.19
KOL_CUST_001082,Tollygunge,South Kolkata,Kolkata,Regular,22-05-2024,16-05-2024,BLK_KOL_027,7,3511.85
KOL_CUST_001083,Ultadanga,North Kolkata,Kolkata,Regular,05-09-2024,03-09-2024,BLK_KOL_006,13,7621.16
KOL_CUST_001084,Baghbazar,North Kolkata,Kolkata,New,03-07-2023,04-06-2023,BLK_KOL_009,8,4327.61
KOL_CUST_001085,Rajarhat,Salt Lake & New Town,Kolkata,Regular,16-02-2024,20-01-2024,BLK_KOL_036,7,3412.79
KOL_CUST_001086,Park Street,Central Kolkata,Kolkata,Regular,13-02-2023,14-01-2023,BLK_KOL_013,7,2881.57
KOL_CUST_001087,Shibpur,Howrah District,Kolkata,Regular,17-10-2023,13-10-2023,BLK_KOL_051,9,5734.46
KOL_CUST_001088,New Town,Salt Lake & New Town,Kolkata,Regular,06-02-2023,11-01-2023,BLK_KOL_033,12,6851.21
KOL_CUST_001089,Gariahat,South Kolkata,Kolkata,Premium,21-04-2024,15-04-2024,BLK_KOL_022,11,3626.8
KOL_CUST_001090,Tollygunge,South Kolkata,Kolkata,New,25-07-2023,23-07-2023,BLK_KOL_026,9,5121.34
KOL_CUST_001091,Rajarhat,Salt Lake & New Town,Kolkata,Regular,27-02-2024,13-02-2024,BLK_KOL_036,6,3579.4
KOL_CUST_001092,Gariahat,South Kolkata,Kolkata,Regular,15-03-2024,21-02-2024,BLK_KOL_022,11,4439.97
KOL_CUST_001093,Salt Lake,Salt Lake & New Town,Kolkata,Premium,26-01-2023,02-01-2023,BLK_KOL_028,11,6195.74
KOL_CUST_001094,Ultadanga,North Kolkata,Kolkata,Regular,02-05-2024,19-04-2024,BLK_KOL_005,10,6959.95
KOL_CUST_001095,Rajarhat,Salt Lake & New Town,Kolkata,Regular,03-03-2024,24-02-2024,BLK_KOL_034,9,5285.56
KOL_CUST_001096,EM Bypass,East Kolkata,Kolkata,New,15-05-2023,15-04-2023,BLK_KOL_038,10,4604.18
KOL_CUST_001097,Baghbazar,North Kolkata,Kolkata,Regular,30-04-2024,02-04-2024,BLK_KOL_008,7,6384.79
KOL_CUST_001098,Behala,East Kolkata,Kolkata,Regular,27-07-2024,18-07-2024,BLK_KOL_045,14,11051.15
KOL_CUST_001099,Howrah,Howrah District,Kolkata,New,05-05-2023,24-04-2023,BLK_KOL_046,12,6572.53
KOL_CUST_001100,Esplanade,Central Kolkata,Kolkata,Regular,13-05-2024,01-05-2024,BLK_KOL_010,11,4626.57
KOL_CUST_001101,Santragachi,Howrah District,Kolkata,Regular,20-08-2024,26-07-2024,BLK_KOL_053,9,3112.86
KOL_CUST_001102,B.B.D. Bagh,Central Kolkata,Kolkata,Premium,10-03-2024,03-03-2024,BLK_KOL_018,6,3279.58
KOL_CUST_001103,New Town,Salt Lake & New Town,Kolkata,Premium,07-10-2023,20-09-2023,BLK_KOL_031,7,2565.83
KOL_CUST_001104,Park Street,Central Kolkata,Kolkata,Regular,29-07-2024,18-07-2024,BLK_KOL_013,6,2831.23
KOL_CUST_001105,Park Street,Central Kolkata,Kolkata,Regular,02-02-2023,07-01-2023,BLK_KOL_015,10,4392.36
KOL_CUST_001106,Baghbazar,North Kolkata,Kolkata,Regular,31-08-2023,18-08-2023,BLK_KOL_007,10,5662.07
KOL_CUST_001107,Gariahat,South Kolkata,Kolkata,New,21-11-2023,31-10-2023,BLK_KOL_024,11,8201.54
KOL_CUST_001108,Gariahat,South Kolkata,Kolkata,Premium,24-08-2024,01-08-2024,BLK_KOL_023,8,3461.94
KOL_CUST_001109,Ultadanga,North Kolkata,Kolkata,Regular,27-04-2023,22-04-2023,BLK_KOL_005,9,5034.29
KOL_CUST_001110,Rajarhat,Salt Lake & New Town,Kolkata,Premium,15-02-2023,23-01-2023,BLK_KOL_036,8,4941.66
KOL_CUST_001111,Behala,East Kolkata,Kolkata,Premium,10-09-2024,18-08-2024,BLK_KOL_045,12,3364.21
KOL_CUST_001112,Tollygunge,South Kolkata,Kolkata,Regular,24-03-2023,10-03-2023,BLK_KOL_025,8,4471.6
KOL_CUST_001113,Ballygunge,South Kolkata,Kolkata,Regular,24-05-2024,17-05-2024,BLK_KOL_019,10,5866.71
KOL_CUST_001114,Kasba,East Kolkata,Kolkata,Regular,15-01-2024,06-01-2024,BLK_KOL_042,8,2676.05
KOL_CUST_001115,Behala,East Kolkata,Kolkata,Regular,08-07-2024,17-06-2024,BLK_KOL_043,7,2266.46
KOL_CUST_001116,Shyambazar,North Kolkata,Kolkata,New,20-06-2023,07-06-2023,BLK_KOL_001,7,2825.11
KOL_CUST_001117,EM Bypass,East Kolkata,Kolkata,Premium,11-05-2024,23-04-2024,BLK_KOL_037,9,3876.46
KOL_CUST_001118,New Town,Salt Lake & New Town,Kolkata,New,29-08-2024,09-08-2024,BLK_KOL_033,5,2671.74
KOL_CUST_001119,Ultadanga,North Kolkata,Kolkata,Regular,19-03-2023,09-03-2023,BLK_KOL_006,8,4792.11
KOL_CUST_001120,Rajarhat,Salt Lake & New Town,Kolkata,Premium,19-02-2023,13-02-2023,BLK_KOL_035,5,2916
KOL_CUST_001121,Shibpur,Howrah District,Kolkata,New,12-06-2023,07-06-2023,BLK_KOL_050,10,3543.38
KOL_CUST_001122,Shibpur,Howrah District,Kolkata,Premium,22-07-2023,20-07-2023,BLK_KOL_051,13,4921.95
KOL_CUST_001123,Howrah,Howrah District,Kolkata,Regular,23-05-2024,23-04-2024,BLK_KOL_048,9,5835.51
KOL_CUST_001124,Tollygunge,South Kolkata,Kolkata,Regular,15-05-2024,01-05-2024,BLK_KOL_026,11,4727.26
KOL_CUST_001125,New Town,Salt Lake & New Town,Kolkata,Regular,08-09-2024,03-09-2024,BLK_KOL_033,15,7029.17
KOL_CUST_001126,Behala,East Kolkata,Kolkata,Premium,17-09-2023,11-09-2023,BLK_KOL_043,10,2836.45
KOL_CUST_001127,Tollygunge,South Kolkata,Kolkata,Regular,07-04-2023,09-03-2023,BLK_KOL_025,8,4698.16
KOL_CUST_001128,Ultadanga,North Kolkata,Kolkata,Regular,18-02-2023,02-02-2023,BLK_KOL_006,5,1077.655
KOL_CUST_001129,Park Street,Central Kolkata,Kolkata,Regular,16-10-2023,06-10-2023,BLK_KOL_014,11,3109.075
KOL_CUST_001130,B.B.D. Bagh,Central Kolkata,Kolkata,Regular,19-05-2024,27-04-2024,BLK_KOL_017,13,7060.605
KOL_CUST_001131,Shyambazar,North Kolkata,Kolkata,Premium,13-02-2023,14-01-2023,BLK_KOL_001,6,2473.22
KOL_CUST_001132,Howrah,Howrah District,Kolkata,Premium,17-06-2024,26-05-2024,BLK_KOL_046,8,3870.64
KOL_CUST_001133,Esplanade,Central Kolkata,Kolkata,New,03-02-2023,30-01-2023,BLK_KOL_011,6,2694.54
KOL_CUST_001134,Park Street,Central Kolkata,Kolkata,Regular,11-04-2023,20-03-2023,BLK_KOL_014,9,4180.75
KOL_CUST_001135,Tollygunge,South Kolkata,Kolkata,Regular,30-11-2023,28-11-2023,BLK_KOL_025,7,2653
KOL_CUST_001136,Behala,East Kolkata,Kolkata,Premium,14-02-2023,17-01-2023,BLK_KOL_043,10,4171.31
KOL_CUST_001137,Salt Lake,Salt Lake & New Town,Kolkata,Regular,04-11-2023,17-10-2023,BLK_KOL_028,10,4730.51
KOL_CUST_001138,EM Bypass,East Kolkata,Kolkata,Premium,25-07-2023,30-06-2023,BLK_KOL_037,9,4659.47
KOL_CUST_001139,Baghbazar,North Kolkata,Kolkata,Premium,18-08-2023,24-07-2023,BLK_KOL_008,9,3371.59
KOL_CUST_001140,Park Street,Central Kolkata,Kolkata,Regular,26-03-2023,02-03-2023,BLK_KOL_014,6,2616.89
KOL_CUST_001141,Salt Lake,Salt Lake & New Town,Kolkata,Regular,08-03-2024,04-03-2024,BLK_KOL_030,9,4777.76
KOL_CUST_001142,Shibpur,Howrah District,Kolkata,New,18-04-2023,02-04-2023,BLK_KOL_049,8,3956.11
KOL_CUST_001143,Kasba,East Kolkata,Kolkata,Regular,30-04-2023,10-04-2023,BLK_KOL_042,10,4298.39
KOL_CUST_001144,Kasba,East Kolkata,Kolkata,Regular,15-03-2023,28-02-2023,BLK_KOL_041,8,3026.22
KOL_CUST_001145,Park Street,Central Kolkata,Kolkata,Regular,26-09-2024,09-09-2024,BLK_KOL_014,7,1891.69
KOL_CUST_001146,Behala,East Kolkata,Kolkata,Regular,02-04-2023,28-03-2023,BLK_KOL_043,9,4532.06
KOL_CUST_001147,Salt Lake,Salt Lake & New Town,Kolkata,Regular,24-09-2024,05-09-2024,BLK_KOL_028,5,2689.78
KOL_CUST_001148,Baghbazar,North Kolkata,Kolkata,Premium,19-09-2024,05-09-2024,BLK_KOL_009,12,5893.95
KOL_CUST_001149,Behala,East Kolkata,Kolkata,Regular,18-10-2024,06-10-2024,BLK_KOL_045,13,5431.81
KOL_CUST_001150,Baghbazar,North Kolkata,Kolkata,Premium,09-01-2024,18-12-2023,BLK_KOL_008,11,6230.23
KOL_CUST_001151,B.B.D. Bagh,Central Kolkata,Kolkata,Premium,24-01-2024,26-12-2023,BLK_KOL_016,8,2982.66
KOL_CUST_001152,New Town,Salt Lake & New Town,Kolkata,Regular,14-04-2023,30-03-2023,BLK_KOL_033,9,3448.29
KOL_CUST_001153,Tollygunge,South Kolkata,Kolkata,Regular,29-08-2023,26-08-2023,BLK_KOL_026,11,5254.03
KOL_CUST_001154,Tollygunge,South Kolkata,Kolkata,Regular,24-02-2024,23-02-2024,BLK_KOL_027,12,4741.3
KOL_CUST_001155,Esplanade,Central Kolkata,Kolkata,Regular,01-01-2023,09-12-2022,BLK_KOL_011,7,3701.31
KOL_CUST_001156,Howrah,Howrah District,Kolkata,Regular,21-01-2023,30-12-2022,BLK_KOL_047,9,4727.09
KOL_CUST_001157,EM Bypass,East Kolkata,Kolkata,Premium,14-02-2024,13-02-2024,BLK_KOL_039,10,3547.96
KOL_CUST_001158,Shyambazar,North Kolkata,Kolkata,New,06-04-2024,30-03-2024,BLK_KOL_002,10,5306.03
KOL_CUST_001159,Park Street,Central Kolkata,Kolkata,Regular,11-08-2024,14-07-2024,BLK_KOL_015,9,5349.32
KOL_CUST_001160,Ballygunge,South Kolkata,Kolkata,Premium,09-04-2023,26-03-2023,BLK_KOL_021,8,2891.87
KOL_CUST_001161,B.B.D. Bagh,Central Kolkata,Kolkata,New,15-08-2024,30-07-2024,BLK_KOL_016,5,1669.56
KOL_CUST_001162,Behala,East Kolkata,Kolkata,Regular,21-08-2023,25-07-2023,BLK_KOL_045,15,8311.89
KOL_CUST_001163,Ultadanga,North Kolkata,Kolkata,Regular,11-10-2023,18-09-2023,BLK_KOL_004,8,3954.48
KOL_CUST_001164,Kasba,East Kolkata,Kolkata,Regular,23-10-2024,05-10-2024,BLK_KOL_042,7,4443.82
KOL_CUST_001165,Ultadanga,North Kolkata,Kolkata,Regular,29-03-2023,05-03-2023,BLK_KOL_006,8,4223.6
KOL_CUST_001166,Howrah,Howrah District,Kolkata,Regular,01-11-2023,18-10-2023,BLK_KOL_046,11,4453
KOL_CUST_001167,Santragachi,Howrah District,Kolkata,Regular,05-01-2023,20-12-2022,BLK_KOL_054,13,5539.93
KOL_CUST_001168,Rajarhat,Salt Lake & New Town,Kolkata,Premium,23-04-2023,13-04-2023,BLK_KOL_034,3,1465.4
KOL_CUST_001169,Howrah,Howrah District,Kolkata,Regular,06-08-2023,18-07-2023,BLK_KOL_048,12,5859.96
KOL_CUST_001170,New Town,Salt Lake & New Town,Kolkata,Premium,27-08-2024,17-08-2024,BLK_KOL_033,10,6126.79
KOL_CUST_001171,EM Bypass,East Kolkata,Kolkata,Regular,03-07-2024,07-06-2024,BLK_KOL_037,5,3680.49
KOL_CUST_001172,B.B.D. Bagh,Central Kolkata,Kolkata,Regular,24-05-2024,21-05-2024,BLK_KOL_018,9,3563.54
KOL_CUST_001173,Park Street,Central Kolkata,Kolkata,Regular,13-09-2023,09-09-2023,BLK_KOL_014,5,2484.79
KOL_CUST_001174,Howrah,Howrah District,Kolkata,Regular,17-08-2023,16-08-2023,BLK_KOL_046,10,4110.42
KOL_CUST_001175,Tollygunge,South Kolkata,Kolkata,Premium,12-09-2023,15-08-2023,BLK_KOL_026,3,2753.86
KOL_CUST_001176,Ultadanga,North Kolkata,Kolkata,Regular,21-06-2024,01-06-2024,BLK_KOL_005,7,2619.43
KOL_CUST_001177,Santragachi,Howrah District,Kolkata,New,23-07-2023,27-06-2023,BLK_KOL_052,6,3830.48
KOL_CUST_001178,Ultadanga,North Kolkata,Kolkata,Regular,12-10-2024,07-10-2024,BLK_KOL_006,1,703.78
KOL_CUST_001179,Shibpur,Howrah District,Kolkata,Regular,23-02-2024,24-01-2024,BLK_KOL_049,8,2322.75
KOL_CUST_001180,Behala,East Kolkata,Kolkata,New,26-02-2024,31-01-2024,BLK_KOL_043,7,3544.14
KOL_CUST_001181,Esplanade,Central Kolkata,Kolkata,Regular,22-01-2024,16-01-2024,BLK_KOL_012,13,8197.7
KOL_CUST_001182,Ballygunge,South Kolkata,Kolkata,Regular,21-03-2024,27-02-2024,BLK_KOL_020,14,6012.07
KOL_CUST_001183,Shibpur,Howrah District,Kolkata,Premium,13-10-2023,01-10-2023,BLK_KOL_051,11,6976.91
KOL_CUST_001184,Park Street,Central Kolkata,Kolkata,Regular,21-08-2023,07-08-2023,BLK_KOL_015,11,8474.58
KOL_CUST_001185,Shyambazar,North Kolkata,Kolkata,Regular,04-04-2023,18-03-2023,BLK_KOL_001,10,3663.69
KOL_CUST_001186,Tollygunge,South Kolkata,Kolkata,Regular,04-05-2023,12-04-2023,BLK_KOL_026,9,3909.65
KOL_CUST_001187,Shibpur,Howrah District,Kolkata,Premium,08-08-2023,25-07-2023,BLK_KOL_049,12,5340.26
KOL_CUST_001188,Kasba,East Kolkata,Kolkata,Regular,21-09-2024,09-09-2024,BLK_KOL_041,12,5543.79
KOL_CUST_001189,Behala,East Kolkata,Kolkata,Regular,27-11-2023,10-11-2023,BLK_KOL_045,10,4224.45
KOL_CUST_001190,Baghbazar,North Kolkata,Kolkata,New,11-05-2023,05-05-2023,BLK_KOL_009,8,2690.835
KOL_CUST_001191,EM Bypass,East Kolkata,Kolkata,New,18-03-2024,16-03-2024,BLK_KOL_038,6,2886.57
KOL_CUST_001192,Shibpur,Howrah District,Kolkata,Regular,02-08-2024,11-07-2024,BLK_KOL_051,13,8006.8
KOL_CUST_001193,Salt Lake,Salt Lake & New Town,Kolkata,New,09-06-2024,08-06-2024,BLK_KOL_030,7,2502.51
KOL_CUST_001194,Shibpur,Howrah District,Kolkata,Regular,16-03-2024,01-03-2024,BLK_KOL_050,5,2546.92
KOL_CUST_001195,Santragachi,Howrah District,Kolkata,Regular,14-08-2024,16-07-2024,BLK_KOL_053,16,6844.57
KOL_CUST_001196,EM Bypass,East Kolkata,Kolkata,Premium,03-06-2024,16-05-2024,BLK_KOL_038,11,7134.31
KOL_CUST_001197,Park Street,Central Kolkata,Kolkata,Regular,01-03-2023,26-02-2023,BLK_KOL_014,10,4895.83
KOL_CUST_001198,Salt Lake,Salt Lake & New Town,Kolkata,Premium,11-01-2023,10-01-2023,BLK_KOL_028,15,9582.37
KOL_CUST_001199,Santragachi,Howrah District,Kolkata,Regular,01-08-2023,22-07-2023,BLK_KOL_052,7,2905.09
KOL_CUST_001200,Shibpur,Howrah District,Kolkata,Regular,02-11-2023,24-10-2023,BLK_KOL_049,10,3478.215
KOL_CUST_001201,Rajarhat,Salt Lake & New Town,Kolkata,New,03-01-2023,19-12-2022,BLK_KOL_036,7,5123.91
KOL_CUST_001202,Shyambazar,North Kolkata,Kolkata,Regular,04-08-2023,16-07-2023,BLK_KOL_001,13,6504.82
KOL_CUST_001203,Santragachi,Howrah District,Kolkata,Regular,29-04-2024,19-04-2024,BLK_KOL_054,8,4171.55
KOL_CUST_001204,Park Street,Central Kolkata,Kolkata,Regular,23-09-2024,19-09-2024,BLK_KOL_014,7,3282.56
KOL_CUST_001205,Ballygunge,South Kolkata,Kolkata,Regular,03-07-2024,28-06-2024,BLK_KOL_019,9,5244.47
KOL_CUST_001206,Kasba,East Kolkata,Kolkata,Regular,01-11-2023,27-10-2023,BLK_KOL_041,6,2231.74
KOL_CUST_001207,Behala,East Kolkata,Kolkata,Regular,08-03-2023,18-02-2023,BLK_KOL_043,8,3433.85
KOL_CUST_001208,EM Bypass,East Kolkata,Kolkata,Regular,26-10-2024,12-10-2024,BLK_KOL_038,7,2742.39
KOL_CUST_001209,Howrah,Howrah District,Kolkata,Regular,01-08-2024,27-07-2024,BLK_KOL_047,8,3255.96
KOL_CUST_001210,Howrah,Howrah District,Kolkata,New,07-03-2024,19-02-2024,BLK_KOL_048,13,9103.91
KOL_CUST_001211,Esplanade,Central Kolkata,Kolkata,Regular,21-08-2024,28-07-2024,BLK_KOL_011,10,3970.45
KOL_CUST_001212,Santragachi,Howrah District,Kolkata,Regular,03-10-2023,19-09-2023,BLK_KOL_054,13,4685.31
KOL_CUST_001213,Rajarhat,Salt Lake & New Town,Kolkata,Regular,12-11-2023,08-11-2023,BLK_KOL_035,9,3813.2
KOL_CUST_001214,Rajarhat,Salt Lake & New Town,Kolkata,Premium,29-03-2023,24-03-2023,BLK_KOL_034,11,5381.34
KOL_CUST_001215,Kasba,East Kolkata,Kolkata,New,29-06-2023,22-06-2023,BLK_KOL_041,11,3927.47
KOL_CUST_001216,Howrah,Howrah District,Kolkata,Regular,25-02-2023,28-01-2023,BLK_KOL_046,9,2519.35
KOL_CUST_001217,Howrah,Howrah District,Kolkata,Regular,16-02-2023,05-02-2023,BLK_KOL_048,9,5448.96
KOL_CUST_001218,Howrah,Howrah District,Kolkata,Regular,08-03-2024,20-02-2024,BLK_KOL_047,11,4850.07
KOL_CUST_001219,Behala,East Kolkata,Kolkata,New,17-03-2024,06-03-2024,BLK_KOL_045,9,4001.14
KOL_CUST_001220,Kasba,East Kolkata,Kolkata,Regular,14-05-2023,12-05-2023,BLK_KOL_041,7,4232.35
KOL_CUST_001221,Behala,East Kolkata,Kolkata,New,15-02-2024,23-01-2024,BLK_KOL_043,10,3673.15
KOL_CUST_001222,Salt Lake,Salt Lake & New Town,Kolkata,Regular,30-09-2023,27-09-2023,BLK_KOL_029,12,4749.02
KOL_CUST_001223,Santragachi,Howrah District,Kolkata,New,05-11-2023,19-10-2023,BLK_KOL_053,6,2195.47
KOL_CUST_001224,Howrah,Howrah District,Kolkata,Premium,23-11-2023,24-10-2023,BLK_KOL_047,9,5916.35
KOL_CUST_001225,Shyambazar,North Kolkata,Kolkata,Regular,19-08-2023,27-07-2023,BLK_KOL_001,5,2801.08
KOL_CUST_001226,Behala,East Kolkata,Kolkata,Regular,04-03-2023,19-02-2023,BLK_KOL_043,11,3802.73
KOL_CUST_001227,Howrah,Howrah District,Kolkata,Regular,12-01-2024,06-01-2024,BLK_KOL_048,3,461.13
KOL_CUST_001228,Shibpur,Howrah District,Kolkata,Premium,24-07-2023,20-07-2023,BLK_KOL_050,12,5414.94
KOL_CUST_001229,Salt Lake,Salt Lake & New Town,Kolkata,Regular,25-07-2023,20-07-2023,BLK_KOL_028,6,2640.6
KOL_CUST_001230,Kasba,East Kolkata,Kolkata,Regular,31-01-2024,20-01-2024,BLK_KOL_042,6,2185.68
KOL_CUST_001231,Ultadanga,North Kolkata,Kolkata,Regular,13-10-2023,29-09-2023,BLK_KOL_005,13,7845.04
KOL_CUST_001232,Tollygunge,South Kolkata,Kolkata,Premium,02-10-2023,24-09-2023,BLK_KOL_026,9,6196.63
KOL_CUST_001233,Gariahat,South Kolkata,Kolkata,Regular,19-03-2023,15-03-2023,BLK_KOL_023,5,1986.9
KOL_CUST_001234,New Town,Salt Lake & New Town,Kolkata,Premium,08-05-2023,07-05-2023,BLK_KOL_033,11,5095.345
KOL_CUST_001235,Gariahat,South Kolkata,Kolkata,Regular,10-01-2024,22-12-2023,BLK_KOL_022,9,3738.23
KOL_CUST_001236,Gariahat,South Kolkata,Kolkata,Regular,05-03-2024,20-02-2024,BLK_KOL_022,13,5614.53
KOL_CUST_001237,Shibpur,Howrah District,Kolkata,Regular,21-09-2023,15-09-2023,BLK_KOL_051,16,7800.8
KOL_CUST_001238,Santragachi,Howrah District,Kolkata,Regular,11-10-2024,10-10-2024,BLK_KOL_052,6,3607.52
KOL_CUST_001239,Salt Lake,Salt Lake & New Town,Kolkata,Premium,26-03-2024,25-02-2024,BLK_KOL_028,10,6895.17
KOL_CUST_001240,Tollygunge,South Kolkata,Kolkata,New,22-05-2023,25-04-2023,BLK_KOL_027,5,1953.22
KOL_CUST_001241,Shibpur,Howrah District,Kolkata,Regular,11-09-2023,23-08-2023,BLK_KOL_050,15,6548.18
KOL_CUST_001242,Baghbazar,North Kolkata,Kolkata,Regular,01-10-2023,07-09-2023,BLK_KOL_009,11,6449.62
KOL_CUST_001243,Tollygunge,South Kolkata,Kolkata,Regular,17-04-2024,22-03-2024,BLK_KOL_027,5,2405.87
KOL_CUST_001244,New Town,Salt Lake & New Town,Kolkata,Regular,19-08-2024,28-07-2024,BLK_KOL_031,8,4516.35
KOL_CUST_001245,New Town,Salt Lake & New Town,Kolkata,Regular,30-01-2023,31-12-2022,BLK_KOL_031,8,4484.34
KOL_CUST_001246,Shyambazar,North Kolkata,Kolkata,New,03-01-2024,12-12-2023,BLK_KOL_002,13,6436.7
KOL_CUST_001247,Santragachi,Howrah District,Kolkata,Regular,07-09-2024,20-08-2024,BLK_KOL_052,14,5360.49
KOL_CUST_001248,Baghbazar,North Kolkata,Kolkata,Regular,19-04-2023,07-04-2023,BLK_KOL_007,8,3465.905
KOL_CUST_001249,EM Bypass,East Kolkata,Kolkata,Regular,02-07-2024,05-06-2024,BLK_KOL_037,8,4506.23
KOL_CUST_001250,Shyambazar,North Kolkata,Kolkata,New,27-05-2023,12-05-2023,BLK_KOL_003,10,3958.44
KOL_CUST_001251,Shyambazar,North Kolkata,Kolkata,Premium,02-07-2024,05-06-2024,BLK_KOL_001,12,5734.45
KOL_CUST_001252,Salt Lake,Salt Lake & New Town,Kolkata,Regular,23-04-2024,07-04-2024,BLK_KOL_028,8,3796.42
KOL_CUST_001253,Ultadanga,North Kolkata,Kolkata,Regular,26-01-2023,19-01-2023,BLK_KOL_006,10,5082.2
KOL_CUST_001254,EM Bypass,East Kolkata,Kolkata,Regular,13-07-2023,27-06-2023,BLK_KOL_037,12,4607.54
KOL_CUST_001255,Ballygunge,South Kolkata,Kolkata,Regular,16-10-2024,26-09-2024,BLK_KOL_021,15,8977.17
KOL_CUST_001256,Baghbazar,North Kolkata,Kolkata,Premium,30-10-2023,30-09-2023,BLK_KOL_008,8,4869.9
KOL_CUST_001257,Gariahat,South Kolkata,Kolkata,Premium,20-05-2024,28-04-2024,BLK_KOL_023,7,3058.05
KOL_CUST_001258,Santragachi,Howrah District,Kolkata,New,13-10-2024,12-10-2024,BLK_KOL_054,8,3952.18
KOL_CUST_001259,Ultadanga,North Kolkata,Kolkata,Regular,14-06-2024,31-05-2024,BLK_KOL_005,11,5792.46
KOL_CUST_001260,Shibpur,Howrah District,Kolkata,Regular,31-05-2023,29-05-2023,BLK_KOL_049,5,3324.29
KOL_CUST_001261,Gariahat,South Kolkata,Kolkata,Regular,01-05-2023,20-04-2023,BLK_KOL_022,7,4484.23
KOL_CUST_001262,Ballygunge,South Kolkata,Kolkata,Regular,13-02-2023,20-01-2023,BLK_KOL_021,9,5156.09
KOL_CUST_001263,Kasba,East Kolkata,Kolkata,Premium,07-05-2024,26-04-2024,BLK_KOL_041,6,3160.825
KOL_CUST_001264,Esplanade,Central Kolkata,Kolkata,Regular,25-04-2023,06-04-2023,BLK_KOL_011,8,5581.33
KOL_CUST_001265,New Town,Salt Lake & New Town,Kolkata,Premium,06-05-2024,28-04-2024,BLK_KOL_032,7,3649.36
KOL_CUST_001266,Ultadanga,North Kolkata,Kolkata,Regular,23-09-2024,20-09-2024,BLK_KOL_005,5,1568.56
KOL_CUST_001267,Behala,East Kolkata,Kolkata,Regular,16-08-2024,13-08-2024,BLK_KOL_044,14,6340.21
KOL_CUST_001268,Ultadanga,North Kolkata,Kolkata,Regular,30-10-2023,28-10-2023,BLK_KOL_004,4,1601.32
KOL_CUST_001269,Behala,East Kolkata,Kolkata,Regular,24-01-2023,21-01-2023,BLK_KOL_045,7,2030.205
KOL_CUST_001270,Ultadanga,North Kolkata,Kolkata,Regular,05-07-2023,22-06-2023,BLK_KOL_004,8,3779.71
KOL_CUST_001271,Kasba,East Kolkata,Kolkata,Regular,30-01-2023,10-01-2023,BLK_KOL_042,10,4431.33
KOL_CUST_001272,EM Bypass,East Kolkata,Kolkata,New,27-04-2023,07-04-2023,BLK_KOL_037,12,2893.97
KOL_CUST_001273,Shyambazar,North Kolkata,Kolkata,Regular,17-06-2023,13-06-2023,BLK_KOL_003,6,1838.89
KOL_CUST_001274,Baghbazar,North Kolkata,Kolkata,New,25-08-2023,20-08-2023,BLK_KOL_008,10,5949.2
KOL_CUST_001275,Tollygunge,South Kolkata,Kolkata,Regular,31-03-2023,16-03-2023,BLK_KOL_026,7,3116.13
KOL_CUST_001276,Park Street,Central Kolkata,Kolkata,Premium,31-01-2024,12-01-2024,BLK_KOL_014,5,3037.2
KOL_CUST_001277,Rajarhat,Salt Lake & New Town,Kolkata,Regular,28-02-2023,23-02-2023,BLK_KOL_034,10,4130.47
KOL_CUST_001278,New Town,Salt Lake & New Town,Kolkata,Regular,28-11-2023,06-11-2023,BLK_KOL_032,8,3687.82
KOL_CUST_001279,Ultadanga,North Kolkata,Kolkata,New,19-02-2023,05-02-2023,BLK_KOL_005,10,5665.59
KOL_CUST_001280,Ballygunge,South Kolkata,Kolkata,Regular,13-04-2024,02-04-2024,BLK_KOL_021,14,5227.01
KOL_CUST_001281,Howrah,Howrah District,Kolkata,Regular,27-08-2024,16-08-2024,BLK_KOL_048,9,3444.16
KOL_CUST_001282,New Town,Salt Lake & New Town,Kolkata,Regular,02-08-2024,29-07-2024,BLK_KOL_032,11,4379.57
KOL_CUST_001283,Ultadanga,North Kolkata,Kolkata,Regular,01-12-2023,08-11-2023,BLK_KOL_004,7,2978.9
KOL_CUST_001284,Ballygunge,South Kolkata,Kolkata,Regular,16-06-2023,03-06-2023,BLK_KOL_020,15,4452.385
KOL_CUST_001285,B.B.D. Bagh,Central Kolkata,Kolkata,Regular,04-01-2024,01-01-2024,BLK_KOL_017,6,2285.72
KOL_CUST_001286,Santragachi,Howrah District,Kolkata,Regular,07-07-2023,16-06-2023,BLK_KOL_053,5,2520.82
KOL_CUST_001287,Rajarhat,Salt Lake & New Town,Kolkata,Premium,17-11-2023,07-11-2023,BLK_KOL_034,11,3545.8
KOL_CUST_001288,Tollygunge,South Kolkata,Kolkata,Regular,22-06-2024,14-06-2024,BLK_KOL_026,17,5492.27
KOL_CUST_001289,Shyambazar,North Kolkata,Kolkata,New,21-07-2023,20-07-2023,BLK_KOL_001,14,6912.83
KOL_CUST_001290,Park Street,Central Kolkata,Kolkata,Regular,07-10-2023,30-09-2023,BLK_KOL_013,7,3122.42
KOL_CUST_001291,Gariahat,South Kolkata,Kolkata,Regular,26-05-2023,09-05-2023,BLK_KOL_024,7,2066.37
KOL_CUST_001292,Kasba,East Kolkata,Kolkata,Premium,03-02-2024,05-01-2024,BLK_KOL_041,15,10070.91
KOL_CUST_001293,Ballygunge,South Kolkata,Kolkata,Regular,23-05-2023,12-05-2023,BLK_KOL_019,8,3178.99
KOL_CUST_001294,Gariahat,South Kolkata,Kolkata,Premium,27-10-2024,09-10-2024,BLK_KOL_022,6,2146.93
KOL_CUST_001295,Park Street,Central Kolkata,Kolkata,Regular,05-11-2023,27-10-2023,BLK_KOL_014,11,5455.68
KOL_CUST_001296,Shibpur,Howrah District,Kolkata,Regular,07-09-2024,04-09-2024,BLK_KOL_051,12,6360.05
KOL_CUST_001297,Baghbazar,North Kolkata,Kolkata,Regular,18-05-2023,27-04-2023,BLK_KOL_009,10,3568.64
KOL_CUST_001298,Rajarhat,Salt Lake & New Town,Kolkata,Premium,09-04-2023,17-03-2023,BLK_KOL_035,14,6884.77
KOL_CUST_001299,Howrah,Howrah District,Kolkata,Regular,10-09-2024,22-08-2024,BLK_KOL_047,8,5197.96
KOL_CUST_001300,Ultadanga,North Kolkata,Kolkata,Regular,21-08-2023,13-08-2023,BLK_KOL_004,4,2786.9
KOL_CUST_001301,Salt Lake,Salt Lake & New Town,Kolkata,Regular,23-05-2023,23-04-2023,BLK_KOL_028,14,8259.23
KOL_CUST_001302,Tollygunge,South Kolkata,Kolkata,Regular,25-09-2023,15-09-2023,BLK_KOL_026,6,2860.83
KOL_CUST_001303,Rajarhat,Salt Lake & New Town,Kolkata,Regular,11-11-2023,22-10-2023,BLK_KOL_035,9,5809.06
KOL_CUST_001304,Behala,East Kolkata,Kolkata,Regular,07-05-2023,21-04-2023,BLK_KOL_044,11,5695.02
KOL_CUST_001305,EM Bypass,East Kolkata,Kolkata,Regular,20-04-2023,30-03-2023,BLK_KOL_037,12,5208.26
KOL_CUST_001306,Baghbazar,North Kolkata,Kolkata,Regular,21-03-2023,28-02-2023,BLK_KOL_008,10,5532.77
KOL_CUST_001307,Tollygunge,South Kolkata,Kolkata,Premium,20-02-2024,08-02-2024,BLK_KOL_026,11,4471.84
KOL_CUST_001308,Ballygunge,South Kolkata,Kolkata,Regular,17-06-2023,24-05-2023,BLK_KOL_020,8,5084.12
KOL_CUST_001309,Tollygunge,South Kolkata,Kolkata,New,27-01-2023,30-12-2022,BLK_KOL_025,15,7215.09
KOL_CUST_001310,Santragachi,Howrah District,Kolkata,Regular,05-01-2024,26-12-2023,BLK_KOL_053,6,2499.94
KOL_CUST_001311,EM Bypass,East Kolkata,Kolkata,Regular,23-10-2024,22-10-2024,BLK_KOL_039,10,3859.82
KOL_CUST_001312,Shibpur,Howrah District,Kolkata,New,17-03-2024,09-03-2024,BLK_KOL_049,12,6125.69
KOL_CUST_001313,Ballygunge,South Kolkata,Kolkata,Regular,13-03-2023,23-02-2023,BLK_KOL_021,10,7138.78
KOL_CUST_001314,Behala,East Kolkata,Kolkata,Regular,20-10-2023,13-10-2023,BLK_KOL_045,7,3765.8
KOL_CUST_001315,Kasba,East Kolkata,Kolkata,New,16-04-2023,15-04-2023,BLK_KOL_042,11,5788.11
KOL_CUST_001316,Park Street,Central Kolkata,Kolkata,Regular,28-11-2023,06-11-2023,BLK_KOL_014,9,5485.84
KOL_CUST_001317,New Town,Salt Lake & New Town,Kolkata,Regular,29-04-2023,16-04-2023,BLK_KOL_031,11,6333.42
KOL_CUST_001318,Santragachi,Howrah District,Kolkata,Premium,05-02-2023,10-01-2023,BLK_KOL_052,8,3823.11
KOL_CUST_001319,Park Street,Central Kolkata,Kolkata,Regular,16-06-2023,21-05-2023,BLK_KOL_013,7,3737.39
KOL_CUST_001320,EM Bypass,East Kolkata,Kolkata,New,14-04-2024,11-04-2024,BLK_KOL_039,13,4673.71
KOL_CUST_001321,Ballygunge,South Kolkata,Kolkata,Regular,17-06-2023,02-06-2023,BLK_KOL_021,4,2088.11
KOL_CUST_001322,Salt Lake,Salt Lake & New Town,Kolkata,Regular,10-10-2023,04-10-2023,BLK_KOL_030,9,3035.11
KOL_CUST_001323,Howrah,Howrah District,Kolkata,Premium,23-08-2023,10-08-2023,BLK_KOL_048,11,4468.45
KOL_CUST_001324,Gariahat,South Kolkata,Kolkata,Premium,09-03-2023,07-03-2023,BLK_KOL_023,13,10259.68
KOL_CUST_001325,Shyambazar,North Kolkata,Kolkata,Regular,06-05-2023,02-05-2023,BLK_KOL_003,7,3365.93
KOL_CUST_001326,Kasba,East Kolkata,Kolkata,Regular,28-10-2023,29-09-2023,BLK_KOL_041,7,2983.57
KOL_CUST_001327,Park Street,Central Kolkata,Kolkata,Regular,07-06-2024,15-05-2024,BLK_KOL_014,10,5726.22
KOL_CUST_001328,B.B.D. Bagh,Central Kolkata,Kolkata,Regular,07-06-2024,21-05-2024,BLK_KOL_018,7,3591.73
KOL_CUST_001329,Behala,East Kolkata,Kolkata,New,29-11-2023,14-11-2023,BLK_KOL_045,7,2633.92
KOL_CUST_001330,EM Bypass,East Kolkata,Kolkata,Regular,06-05-2024,06-04-2024,BLK_KOL_039,3,2673.5
KOL_CUST_001331,Howrah,Howrah District,Kolkata,Premium,11-02-2023,08-02-2023,BLK_KOL_048,10,3398.14
KOL_CUST_001332,Behala,East Kolkata,Kolkata,Regular,03-07-2023,06-06-2023,BLK_KOL_045,12,5311.3
KOL_CUST_001333,B.B.D. Bagh,Central Kolkata,Kolkata,New,02-09-2023,09-08-2023,BLK_KOL_017,2,1117.86
KOL_CUST_001334,EM Bypass,East Kolkata,Kolkata,Regular,03-04-2024,30-03-2024,BLK_KOL_038,5,2551.91
KOL_CUST_001335,Ultadanga,North Kolkata,Kolkata,Regular,13-09-2023,23-08-2023,BLK_KOL_004,7,2407.38
KOL_CUST_001336,Baghbazar,North Kolkata,Kolkata,New,21-04-2024,07-04-2024,BLK_KOL_009,5,1774.5
KOL_CUST_001337,Santragachi,Howrah District,Kolkata,Premium,28-05-2023,24-05-2023,BLK_KOL_054,4,1988.63
KOL_CUST_001338,New Town,Salt Lake & New Town,Kolkata,Regular,09-09-2023,23-08-2023,BLK_KOL_032,10,2352.83
KOL_CUST_001339,Shyambazar,North Kolkata,Kolkata,Regular,10-04-2023,17-03-2023,BLK_KOL_001,6,1995.83
KOL_CUST_001340,Ballygunge,South Kolkata,Kolkata,Regular,27-11-2023,04-11-2023,BLK_KOL_021,10,5237.19
KOL_CUST_001341,New Town,Salt Lake & New Town,Kolkata,Regular,25-08-2024,22-08-2024,BLK_KOL_033,10,3515.47
KOL_CUST_001342,Gariahat,South Kolkata,Kolkata,Premium,12-08-2024,16-07-2024,BLK_KOL_024,7,2139.52
KOL_CUST_001343,B.B.D. Bagh,Central Kolkata,Kolkata,Regular,23-11-2023,17-11-2023,BLK_KOL_017,6,1921.94
KOL_CUST_001344,Santragachi,Howrah District,Kolkata,Premium,27-03-2024,02-03-2024,BLK_KOL_052,9,3571.27
KOL_CUST_001345,Tollygunge,South Kolkata,Kolkata,Premium,02-06-2023,10-05-2023,BLK_KOL_025,9,2755.265
KOL_CUST_001346,Santragachi,Howrah District,Kolkata,Regular,08-11-2023,13-10-2023,BLK_KOL_052,3,904.29
KOL_CUST_001347,Esplanade,Central Kolkata,Kolkata,Regular,28-06-2023,08-06-2023,BLK_KOL_012,9,5183.49
KOL_CUST_001348,EM Bypass,East Kolkata,Kolkata,Regular,07-05-2024,29-04-2024,BLK_KOL_037,7,2008.79
KOL_CUST_001349,Shyambazar,North Kolkata,Kolkata,Regular,25-11-2023,18-11-2023,BLK_KOL_003,10,4163.24
KOL_CUST_001350,Baghbazar,North Kolkata,Kolkata,Regular,14-10-2023,17-09-2023,BLK_KOL_007,10,5261.72
KOL_CUST_001351,B.B.D. Bagh,Central Kolkata,Kolkata,Premium,15-03-2023,04-03-2023,BLK_KOL_017,10,6994.01
KOL_CUST_001352,Ballygunge,South Kolkata,Kolkata,Regular,04-10-2024,20-09-2024,BLK_KOL_020,11,3503.53
KOL_CUST_001353,Ballygunge,South Kolkata,Kolkata,Premium,20-06-2023,07-06-2023,BLK_KOL_021,8,3213.61
KOL_CUST_001354,Shyambazar,North Kolkata,Kolkata,Regular,12-04-2023,21-03-2023,BLK_KOL_002,14,6564.76
KOL_CUST_001355,Rajarhat,Salt Lake & New Town,Kolkata,Regular,13-08-2023,19-07-2023,BLK_KOL_036,8,5181.52
KOL_CUST_001356,Esplanade,Central Kolkata,Kolkata,Premium,18-10-2024,14-10-2024,BLK_KOL_011,6,3295.59
KOL_CUST_001357,EM Bypass,East Kolkata,Kolkata,Regular,09-03-2024,17-02-2024,BLK_KOL_037,5,2850.75
KOL_CUST_001358,New Town,Salt Lake & New Town,Kolkata,Premium,03-09-2024,02-09-2024,BLK_KOL_031,10,5848
KOL_CUST_001359,Behala,East Kolkata,Kolkata,Regular,09-01-2023,23-12-2022,BLK_KOL_043,14,7386.05
KOL_CUST_001360,Shyambazar,North Kolkata,Kolkata,Regular,21-01-2023,17-01-2023,BLK_KOL_003,10,6264.76
KOL_CUST_001361,Kasba,East Kolkata,Kolkata,Premium,10-02-2024,29-01-2024,BLK_KOL_041,12,3697.215
KOL_CUST_001362,Ballygunge,South Kolkata,Kolkata,Regular,20-08-2023,12-08-2023,BLK_KOL_021,9,4873.31
KOL_CUST_001363,Behala,East Kolkata,Kolkata,Premium,17-06-2024,06-06-2024,BLK_KOL_045,12,6476.88
KOL_CUST_001364,Ultadanga,North Kolkata,Kolkata,Regular,04-05-2023,24-04-2023,BLK_KOL_005,14,9895.42
KOL_CUST_001365,Gariahat,South Kolkata,Kolkata,Regular,18-06-2024,11-06-2024,BLK_KOL_024,9,5006.44
KOL_CUST_001366,Gariahat,South Kolkata,Kolkata,Regular,23-04-2024,10-04-2024,BLK_KOL_022,3,1106.98
KOL_CUST_001367,B.B.D. Bagh,Central Kolkata,Kolkata,Premium,29-11-2023,13-11-2023,BLK_KOL_018,9,4704.98
KOL_CUST_001368,Ballygunge,South Kolkata,Kolkata,New,21-09-2023,16-09-2023,BLK_KOL_020,8,3355.61
KOL_CUST_001369,Santragachi,Howrah District,Kolkata,Regular,14-04-2024,11-04-2024,BLK_KOL_053,18,9253.68
KOL_CUST_001370,Behala,East Kolkata,Kolkata,Regular,23-08-2023,17-08-2023,BLK_KOL_043,6,3152.26
KOL_CUST_001371,Salt Lake,Salt Lake & New Town,Kolkata,New,17-04-2023,10-04-2023,BLK_KOL_030,8,2187.3
KOL_CUST_001372,Howrah,Howrah District,Kolkata,Regular,01-06-2023,26-05-2023,BLK_KOL_046,12,8466.86
KOL_CUST_001373,Kasba,East Kolkata,Kolkata,Regular,25-04-2023,29-03-2023,BLK_KOL_040,10,4613.68
KOL_CUST_001374,Howrah,Howrah District,Kolkata,Regular,21-05-2023,18-05-2023,BLK_KOL_047,10,6524.31
KOL_CUST_001375,Salt Lake,Salt Lake & New Town,Kolkata,Regular,15-09-2023,09-09-2023,BLK_KOL_028,10,4879.85
KOL_CUST_001376,Behala,East Kolkata,Kolkata,Regular,10-07-2023,20-06-2023,BLK_KOL_044,8,3859.36
KOL_CUST_001377,New Town,Salt Lake & New Town,Kolkata,Premium,06-04-2023,07-03-2023,BLK_KOL_032,9,5059.98
KOL_CUST_001378,Shyambazar,North Kolkata,Kolkata,Regular,10-07-2024,10-06-2024,BLK_KOL_002,8,5320.06
KOL_CUST_001379,EM Bypass,East Kolkata,Kolkata,Regular,10-07-2024,30-06-2024,BLK_KOL_039,11,6611.75
KOL_CUST_001380,Baghbazar,North Kolkata,Kolkata,New,13-11-2023,09-11-2023,BLK_KOL_007,10,4526.37
KOL_CUST_001381,B.B.D. Bagh,Central Kolkata,Kolkata,New,23-04-2023,29-03-2023,BLK_KOL_017,16,10193.56
KOL_CUST_001382,Rajarhat,Salt Lake & New Town,Kolkata,Regular,27-03-2023,15-03-2023,BLK_KOL_034,11,5998.51
KOL_CUST_001383,EM Bypass,East Kolkata,Kolkata,Regular,06-05-2024,04-05-2024,BLK_KOL_039,5,3509.33
KOL_CUST_001384,Rajarhat,Salt Lake & New Town,Kolkata,Regular,15-01-2024,25-12-2023,BLK_KOL_034,10,4143.82
KOL_CUST_001385,Behala,East Kolkata,Kolkata,Regular,16-03-2024,25-02-2024,BLK_KOL_045,6,2480.13
KOL_CUST_001386,B.B.D. Bagh,Central Kolkata,Kolkata,Regular,16-10-2023,16-09-2023,BLK_KOL_016,11,6352.49
KOL_CUST_001387,Baghbazar,North Kolkata,Kolkata,New,28-08-2023,22-08-2023,BLK_KOL_009,12,6567.1
KOL_CUST_001388,Tollygunge,South Kolkata,Kolkata,New,13-09-2024,22-08-2024,BLK_KOL_025,6,2884.58
KOL_CUST_001389,Salt Lake,Salt Lake & New Town,Kolkata,Premium,15-02-2024,27-01-2024,BLK_KOL_030,5,2378.81
KOL_CUST_001390,Rajarhat,Salt Lake & New Town,Kolkata,Regular,17-05-2024,17-04-2024,BLK_KOL_034,10,5006.99
KOL_CUST_001391,Salt Lake,Salt Lake & New Town,Kolkata,Regular,07-09-2023,06-09-2023,BLK_KOL_028,10,4630.37
KOL_CUST_001392,Kasba,East Kolkata,Kolkata,Regular,01-01-2023,18-12-2022,BLK_KOL_040,10,3953.445
KOL_CUST_001393,Rajarhat,Salt Lake & New Town,Kolkata,Premium,25-09-2023,19-09-2023,BLK_KOL_034,14,6124.8
KOL_CUST_001394,Esplanade,Central Kolkata,Kolkata,Premium,16-08-2023,14-08-2023,BLK_KOL_011,11,6205.41
KOL_CUST_001395,Ballygunge,South Kolkata,Kolkata,Regular,07-05-2023,07-04-2023,BLK_KOL_021,12,5797.68
KOL_CUST_001396,B.B.D. Bagh,Central Kolkata,Kolkata,Regular,20-10-2023,11-10-2023,BLK_KOL_016,9,3781.85
KOL_CUST_001397,Shyambazar,North Kolkata,Kolkata,Regular,02-04-2023,08-03-2023,BLK_KOL_001,1,650.87
KOL_CUST_001398,Ultadanga,North Kolkata,Kolkata,Regular,29-11-2023,03-11-2023,BLK_KOL_004,9,3692.3
KOL_CUST_001399,Esplanade,Central Kolkata,Kolkata,Regular,29-11-2023,12-11-2023,BLK_KOL_011,7,3774.035
KOL_CUST_001400,Tollygunge,South Kolkata,Kolkata,Regular,30-08-2024,10-08-2024,BLK_KOL_026,9,4745.56
KOL_CUST_001401,Rajarhat,Salt Lake & New Town,Kolkata,New,24-06-2024,28-05-2024,BLK_KOL_035,10,3130.56
KOL_CUST_001402,Rajarhat,Salt Lake & New Town,Kolkata,Regular,12-07-2024,30-06-2024,BLK_KOL_034,13,4402.4
KOL_CUST_001403,Esplanade,Central Kolkata,Kolkata,Regular,11-05-2023,12-04-2023,BLK_KOL_010,4,1459.89
KOL_CUST_001404,Shyambazar,North Kolkata,Kolkata,Regular,28-09-2024,05-09-2024,BLK_KOL_003,5,2909.25
KOL_CUST_001405,Gariahat,South Kolkata,Kolkata,Regular,20-01-2023,23-12-2022,BLK_KOL_022,8,4589.01
KOL_CUST_001406,Kasba,East Kolkata,Kolkata,New,02-01-2024,06-12-2023,BLK_KOL_042,5,3691.54
KOL_CUST_001407,Rajarhat,Salt Lake & New Town,Kolkata,Regular,15-06-2024,07-06-2024,BLK_KOL_034,13,6461.55
KOL_CUST_001408,EM Bypass,East Kolkata,Kolkata,Regular,11-02-2024,12-01-2024,BLK_KOL_039,8,4748.09
KOL_CUST_001409,Howrah,Howrah District,Kolkata,Regular,21-02-2024,11-02-2024,BLK_KOL_046,12,4646.06
KOL_CUST_001410,Park Street,Central Kolkata,Kolkata,Regular,19-10-2024,26-09-2024,BLK_KOL_013,7,4788.97
KOL_CUST_001411,Park Street,Central Kolkata,Kolkata,Regular,19-10-2023,27-09-2023,BLK_KOL_015,8,3749.44
KOL_CUST_001412,Behala,East Kolkata,Kolkata,New,18-04-2023,02-04-2023,BLK_KOL_044,6,1710.04
KOL_CUST_001413,Gariahat,South Kolkata,Kolkata,Regular,06-09-2023,15-08-2023,BLK_KOL_024,9,6309.02
KOL_CUST_001414,Esplanade,Central Kolkata,Kolkata,Premium,18-11-2023,19-10-2023,BLK_KOL_010,9,4030.92
KOL_CUST_001415,EM Bypass,East Kolkata,Kolkata,Regular,22-04-2024,31-03-2024,BLK_KOL_037,13,7214.14
KOL_CUST_001416,Esplanade,Central Kolkata,Kolkata,Regular,30-09-2024,14-09-2024,BLK_KOL_010,8,3615.45
KOL_CUST_001417,New Town,Salt Lake & New Town,Kolkata,Regular,21-10-2024,01-10-2024,BLK_KOL_032,6,2524.2
KOL_CUST_001418,New Town,Salt Lake & New Town,Kolkata,Regular,21-05-2023,25-04-2023,BLK_KOL_031,12,5050.44
KOL_CUST_001419,Kasba,East Kolkata,Kolkata,Regular,24-04-2024,14-04-2024,BLK_KOL_042,7,2157.06
KOL_CUST_001420,Baghbazar,North Kolkata,Kolkata,New,02-02-2023,09-01-2023,BLK_KOL_007,6,3091
KOL_CUST_001421,Rajarhat,Salt Lake & New Town,Kolkata,New,25-06-2023,06-06-2023,BLK_KOL_035,9,4855.29
KOL_CUST_001422,Salt Lake,Salt Lake & New Town,Kolkata,Premium,03-03-2023,18-02-2023,BLK_KOL_030,8,3821.7
KOL_CUST_001423,New Town,Salt Lake & New Town,Kolkata,Regular,05-03-2024,14-02-2024,BLK_KOL_033,12,5599.41
KOL_CUST_001424,Esplanade,Central Kolkata,Kolkata,New,02-03-2023,19-02-2023,BLK_KOL_012,9,3974.5
KOL_CUST_001425,Salt Lake,Salt Lake & New Town,Kolkata,Regular,12-09-2024,07-09-2024,BLK_KOL_029,11,5403.78
KOL_CUST_001426,Park Street,Central Kolkata,Kolkata,Regular,18-01-2024,08-01-2024,BLK_KOL_014,9,1986.91
KOL_CUST_001427,Esplanade,Central Kolkata,Kolkata,Regular,12-02-2023,16-01-2023,BLK_KOL_011,7,2345.57
KOL_CUST_001428,Salt Lake,Salt Lake & New Town,Kolkata,Premium,11-07-2024,15-06-2024,BLK_KOL_030,13,6518.32
KOL_CUST_001429,Ballygunge,South Kolkata,Kolkata,Regular,25-04-2024,23-04-2024,BLK_KOL_019,12,6221.15
KOL_CUST_001430,B.B.D. Bagh,Central Kolkata,Kolkata,Regular,19-07-2024,22-06-2024,BLK_KOL_018,7,3114.34
KOL_CUST_001431,B.B.D. Bagh,Central Kolkata,Kolkata,Regular,07-10-2024,23-09-2024,BLK_KOL_018,6,2015.06
KOL_CUST_001432,Rajarhat,Salt Lake & New Town,Kolkata,Premium,19-07-2024,25-06-2024,BLK_KOL_036,9,3681.98
KOL_CUST_001433,Ballygunge,South Kolkata,Kolkata,Regular,07-10-2024,02-10-2024,BLK_KOL_019,6,1863.87
KOL_CUST_001434,Ultadanga,North Kolkata,Kolkata,Regular,04-06-2024,29-05-2024,BLK_KOL_006,8,3539.17
KOL_CUST_001435,Behala,East Kolkata,Kolkata,New,29-05-2024,22-05-2024,BLK_KOL_043,11,4335.72
KOL_CUST_001436,Ballygunge,South Kolkata,Kolkata,Regular,05-01-2024,08-12-2023,BLK_KOL_020,11,4102.63
KOL_CUST_001437,Park Street,Central Kolkata,Kolkata,Regular,28-04-2023,22-04-2023,BLK_KOL_013,7,3861.37
KOL_CUST_001438,Esplanade,Central Kolkata,Kolkata,Premium,04-04-2023,02-04-2023,BLK_KOL_012,6,850.905
KOL_CUST_001439,Shibpur,Howrah District,Kolkata,New,10-08-2024,20-07-2024,BLK_KOL_049,6,1751.21
KOL_CUST_001440,Gariahat,South Kolkata,Kolkata,Regular,01-08-2023,22-07-2023,BLK_KOL_022,9,5795.45
KOL_CUST_001441,B.B.D. Bagh,Central Kolkata,Kolkata,Regular,11-07-2024,15-06-2024,BLK_KOL_016,12,8008.31
KOL_CUST_001442,Baghbazar,North Kolkata,Kolkata,Regular,14-07-2024,23-06-2024,BLK_KOL_007,13,6743.45
KOL_CUST_001443,Shyambazar,North Kolkata,Kolkata,Premium,21-10-2023,30-09-2023,BLK_KOL_001,8,4077.66
KOL_CUST_001444,Shibpur,Howrah District,Kolkata,Regular,05-02-2023,17-01-2023,BLK_KOL_051,7,2942.59
KOL_CUST_001445,Esplanade,Central Kolkata,Kolkata,Regular,02-04-2024,12-03-2024,BLK_KOL_011,11,5526.47
KOL_CUST_001446,Salt Lake,Salt Lake & New Town,Kolkata,Regular,13-10-2023,20-09-2023,BLK_KOL_028,9,5889.34
KOL_CUST_001447,Santragachi,Howrah District,Kolkata,Regular,22-11-2023,26-10-2023,BLK_KOL_052,14,5390.26
KOL_CUST_001448,Shibpur,Howrah District,Kolkata,Regular,12-03-2023,22-02-2023,BLK_KOL_049,4,1946.41
KOL_CUST_001449,Esplanade,Central Kolkata,Kolkata,New,16-04-2024,18-03-2024,BLK_KOL_010,9,4257.28
KOL_CUST_001450,B.B.D. Bagh,Central Kolkata,Kolkata,Regular,18-04-2023,14-04-2023,BLK_KOL_016,8,2730.68
KOL_CUST_001451,Ballygunge,South Kolkata,Kolkata,Regular,14-02-2024,17-01-2024,BLK_KOL_021,9,3082.22
KOL_CUST_001452,Baghbazar,North Kolkata,Kolkata,Regular,16-09-2024,29-08-2024,BLK_KOL_009,7,2892.54
KOL_CUST_001453,Shyambazar,North Kolkata,Kolkata,New,09-11-2023,23-10-2023,BLK_KOL_003,8,3513.2
KOL_CUST_001454,Salt Lake,Salt Lake & New Town,Kolkata,Premium,15-08-2024,30-07-2024,BLK_KOL_030,7,3096.005
KOL_CUST_001455,Shibpur,Howrah District,Kolkata,Regular,29-06-2024,12-06-2024,BLK_KOL_049,15,6382.24
KOL_CUST_001456,Esplanade,Central Kolkata,Kolkata,Regular,23-01-2024,16-01-2024,BLK_KOL_012,10,4182.67
KOL_CUST_001457,Ballygunge,South Kolkata,Kolkata,Regular,09-10-2024,27-09-2024,BLK_KOL_019,15,4933.12
KOL_CUST_001458,Kasba,East Kolkata,Kolkata,Regular,25-07-2023,04-07-2023,BLK_KOL_042,4,1227.855
KOL_CUST_001459,EM Bypass,East Kolkata,Kolkata,Regular,25-07-2023,02-07-2023,BLK_KOL_038,6,2534.11
KOL_CUST_001460,Ballygunge,South Kolkata,Kolkata,New,18-07-2023,25-06-2023,BLK_KOL_021,11,5189.3
KOL_CUST_001461,Rajarhat,Salt Lake & New Town,Kolkata,Regular,05-01-2023,16-12-2022,BLK_KOL_035,19,8233.44
KOL_CUST_001462,Park Street,Central Kolkata,Kolkata,Regular,24-04-2023,04-04-2023,BLK_KOL_015,6,2506.11
KOL_CUST_001463,Tollygunge,South Kolkata,Kolkata,Regular,07-10-2023,23-09-2023,BLK_KOL_027,3,561.73
KOL_CUST_001464,Baghbazar,North Kolkata,Kolkata,Regular,15-06-2023,10-06-2023,BLK_KOL_008,11,4933.54
KOL_CUST_001465,Gariahat,South Kolkata,Kolkata,Regular,13-10-2023,05-10-2023,BLK_KOL_024,11,4390.6
KOL_CUST_001466,Esplanade,Central Kolkata,Kolkata,Premium,04-03-2024,09-02-2024,BLK_KOL_011,6,1898.27
KOL_CUST_001467,Howrah,Howrah District,Kolkata,Regular,07-06-2023,10-05-2023,BLK_KOL_046,14,6421.61
KOL_CUST_001468,Tollygunge,South Kolkata,Kolkata,Premium,25-01-2024,31-12-2023,BLK_KOL_027,11,5052.805
KOL_CUST_001469,Rajarhat,Salt Lake & New Town,Kolkata,Regular,29-09-2024,31-08-2024,BLK_KOL_034,7,3666.1
KOL_CUST_001470,Howrah,Howrah District,Kolkata,Premium,23-07-2023,06-07-2023,BLK_KOL_047,7,3102.19
KOL_CUST_001471,Park Street,Central Kolkata,Kolkata,Regular,15-02-2023,13-02-2023,BLK_KOL_013,8,3067.35
KOL_CUST_001472,Rajarhat,Salt Lake & New Town,Kolkata,Regular,07-05-2024,23-04-2024,BLK_KOL_035,7,3370.26
KOL_CUST_001473,B.B.D. Bagh,Central Kolkata,Kolkata,Regular,04-06-2023,18-05-2023,BLK_KOL_017,13,6084.08
KOL_CUST_001474,Kasba,East Kolkata,Kolkata,Regular,07-08-2023,10-07-2023,BLK_KOL_041,7,2724.81
KOL_CUST_001475,Salt Lake,Salt Lake & New Town,Kolkata,Regular,25-06-2023,04-06-2023,BLK_KOL_028,13,5404.95
KOL_CUST_001476,Gariahat,South Kolkata,Kolkata,Regular,25-03-2024,22-03-2024,BLK_KOL_024,10,3496.295
KOL_CUST_001477,Santragachi,Howrah District,Kolkata,New,06-01-2024,23-12-2023,BLK_KOL_054,7,2555.7
KOL_CUST_001478,Park Street,Central Kolkata,Kolkata,Regular,14-03-2023,20-02-2023,BLK_KOL_015,7,2345.99
KOL_CUST_001479,Esplanade,Central Kolkata,Kolkata,Premium,21-01-2023,25-12-2022,BLK_KOL_010,12,5676.29
KOL_CUST_001480,Kasba,East Kolkata,Kolkata,Regular,25-06-2024,01-06-2024,BLK_KOL_041,11,5137.41
KOL_CUST_001481,Shibpur,Howrah District,Kolkata,Regular,22-01-2024,16-01-2024,BLK_KOL_050,13,6846.48
KOL_CUST_001482,Shibpur,Howrah District,Kolkata,Premium,30-03-2024,03-03-2024,BLK_KOL_050,12,4155.72
KOL_CUST_001483,Rajarhat,Salt Lake & New Town,Kolkata,Regular,04-08-2024,29-07-2024,BLK_KOL_035,13,6575.19
KOL_CUST_001484,Esplanade,Central Kolkata,Kolkata,Regular,28-07-2023,30-06-2023,BLK_KOL_010,10,4938.64
KOL_CUST_001485,Esplanade,Central Kolkata,Kolkata,Regular,30-03-2023,23-03-2023,BLK_KOL_011,8,4027.94
KOL_CUST_001486,EM Bypass,East Kolkata,Kolkata,New,29-06-2023,08-06-2023,BLK_KOL_039,5,2630.82
KOL_CUST_001487,Ultadanga,North Kolkata,Kolkata,Premium,06-09-2024,05-09-2024,BLK_KOL_004,5,1548.91
KOL_CUST_001488,New Town,Salt Lake & New Town,Kolkata,Premium,09-10-2023,10-09-2023,BLK_KOL_032,12,6235.66
KOL_CUST_001489,EM Bypass,East Kolkata,Kolkata,Regular,12-10-2023,05-10-2023,BLK_KOL_037,9,3887.29
KOL_CUST_001490,Shibpur,Howrah District,Kolkata,Premium,29-07-2024,13-07-2024,BLK_KOL_051,7,2921.52
KOL_CUST_001491,Tollygunge,South Kolkata,Kolkata,Regular,14-05-2023,02-05-2023,BLK_KOL_027,6,3326.4
KOL_CUST_001492,B.B.D. Bagh,Central Kolkata,Kolkata,Premium,18-07-2023,03-07-2023,BLK_KOL_018,7,3311
KOL_CUST_001493,Behala,East Kolkata,Kolkata,Regular,04-06-2023,03-06-2023,BLK_KOL_045,3,1836.51
KOL_CUST_001494,Ballygunge,South Kolkata,Kolkata,Premium,10-07-2023,27-06-2023,BLK_KOL_019,14,5596.81
KOL_CUST_001495,New Town,Salt Lake & New Town,Kolkata,Regular,23-03-2024,07-03-2024,BLK_KOL_032,9,3147.64
KOL_CUST_001496,Tollygunge,South Kolkata,Kolkata,Regular,27-03-2023,01-03-2023,BLK_KOL_026,9,4856.52
KOL_CUST_001497,Park Street,Central Kolkata,Kolkata,Regular,12-05-2023,12-04-2023,BLK_KOL_013,14,7476.23
KOL_CUST_001498,EM Bypass,East Kolkata,Kolkata,Regular,08-10-2023,03-10-2023,BLK_KOL_038,10,5512.17
KOL_CUST_001499,Shibpur,Howrah District,Kolkata,Premium,03-08-2023,07-07-2023,BLK_KOL_051,7,2752.62
KOL_CUST_001500,Shyambazar,North Kolkata,Kolkata,Regular,07-07-2023,04-07-2023,BLK_KOL_003,9,2878.13
KOL_CUST_001501,Gariahat,South Kolkata,Kolkata,Premium,18-09-2024,09-09-2024,BLK_KOL_022,4,2005.87
KOL_CUST_001502,Tollygunge,South Kolkata,Kolkata,Regular,06-05-2024,22-04-2024,BLK_KOL_027,12,4765.07
KOL_CUST_001503,Esplanade,Central Kolkata,Kolkata,Regular,14-09-2024,07-09-2024,BLK_KOL_012,6,3824.23
KOL_CUST_001504,Park Street,Central Kolkata,Kolkata,Regular,26-09-2023,17-09-2023,BLK_KOL_015,5,1382.43
KOL_CUST_001505,Park Street,Central Kolkata,Kolkata,Premium,21-01-2023,24-12-2022,BLK_KOL_015,11,5240.52
KOL_CUST_001506,Kasba,East Kolkata,Kolkata,New,12-01-2023,04-01-2023,BLK_KOL_040,7,3571.95
KOL_CUST_001507,Howrah,Howrah District,Kolkata,Regular,28-04-2023,18-04-2023,BLK_KOL_047,6,3244.54
KOL_CUST_001508,Rajarhat,Salt Lake & New Town,Kolkata,Regular,06-06-2023,29-05-2023,BLK_KOL_035,6,3657.99
KOL_CUST_001509,Ultadanga,North Kolkata,Kolkata,Premium,02-12-2023,08-11-2023,BLK_KOL_006,5,2492.2
KOL_CUST_001510,Salt Lake,Salt Lake & New Town,Kolkata,Premium,26-01-2023,20-01-2023,BLK_KOL_030,8,3192.66
KOL_CUST_001511,Howrah,Howrah District,Kolkata,Premium,30-06-2023,08-06-2023,BLK_KOL_047,8,2552.9
KOL_CUST_001512,Santragachi,Howrah District,Kolkata,Regular,07-03-2024,12-02-2024,BLK_KOL_054,12,6478.02
KOL_CUST_001513,Shibpur,Howrah District,Kolkata,Regular,01-05-2024,24-04-2024,BLK_KOL_051,14,6209.07
KOL_CUST_001514,Baghbazar,North Kolkata,Kolkata,Regular,07-03-2024,16-02-2024,BLK_KOL_008,12,4076.48
KOL_CUST_001515,Ballygunge,South Kolkata,Kolkata,New,18-04-2023,15-04-2023,BLK_KOL_021,9,4376.96
KOL_CUST_001516,New Town,Salt Lake & New Town,Kolkata,New,04-04-2023,28-03-2023,BLK_KOL_032,4,2040.92
KOL_CUST_001517,Park Street,Central Kolkata,Kolkata,Regular,26-08-2023,03-08-2023,BLK_KOL_015,11,3892.42
KOL_CUST_001518,Santragachi,Howrah District,Kolkata,Regular,06-07-2024,13-06-2024,BLK_KOL_053,11,3888.69
KOL_CUST_001519,Kasba,East Kolkata,Kolkata,Regular,02-05-2023,15-04-2023,BLK_KOL_040,6,3078.96
KOL_CUST_001520,B.B.D. Bagh,Central Kolkata,Kolkata,Regular,27-09-2023,08-09-2023,BLK_KOL_016,6,3112.12
KOL_CUST_001521,Ballygunge,South Kolkata,Kolkata,Regular,22-07-2024,04-07-2024,BLK_KOL_019,9,2385.84
KOL_CUST_001522,Baghbazar,North Kolkata,Kolkata,Regular,17-03-2023,20-02-2023,BLK_KOL_008,7,3087.2
KOL_CUST_001523,Tollygunge,South Kolkata,Kolkata,Premium,01-12-2023,24-11-2023,BLK_KOL_027,9,4868.06
KOL_CUST_001524,Shyambazar,North Kolkata,Kolkata,Regular,19-09-2024,27-08-2024,BLK_KOL_003,6,3107.16
KOL_CUST_001525,Tollygunge,South Kolkata,Kolkata,Regular,12-08-2023,03-08-2023,BLK_KOL_027,8,5855.62
KOL_CUST_001526,B.B.D. Bagh,Central Kolkata,Kolkata,Regular,04-03-2023,02-03-2023,BLK_KOL_018,5,3213.08
KOL_CUST_001527,Tollygunge,South Kolkata,Kolkata,New,18-05-2024,16-05-2024,BLK_KOL_026,10,5570.18
KOL_CUST_001528,Gariahat,South Kolkata,Kolkata,Regular,17-04-2024,16-04-2024,BLK_KOL_024,9,3400.09
KOL_CUST_001529,Rajarhat,Salt Lake & New Town,Kolkata,Regular,24-02-2023,19-02-2023,BLK_KOL_035,8,3569.86
KOL_CUST_001530,Salt Lake,Salt Lake & New Town,Kolkata,Regular,03-11-2023,02-11-2023,BLK_KOL_030,9,4302.02
KOL_CUST_001531,Gariahat,South Kolkata,Kolkata,Premium,23-05-2024,22-05-2024,BLK_KOL_023,10,3922.06
KOL_CUST_001532,Esplanade,Central Kolkata,Kolkata,New,14-07-2024,05-07-2024,BLK_KOL_010,7,2340.95
KOL_CUST_001533,Santragachi,Howrah District,Kolkata,Regular,20-04-2023,11-04-2023,BLK_KOL_052,12,5703.4
KOL_CUST_001534,EM Bypass,East Kolkata,Kolkata,Regular,06-08-2023,23-07-2023,BLK_KOL_039,6,3126.03
KOL_CUST_001535,Howrah,Howrah District,Kolkata,Regular,01-09-2023,05-08-2023,BLK_KOL_047,11,3672.66
KOL_CUST_001536,Ballygunge,South Kolkata,Kolkata,Regular,01-09-2023,31-08-2023,BLK_KOL_019,11,4631.6
KOL_CUST_001537,B.B.D. Bagh,Central Kolkata,Kolkata,Premium,06-04-2024,03-04-2024,BLK_KOL_016,7,3233.63
KOL_CUST_001538,Behala,East Kolkata,Kolkata,Premium,25-07-2024,08-07-2024,BLK_KOL_044,6,2240.39
KOL_CUST_001539,Shyambazar,North Kolkata,Kolkata,Regular,12-07-2024,08-07-2024,BLK_KOL_003,3,1513.67
KOL_CUST_001540,Ultadanga,North Kolkata,Kolkata,Regular,21-10-2023,30-09-2023,BLK_KOL_004,11,4041.05
KOL_CUST_001541,Shyambazar,North Kolkata,Kolkata,Regular,24-02-2024,28-01-2024,BLK_KOL_002,9,3832.74
KOL_CUST_001542,Baghbazar,North Kolkata,Kolkata,Regular,01-04-2023,03-03-2023,BLK_KOL_009,13,7823.22
KOL_CUST_001543,B.B.D. Bagh,Central Kolkata,Kolkata,Premium,01-04-2023,30-03-2023,BLK_KOL_017,9,5387.735
KOL_CUST_001544,Tollygunge,South Kolkata,Kolkata,Premium,04-03-2024,02-03-2024,BLK_KOL_027,6,1989.52
KOL_CUST_001545,Salt Lake,Salt Lake & New Town,Kolkata,Premium,04-05-2023,04-04-2023,BLK_KOL_030,11,3278.2
KOL_CUST_001546,Gariahat,South Kolkata,Kolkata,Regular,18-09-2023,08-09-2023,BLK_KOL_023,7,3184.51
KOL_CUST_001547,EM Bypass,East Kolkata,Kolkata,Regular,27-02-2024,23-02-2024,BLK_KOL_038,8,3525.115
KOL_CUST_001548,Salt Lake,Salt Lake & New Town,Kolkata,Regular,21-01-2023,09-01-2023,BLK_KOL_029,4,1324.53
KOL_CUST_001549,Baghbazar,North Kolkata,Kolkata,Premium,18-03-2024,01-03-2024,BLK_KOL_007,4,976.54
KOL_CUST_001550,B.B.D. Bagh,Central Kolkata,Kolkata,New,17-03-2024,24-02-2024,BLK_KOL_017,9,7244.53
KOL_CUST_001551,Salt Lake,Salt Lake & New Town,Kolkata,Regular,10-10-2023,24-09-2023,BLK_KOL_030,10,5113.8
KOL_CUST_001552,Tollygunge,South Kolkata,Kolkata,Regular,09-02-2024,12-01-2024,BLK_KOL_027,4,3023.35
KOL_CUST_001553,Park Street,Central Kolkata,Kolkata,Regular,16-03-2024,03-03-2024,BLK_KOL_013,3,1193.65
KOL_CUST_001554,Howrah,Howrah District,Kolkata,Regular,27-02-2024,03-02-2024,BLK_KOL_046,11,3489.11
KOL_CUST_001555,Baghbazar,North Kolkata,Kolkata,Premium,28-09-2023,15-09-2023,BLK_KOL_008,10,4690.04
KOL_CUST_001556,Howrah,Howrah District,Kolkata,Regular,05-05-2023,14-04-2023,BLK_KOL_047,6,2982.37
KOL_CUST_001557,Gariahat,South Kolkata,Kolkata,Regular,24-02-2023,06-02-2023,BLK_KOL_023,10,5732.53
KOL_CUST_001558,Santragachi,Howrah District,Kolkata,Premium,15-07-2024,22-06-2024,BLK_KOL_054,9,5816.98
KOL_CUST_001559,Gariahat,South Kolkata,Kolkata,Regular,30-04-2024,23-04-2024,BLK_KOL_024,12,4453.73
KOL_CUST_001560,Shyambazar,North Kolkata,Kolkata,New,04-04-2023,05-03-2023,BLK_KOL_001,16,6491.41
KOL_CUST_001561,Rajarhat,Salt Lake & New Town,Kolkata,Regular,22-09-2023,17-09-2023,BLK_KOL_034,7,3066.73
KOL_CUST_001562,Santragachi,Howrah District,Kolkata,Regular,03-08-2024,07-07-2024,BLK_KOL_052,9,3971.06
KOL_CUST_001563,Park Street,Central Kolkata,Kolkata,Regular,20-09-2023,19-09-2023,BLK_KOL_014,8,3810.28
KOL_CUST_001564,Kasba,East Kolkata,Kolkata,Regular,09-10-2023,06-10-2023,BLK_KOL_041,10,4392.98
KOL_CUST_001565,B.B.D. Bagh,Central Kolkata,Kolkata,Premium,29-05-2023,21-05-2023,BLK_KOL_018,9,3173.81
KOL_CUST_001566,Kasba,East Kolkata,Kolkata,Regular,31-08-2023,26-08-2023,BLK_KOL_042,5,2976.57
KOL_CUST_001567,Salt Lake,Salt Lake & New Town,Kolkata,Regular,13-06-2023,23-05-2023,BLK_KOL_030,10,6016.3
KOL_CUST_001568,Salt Lake,Salt Lake & New Town,Kolkata,New,02-11-2023,31-10-2023,BLK_KOL_028,8,3345.41
KOL_CUST_001569,B.B.D. Bagh,Central Kolkata,Kolkata,Regular,27-11-2023,13-11-2023,BLK_KOL_018,6,3085.74
KOL_CUST_001570,Behala,East Kolkata,Kolkata,New,23-07-2023,06-07-2023,BLK_KOL_044,6,2269.71
KOL_CUST_001571,Gariahat,South Kolkata,Kolkata,Regular,13-09-2023,10-09-2023,BLK_KOL_024,6,2408.69
KOL_CUST_001572,Park Street,Central Kolkata,Kolkata,Regular,24-07-2024,16-07-2024,BLK_KOL_015,7,2499.71
KOL_CUST_001573,Santragachi,Howrah District,Kolkata,Regular,09-02-2024,25-01-2024,BLK_KOL_052,9,5084.49
KOL_CUST_001574,EM Bypass,East Kolkata,Kolkata,Premium,25-03-2024,13-03-2024,BLK_KOL_039,10,4564.65
KOL_CUST_001575,Ballygunge,South Kolkata,Kolkata,Premium,10-10-2023,20-09-2023,BLK_KOL_019,11,6063.32
KOL_CUST_001576,New Town,Salt Lake & New Town,Kolkata,Premium,11-07-2023,07-07-2023,BLK_KOL_031,8,4040.94
KOL_CUST_001577,Shyambazar,North Kolkata,Kolkata,Premium,07-06-2024,31-05-2024,BLK_KOL_002,10,5657.49
KOL_CUST_001578,Ultadanga,North Kolkata,Kolkata,New,20-10-2023,01-10-2023,BLK_KOL_004,11,5157.43
KOL_CUST_001579,Howrah,Howrah District,Kolkata,Premium,24-06-2023,14-06-2023,BLK_KOL_048,12,4992.64
KOL_CUST_001580,Rajarhat,Salt Lake & New Town,Kolkata,Regular,22-07-2024,11-07-2024,BLK_KOL_036,6,4252.06
KOL_CUST_001581,Rajarhat,Salt Lake & New Town,Kolkata,Regular,19-02-2024,21-01-2024,BLK_KOL_036,8,4367.87
KOL_CUST_001582,Esplanade,Central Kolkata,Kolkata,Premium,17-09-2023,22-08-2023,BLK_KOL_012,7,4002.64
KOL_CUST_001583,Ultadanga,North Kolkata,Kolkata,Regular,16-09-2023,13-09-2023,BLK_KOL_005,5,1906.4
KOL_CUST_001584,Baghbazar,North Kolkata,Kolkata,New,28-04-2024,02-04-2024,BLK_KOL_007,9,4639.48
KOL_CUST_001585,Park Street,Central Kolkata,Kolkata,New,23-03-2024,06-03-2024,BLK_KOL_015,12,5317.6
KOL_CUST_001586,Shibpur,Howrah District,Kolkata,Regular,23-06-2024,18-06-2024,BLK_KOL_049,11,5488.07
KOL_CUST_001587,Rajarhat,Salt Lake & New Town,Kolkata,Premium,08-08-2024,16-07-2024,BLK_KOL_034,11,5574.39
KOL_CUST_001588,EM Bypass,East Kolkata,Kolkata,Regular,24-01-2023,19-01-2023,BLK_KOL_039,4,1428.2
KOL_CUST_001589,Howrah,Howrah District,Kolkata,Premium,25-11-2023,28-10-2023,BLK_KOL_046,10,3578.8
KOL_CUST_001590,Baghbazar,North Kolkata,Kolkata,Regular,14-04-2023,15-03-2023,BLK_KOL_009,11,4866.4
KOL_CUST_001591,Baghbazar,North Kolkata,Kolkata,Regular,30-05-2023,27-05-2023,BLK_KOL_008,8,2673.26
KOL_CUST_001592,Behala,East Kolkata,Kolkata,New,04-04-2023,10-03-2023,BLK_KOL_043,7,4208.04
KOL_CUST_001593,Park Street,Central Kolkata,Kolkata,Regular,18-10-2024,06-10-2024,BLK_KOL_015,11,6188.54
KOL_CUST_001594,EM Bypass,East Kolkata,Kolkata,New,19-01-2023,14-01-2023,BLK_KOL_038,11,6100.98
KOL_CUST_001595,Shibpur,Howrah District,Kolkata,Regular,09-06-2024,18-05-2024,BLK_KOL_050,9,5464.12
KOL_CUST_001596,Behala,East Kolkata,Kolkata,Regular,11-11-2023,21-10-2023,BLK_KOL_045,8,4103.52
KOL_CUST_001597,Gariahat,South Kolkata,Kolkata,Premium,14-10-2024,16-09-2024,BLK_KOL_024,9,4090.88
KOL_CUST_001598,EM Bypass,East Kolkata,Kolkata,New,12-05-2023,04-05-2023,BLK_KOL_039,5,1576.1
KOL_CUST_001599,Behala,East Kolkata,Kolkata,Regular,27-06-2024,06-06-2024,BLK_KOL_043,9,4462.95
KOL_CUST_001600,Behala,East Kolkata,Kolkata,Regular,01-09-2023,02-08-2023,BLK_KOL_045,9,3991.69
KOL_CUST_001601,EM Bypass,East Kolkata,Kolkata,Regular,12-04-2024,09-04-2024,BLK_KOL_037,7,3649.18
KOL_CUST_001602,Howrah,Howrah District,Kolkata,Premium,03-04-2023,19-03-2023,BLK_KOL_046,6,2190.44
KOL_CUST_001603,Park Street,Central Kolkata,Kolkata,Regular,15-03-2024,04-03-2024,BLK_KOL_013,7,3661.66
KOL_CUST_001604,EM Bypass,East Kolkata,Kolkata,Regular,31-05-2023,15-05-2023,BLK_KOL_038,9,4103.52
KOL_CUST_001605,Ballygunge,South Kolkata,Kolkata,Regular,04-08-2024,14-07-2024,BLK_KOL_019,7,2349.56
KOL_CUST_001606,Park Street,Central Kolkata,Kolkata,Premium,09-05-2023,11-04-2023,BLK_KOL_014,10,5142.59
KOL_CUST_001607,Kasba,East Kolkata,Kolkata,Premium,23-07-2023,21-07-2023,BLK_KOL_040,7,2905.54
KOL_CUST_001608,Kasba,East Kolkata,Kolkata,Premium,03-07-2023,21-06-2023,BLK_KOL_041,10,8632.76
KOL_CUST_001609,Howrah,Howrah District,Kolkata,New,11-09-2023,28-08-2023,BLK_KOL_046,8,3460.94
KOL_CUST_001610,EM Bypass,East Kolkata,Kolkata,Regular,14-10-2024,24-09-2024,BLK_KOL_037,11,4812.1
KOL_CUST_001611,Park Street,Central Kolkata,Kolkata,Premium,23-06-2023,25-05-2023,BLK_KOL_014,6,1543.33
KOL_CUST_001612,Park Street,Central Kolkata,Kolkata,Premium,23-06-2023,01-06-2023,BLK_KOL_014,12,5009.94
KOL_CUST_001613,Shibpur,Howrah District,Kolkata,New,18-08-2024,21-07-2024,BLK_KOL_051,12,4048.53
KOL_CUST_001614,Behala,East Kolkata,Kolkata,Premium,23-10-2024,16-10-2024,BLK_KOL_044,7,4913.55
KOL_CUST_001615,Ballygunge,South Kolkata,Kolkata,Regular,26-02-2023,06-02-2023,BLK_KOL_020,13,6611.52
KOL_CUST_001616,Rajarhat,Salt Lake & New Town,Kolkata,New,27-08-2023,08-08-2023,BLK_KOL_035,6,4003.89
KOL_CUST_001617,Rajarhat,Salt Lake & New Town,Kolkata,Regular,09-01-2024,30-12-2023,BLK_KOL_036,11,3763.01
KOL_CUST_001618,Esplanade,Central Kolkata,Kolkata,Regular,21-08-2024,09-08-2024,BLK_KOL_011,11,6950.96
KOL_CUST_001619,Santragachi,Howrah District,Kolkata,Premium,14-06-2023,08-06-2023,BLK_KOL_054,9,3667.54
KOL_CUST_001620,Rajarhat,Salt Lake & New Town,Kolkata,Premium,01-02-2023,18-01-2023,BLK_KOL_035,15,7279.555
KOL_CUST_001621,Kasba,East Kolkata,Kolkata,New,20-02-2024,25-01-2024,BLK_KOL_041,15,8024.26
KOL_CUST_001622,Baghbazar,North Kolkata,Kolkata,Premium,29-07-2024,05-07-2024,BLK_KOL_007,6,3409.22
KOL_CUST_001623,Santragachi,Howrah District,Kolkata,Regular,19-04-2023,24-03-2023,BLK_KOL_054,3,1281.06
KOL_CUST_001624,Salt Lake,Salt Lake & New Town,Kolkata,Regular,18-04-2024,03-04-2024,BLK_KOL_029,7,4313.04
KOL_CUST_001625,Esplanade,Central Kolkata,Kolkata,New,06-04-2023,25-03-2023,BLK_KOL_012,8,4830.85
KOL_CUST_001626,Behala,East Kolkata,Kolkata,Regular,06-01-2023,13-12-2022,BLK_KOL_043,8,6462.31
KOL_CUST_001627,Rajarhat,Salt Lake & New Town,Kolkata,Regular,16-09-2024,18-08-2024,BLK_KOL_034,12,6416.26
KOL_CUST_001628,Salt Lake,Salt Lake & New Town,Kolkata,Regular,31-07-2024,30-07-2024,BLK_KOL_029,7,3264.17
KOL_CUST_001629,Kasba,East Kolkata,Kolkata,Premium,19-11-2023,07-11-2023,BLK_KOL_042,11,5143.66
KOL_CUST_001630,Shibpur,Howrah District,Kolkata,Regular,11-06-2024,23-05-2024,BLK_KOL_051,11,6544.33
KOL_CUST_001631,Gariahat,South Kolkata,Kolkata,Premium,16-05-2023,25-04-2023,BLK_KOL_023,17,10401.31
KOL_CUST_001632,Ultadanga,North Kolkata,Kolkata,Regular,22-10-2024,01-10-2024,BLK_KOL_006,12,6139.93
KOL_CUST_001633,B.B.D. Bagh,Central Kolkata,Kolkata,Regular,23-06-2023,09-06-2023,BLK_KOL_017,11,5308.73
KOL_CUST_001634,Park Street,Central Kolkata,Kolkata,Regular,13-01-2023,31-12-2022,BLK_KOL_013,10,7536.47
KOL_CUST_001635,Tollygunge,South Kolkata,Kolkata,New,22-03-2024,15-03-2024,BLK_KOL_025,4,2225.51
KOL_CUST_001636,Shyambazar,North Kolkata,Kolkata,Regular,15-01-2023,10-01-2023,BLK_KOL_001,12,4401.09
KOL_CUST_001637,Santragachi,Howrah District,Kolkata,Regular,10-02-2024,09-02-2024,BLK_KOL_054,9,3642.17
KOL_CUST_001638,Park Street,Central Kolkata,Kolkata,Premium,02-07-2024,11-06-2024,BLK_KOL_015,10,5178.46
KOL_CUST_001639,Salt Lake,Salt Lake & New Town,Kolkata,Regular,30-07-2023,04-07-2023,BLK_KOL_030,9,4568.66
KOL_CUST_001640,Tollygunge,South Kolkata,Kolkata,Premium,20-05-2024,15-05-2024,BLK_KOL_027,4,3583.13
KOL_CUST_001641,Esplanade,Central Kolkata,Kolkata,Premium,31-01-2023,26-01-2023,BLK_KOL_010,9,2717.74
KOL_CUST_001642,B.B.D. Bagh,Central Kolkata,Kolkata,Regular,24-03-2023,22-02-2023,BLK_KOL_017,8,5403.87
KOL_CUST_001643,EM Bypass,East Kolkata,Kolkata,Regular,21-11-2023,05-11-2023,BLK_KOL_037,14,5268.13
KOL_CUST_001644,Baghbazar,North Kolkata,Kolkata,Regular,02-05-2023,21-04-2023,BLK_KOL_008,11,7200.93
KOL_CUST_001645,Behala,East Kolkata,Kolkata,Regular,02-04-2024,04-03-2024,BLK_KOL_043,11,4832.85
KOL_CUST_001646,Ultadanga,North Kolkata,Kolkata,New,10-06-2023,25-05-2023,BLK_KOL_005,12,5775.85
KOL_CUST_001647,Santragachi,Howrah District,Kolkata,Regular,10-03-2023,08-02-2023,BLK_KOL_052,13,4367.18
KOL_CUST_001648,Shyambazar,North Kolkata,Kolkata,Regular,12-03-2023,07-03-2023,BLK_KOL_003,15,7212.78
KOL_CUST_001649,Rajarhat,Salt Lake & New Town,Kolkata,Premium,13-08-2023,08-08-2023,BLK_KOL_036,8,3837.83
KOL_CUST_001650,Park Street,Central Kolkata,Kolkata,Premium,31-03-2023,28-03-2023,BLK_KOL_015,6,3270.12
KOL_CUST_001651,Santragachi,Howrah District,Kolkata,Regular,27-08-2024,11-08-2024,BLK_KOL_052,12,8772.92
KOL_CUST_001652,EM Bypass,East Kolkata,Kolkata,Premium,08-05-2024,16-04-2024,BLK_KOL_038,8,4081.48
KOL_CUST_001653,Tollygunge,South Kolkata,Kolkata,Regular,22-02-2024,28-01-2024,BLK_KOL_025,8,4698.74
KOL_CUST_001654,B.B.D. Bagh,Central Kolkata,Kolkata,Regular,06-09-2024,22-08-2024,BLK_KOL_016,6,2564.11
KOL_CUST_001655,Tollygunge,South Kolkata,Kolkata,Regular,25-02-2024,11-02-2024,BLK_KOL_026,12,3871.9
KOL_CUST_001656,Rajarhat,Salt Lake & New Town,Kolkata,Regular,13-01-2023,29-12-2022,BLK_KOL_035,10,3616.67
KOL_CUST_001657,Ultadanga,North Kolkata,Kolkata,Regular,09-05-2024,29-04-2024,BLK_KOL_004,12,5274.89
KOL_CUST_001658,Shibpur,Howrah District,Kolkata,Premium,17-11-2023,22-10-2023,BLK_KOL_051,12,9115.17
KOL_CUST_001659,B.B.D. Bagh,Central Kolkata,Kolkata,Regular,26-10-2023,14-10-2023,BLK_KOL_016,10,6149.7
KOL_CUST_001660,New Town,Salt Lake & New Town,Kolkata,Regular,22-06-2023,30-05-2023,BLK_KOL_033,10,5465.7
KOL_CUST_001661,Behala,East Kolkata,Kolkata,New,21-06-2023,03-06-2023,BLK_KOL_045,13,6528.72
KOL_CUST_001662,Salt Lake,Salt Lake & New Town,Kolkata,Regular,26-09-2024,08-09-2024,BLK_KOL_028,12,4671.28
KOL_CUST_001663,Baghbazar,North Kolkata,Kolkata,Regular,06-01-2023,12-12-2022,BLK_KOL_007,5,3026.59
KOL_CUST_001664,New Town,Salt Lake & New Town,Kolkata,Regular,07-11-2023,22-10-2023,BLK_KOL_033,9,3120.2
KOL_CUST_001665,Tollygunge,South Kolkata,Kolkata,Regular,30-09-2023,10-09-2023,BLK_KOL_025,5,5097.91
KOL_CUST_001666,EM Bypass,East Kolkata,Kolkata,Regular,22-11-2023,01-11-2023,BLK_KOL_038,6,2189.41
KOL_CUST_001667,Shyambazar,North Kolkata,Kolkata,Premium,25-05-2024,12-05-2024,BLK_KOL_001,9,3212.43
KOL_CUST_001668,Santragachi,Howrah District,Kolkata,Regular,21-01-2024,20-01-2024,BLK_KOL_052,10,3443.6
KOL_CUST_001669,Esplanade,Central Kolkata,Kolkata,Regular,31-07-2024,22-07-2024,BLK_KOL_012,11,4253.78
KOL_CUST_001670,Rajarhat,Salt Lake & New Town,Kolkata,Regular,21-02-2023,05-02-2023,BLK_KOL_034,11,5050.21
KOL_CUST_001671,EM Bypass,East Kolkata,Kolkata,Regular,14-04-2023,24-03-2023,BLK_KOL_039,8,4841.88
KOL_CUST_001672,Esplanade,Central Kolkata,Kolkata,Premium,22-02-2024,20-02-2024,BLK_KOL_010,9,5319.06
KOL_CUST_001673,Park Street,Central Kolkata,Kolkata,New,20-06-2023,27-05-2023,BLK_KOL_013,6,3020.95
KOL_CUST_001674,B.B.D. Bagh,Central Kolkata,Kolkata,Regular,28-05-2023,10-05-2023,BLK_KOL_018,10,3967.17
KOL_CUST_001675,Ultadanga,North Kolkata,Kolkata,Premium,10-11-2023,31-10-2023,BLK_KOL_006,9,4213.05
KOL_CUST_001676,New Town,Salt Lake & New Town,Kolkata,Regular,13-07-2024,07-07-2024,BLK_KOL_032,5,1744.57
KOL_CUST_001677,Behala,East Kolkata,Kolkata,New,22-06-2023,28-05-2023,BLK_KOL_045,5,2152.92
KOL_CUST_001678,Kasba,East Kolkata,Kolkata,Regular,03-03-2024,24-02-2024,BLK_KOL_040,18,8429
KOL_CUST_001679,Howrah,Howrah District,Kolkata,Regular,13-06-2024,28-05-2024,BLK_KOL_047,9,4035.79
KOL_CUST_001680,Tollygunge,South Kolkata,Kolkata,Regular,12-02-2024,16-01-2024,BLK_KOL_026,7,3611.7
KOL_CUST_001681,Ballygunge,South Kolkata,Kolkata,New,08-02-2024,06-02-2024,BLK_KOL_020,13,5022.29
KOL_CUST_001682,Ballygunge,South Kolkata,Kolkata,Premium,19-05-2023,15-05-2023,BLK_KOL_021,13,6419.13
KOL_CUST_001683,Shibpur,Howrah District,Kolkata,Regular,25-06-2023,15-06-2023,BLK_KOL_050,11,6014.71
KOL_CUST_001684,Park Street,Central Kolkata,Kolkata,New,24-02-2024,16-02-2024,BLK_KOL_013,4,2521
KOL_CUST_001685,EM Bypass,East Kolkata,Kolkata,Regular,19-09-2024,06-09-2024,BLK_KOL_038,6,2615.43
KOL_CUST_001686,Tollygunge,South Kolkata,Kolkata,New,28-06-2023,09-06-2023,BLK_KOL_025,9,4593.64
KOL_CUST_001687,Park Street,Central Kolkata,Kolkata,Regular,09-10-2023,01-10-2023,BLK_KOL_013,8,4242.02
KOL_CUST_001688,Behala,East Kolkata,Kolkata,Regular,18-11-2023,01-11-2023,BLK_KOL_044,21,10104.39
KOL_CUST_001689,Tollygunge,South Kolkata,Kolkata,Premium,24-02-2023,10-02-2023,BLK_KOL_027,9,1833.25
KOL_CUST_001690,EM Bypass,East Kolkata,Kolkata,Regular,17-03-2023,02-03-2023,BLK_KOL_038,12,4776.95
KOL_CUST_001691,Esplanade,Central Kolkata,Kolkata,Regular,21-05-2023,07-05-2023,BLK_KOL_012,7,2500.05
KOL_CUST_001692,Ballygunge,South Kolkata,Kolkata,Regular,01-02-2023,12-01-2023,BLK_KOL_021,7,5197.63
KOL_CUST_001693,Kasba,East Kolkata,Kolkata,Regular,07-11-2023,03-11-2023,BLK_KOL_041,11,4214.69
KOL_CUST_001694,Ultadanga,North Kolkata,Kolkata,Regular,21-10-2024,18-10-2024,BLK_KOL_006,9,3152.52
KOL_CUST_001695,Tollygunge,South Kolkata,Kolkata,Regular,19-01-2023,06-01-2023,BLK_KOL_025,8,4879.255
KOL_CUST_001696,Esplanade,Central Kolkata,Kolkata,Regular,18-07-2023,12-07-2023,BLK_KOL_012,6,3641.09
KOL_CUST_001697,Rajarhat,Salt Lake & New Town,Kolkata,Regular,27-05-2024,23-05-2024,BLK_KOL_035,13,5384.07
KOL_CUST_001698,Howrah,Howrah District,Kolkata,Premium,02-05-2024,10-04-2024,BLK_KOL_047,8,2232.83
KOL_CUST_001699,B.B.D. Bagh,Central Kolkata,Kolkata,Premium,13-04-2023,12-04-2023,BLK_KOL_017,7,4539.68
KOL_CUST_001700,Kasba,East Kolkata,Kolkata,New,03-09-2023,05-08-2023,BLK_KOL_042,10,3166.34
KOL_CUST_001701,Shyambazar,North Kolkata,Kolkata,Regular,04-04-2023,19-03-2023,BLK_KOL_001,7,3335.74
KOL_CUST_001702,Howrah,Howrah District,Kolkata,Regular,24-11-2023,14-11-2023,BLK_KOL_047,6,2202.465
KOL_CUST_001703,Shibpur,Howrah District,Kolkata,Regular,18-09-2023,14-09-2023,BLK_KOL_051,12,7223.8
KOL_CUST_001704,New Town,Salt Lake & New Town,Kolkata,New,06-06-2023,28-05-2023,BLK_KOL_033,6,1991.82
KOL_CUST_001705,Tollygunge,South Kolkata,Kolkata,Regular,26-11-2023,16-11-2023,BLK_KOL_026,7,3294.37
KOL_CUST_001706,Shibpur,Howrah District,Kolkata,Premium,04-09-2024,13-08-2024,BLK_KOL_049,10,5935.83
KOL_CUST_001707,Shyambazar,North Kolkata,Kolkata,New,06-05-2023,14-04-2023,BLK_KOL_003,7,4379.07
KOL_CUST_001708,Rajarhat,Salt Lake & New Town,Kolkata,Regular,30-07-2023,07-07-2023,BLK_KOL_034,11,6294.81
KOL_CUST_001709,Rajarhat,Salt Lake & New Town,Kolkata,Premium,18-10-2023,05-10-2023,BLK_KOL_036,10,6322.89
KOL_CUST_001710,Tollygunge,South Kolkata,Kolkata,New,05-10-2024,20-09-2024,BLK_KOL_025,11,4524.53
KOL_CUST_001711,Shibpur,Howrah District,Kolkata,New,07-06-2023,25-05-2023,BLK_KOL_050,9,4738.64
KOL_CUST_001712,Tollygunge,South Kolkata,Kolkata,Regular,11-11-2023,19-10-2023,BLK_KOL_027,8,3443.13
KOL_CUST_001713,Esplanade,Central Kolkata,Kolkata,Regular,14-04-2023,19-03-2023,BLK_KOL_012,12,4353.98
KOL_CUST_001714,Salt Lake,Salt Lake & New Town,Kolkata,Regular,28-11-2023,06-11-2023,BLK_KOL_028,5,2327.06
KOL_CUST_001715,Park Street,Central Kolkata,Kolkata,Regular,07-07-2023,15-06-2023,BLK_KOL_014,6,3486.25
KOL_CUST_001716,Howrah,Howrah District,Kolkata,Premium,05-07-2023,03-07-2023,BLK_KOL_048,10,4093.73
KOL_CUST_001717,Esplanade,Central Kolkata,Kolkata,Premium,29-06-2023,17-06-2023,BLK_KOL_012,4,1152.93
KOL_CUST_001718,Shyambazar,North Kolkata,Kolkata,Regular,23-09-2023,13-09-2023,BLK_KOL_001,10,7142.9
KOL_CUST_001719,Shibpur,Howrah District,Kolkata,Premium,14-10-2024,11-10-2024,BLK_KOL_049,18,7283.69
KOL_CUST_001720,Park Street,Central Kolkata,Kolkata,Regular,10-04-2024,11-03-2024,BLK_KOL_014,4,854.61
KOL_CUST_001721,Gariahat,South Kolkata,Kolkata,Regular,04-06-2023,13-05-2023,BLK_KOL_022,9,3457.21
KOL_CUST_001722,Kasba,East Kolkata,Kolkata,New,13-10-2023,13-09-2023,BLK_KOL_040,6,3828.66
KOL_CUST_001723,Salt Lake,Salt Lake & New Town,Kolkata,Regular,23-04-2023,12-04-2023,BLK_KOL_028,14,8756.21
KOL_CUST_001724,Park Street,Central Kolkata,Kolkata,Regular,12-04-2024,29-03-2024,BLK_KOL_015,9,4112.16
KOL_CUST_001725,Salt Lake,Salt Lake & New Town,Kolkata,Regular,03-07-2023,12-06-2023,BLK_KOL_030,13,9021.55
KOL_CUST_001726,B.B.D. Bagh,Central Kolkata,Kolkata,Premium,23-04-2023,06-04-2023,BLK_KOL_018,13,8760
KOL_CUST_001727,New Town,Salt Lake & New Town,Kolkata,Regular,02-06-2023,19-05-2023,BLK_KOL_032,7,3666.84
KOL_CUST_001728,Kasba,East Kolkata,Kolkata,Premium,19-02-2023,25-01-2023,BLK_KOL_040,10,3664.09
KOL_CUST_001729,Park Street,Central Kolkata,Kolkata,Regular,03-06-2024,15-05-2024,BLK_KOL_013,5,2360.74
KOL_CUST_001730,Park Street,Central Kolkata,Kolkata,New,16-10-2024,14-10-2024,BLK_KOL_014,4,1494.71
KOL_CUST_001731,EM Bypass,East Kolkata,Kolkata,Regular,29-11-2023,04-11-2023,BLK_KOL_039,9,5888.19
KOL_CUST_001732,Behala,East Kolkata,Kolkata,Premium,13-02-2024,17-01-2024,BLK_KOL_045,10,6712.78
KOL_CUST_001733,Esplanade,Central Kolkata,Kolkata,Regular,14-10-2023,25-09-2023,BLK_KOL_011,11,4934.02
KOL_CUST_001734,New Town,Salt Lake & New Town,Kolkata,Regular,03-03-2024,10-02-2024,BLK_KOL_033,5,4008.45
KOL_CUST_001735,Ultadanga,North Kolkata,Kolkata,Premium,21-09-2024,28-08-2024,BLK_KOL_004,8,4581.1
KOL_CUST_001736,Park Street,Central Kolkata,Kolkata,New,09-01-2023,30-12-2022,BLK_KOL_013,11,4800.5
KOL_CUST_001737,Shyambazar,North Kolkata,Kolkata,Premium,12-04-2024,11-04-2024,BLK_KOL_001,5,1293.15
KOL_CUST_001738,Esplanade,Central Kolkata,Kolkata,Regular,29-07-2023,13-07-2023,BLK_KOL_011,16,6785.44
KOL_CUST_001739,Shibpur,Howrah District,Kolkata,New,04-11-2023,25-10-2023,BLK_KOL_049,8,5091.22
KOL_CUST_001740,B.B.D. Bagh,Central Kolkata,Kolkata,Regular,06-10-2024,16-09-2024,BLK_KOL_018,8,4443.95
KOL_CUST_001741,Esplanade,Central Kolkata,Kolkata,Premium,11-01-2023,06-01-2023,BLK_KOL_012,5,2525.84
KOL_CUST_001742,Gariahat,South Kolkata,Kolkata,Regular,26-02-2023,10-02-2023,BLK_KOL_024,17,4700.455
KOL_CUST_001743,Esplanade,Central Kolkata,Kolkata,Regular,09-09-2024,31-08-2024,BLK_KOL_011,5,1596.2
KOL_CUST_001744,Esplanade,Central Kolkata,Kolkata,Premium,29-04-2023,19-04-2023,BLK_KOL_010,12,6014.66
KOL_CUST_001745,EM Bypass,East Kolkata,Kolkata,Premium,30-06-2023,09-06-2023,BLK_KOL_039,8,3012.5
KOL_CUST_001746,Behala,East Kolkata,Kolkata,New,04-06-2023,20-05-2023,BLK_KOL_044,5,2321.89
KOL_CUST_001747,Behala,East Kolkata,Kolkata,Regular,12-09-2023,15-08-2023,BLK_KOL_044,9,4294.52
KOL_CUST_001748,Ballygunge,South Kolkata,Kolkata,Regular,09-03-2023,06-03-2023,BLK_KOL_021,8,3702.03
KOL_CUST_001749,Park Street,Central Kolkata,Kolkata,Regular,17-02-2023,25-01-2023,BLK_KOL_014,11,3009.57
KOL_CUST_001750,Park Street,Central Kolkata,Kolkata,New,30-06-2023,27-06-2023,BLK_KOL_014,11,5147.54
KOL_CUST_001751,Howrah,Howrah District,Kolkata,Regular,05-04-2023,30-03-2023,BLK_KOL_048,6,2547.72
KOL_CUST_001752,Shibpur,Howrah District,Kolkata,Regular,26-09-2024,03-09-2024,BLK_KOL_049,10,5868.28
KOL_CUST_001753,Rajarhat,Salt Lake & New Town,Kolkata,Premium,10-05-2023,09-05-2023,BLK_KOL_035,8,3255.01
KOL_CUST_001754,B.B.D. Bagh,Central Kolkata,Kolkata,Regular,09-10-2023,17-09-2023,BLK_KOL_018,7,5355.41
KOL_CUST_001755,Gariahat,South Kolkata,Kolkata,Premium,01-05-2024,02-04-2024,BLK_KOL_023,12,4440.8
KOL_CUST_001756,EM Bypass,East Kolkata,Kolkata,New,03-08-2024,01-08-2024,BLK_KOL_038,8,3455.81
KOL_CUST_001757,Esplanade,Central Kolkata,Kolkata,Regular,26-10-2023,14-10-2023,BLK_KOL_010,10,4820.63
KOL_CUST_001758,Shyambazar,North Kolkata,Kolkata,Premium,13-06-2024,29-05-2024,BLK_KOL_003,12,4610.8
KOL_CUST_001759,Santragachi,Howrah District,Kolkata,Regular,26-07-2023,04-07-2023,BLK_KOL_053,10,6140.01
KOL_CUST_001760,Ballygunge,South Kolkata,Kolkata,Regular,10-08-2024,15-07-2024,BLK_KOL_021,10,4016.44
KOL_CUST_001761,Baghbazar,North Kolkata,Kolkata,New,14-01-2023,10-01-2023,BLK_KOL_009,8,3272.21
KOL_CUST_001762,Park Street,Central Kolkata,Kolkata,Regular,03-07-2024,14-06-2024,BLK_KOL_013,6,1863.9
KOL_CUST_001763,Baghbazar,North Kolkata,Kolkata,Regular,08-01-2023,01-01-2023,BLK_KOL_007,6,2670
KOL_CUST_001764,Howrah,Howrah District,Kolkata,Regular,03-06-2023,16-05-2023,BLK_KOL_048,11,4103.94
KOL_CUST_001765,Baghbazar,North Kolkata,Kolkata,Regular,16-01-2023,13-01-2023,BLK_KOL_008,12,7100.21
KOL_CUST_001766,Park Street,Central Kolkata,Kolkata,Premium,01-06-2024,16-05-2024,BLK_KOL_013,13,5234.43
KOL_CUST_001767,Santragachi,Howrah District,Kolkata,Regular,10-08-2023,31-07-2023,BLK_KOL_054,6,3690.92
KOL_CUST_001768,Tollygunge,South Kolkata,Kolkata,Premium,02-06-2023,05-05-2023,BLK_KOL_025,9,3868.63
KOL_CUST_001769,Salt Lake,Salt Lake & New Town,Kolkata,Regular,11-02-2023,25-01-2023,BLK_KOL_029,8,3289.76
KOL_CUST_001770,Shibpur,Howrah District,Kolkata,Premium,20-01-2023,28-12-2022,BLK_KOL_049,10,6000.66
KOL_CUST_001771,Howrah,Howrah District,Kolkata,Regular,14-05-2024,12-05-2024,BLK_KOL_046,6,3108.74
KOL_CUST_001772,Tollygunge,South Kolkata,Kolkata,Premium,02-11-2023,15-10-2023,BLK_KOL_025,7,3491.55
KOL_CUST_001773,New Town,Salt Lake & New Town,Kolkata,Regular,01-02-2024,29-01-2024,BLK_KOL_031,9,3394.15
KOL_CUST_001774,Ultadanga,North Kolkata,Kolkata,New,27-10-2023,07-10-2023,BLK_KOL_004,14,7716.2
KOL_CUST_001775,Baghbazar,North Kolkata,Kolkata,New,02-09-2024,24-08-2024,BLK_KOL_008,7,3263.6
KOL_CUST_001776,Esplanade,Central Kolkata,Kolkata,Regular,18-03-2023,06-03-2023,BLK_KOL_012,6,2208.96
KOL_CUST_001777,Salt Lake,Salt Lake & New Town,Kolkata,Premium,26-04-2024,24-04-2024,BLK_KOL_029,12,5170.42
KOL_CUST_001778,Ballygunge,South Kolkata,Kolkata,Regular,22-05-2023,28-04-2023,BLK_KOL_021,10,4494.85
KOL_CUST_001779,Howrah,Howrah District,Kolkata,Regular,23-05-2023,09-05-2023,BLK_KOL_046,13,5325.84
KOL_CUST_001780,Santragachi,Howrah District,Kolkata,Premium,22-04-2023,02-04-2023,BLK_KOL_054,10,4512.37
KOL_CUST_001781,Rajarhat,Salt Lake & New Town,Kolkata,Regular,10-06-2023,08-06-2023,BLK_KOL_035,8,4107.72
KOL_CUST_001782,Baghbazar,North Kolkata,Kolkata,Regular,08-08-2023,14-07-2023,BLK_KOL_007,6,3293.86
KOL_CUST_001783,Santragachi,Howrah District,Kolkata,New,25-11-2023,17-11-2023,BLK_KOL_054,13,9195.21
KOL_CUST_001784,Baghbazar,North Kolkata,Kolkata,Premium,22-04-2023,20-04-2023,BLK_KOL_008,10,5025.03
KOL_CUST_001785,Gariahat,South Kolkata,Kolkata,Regular,07-03-2024,20-02-2024,BLK_KOL_022,7,3807.16
KOL_CUST_001786,Baghbazar,North Kolkata,Kolkata,Regular,27-02-2023,04-02-2023,BLK_KOL_009,7,4068.98
KOL_CUST_001787,Rajarhat,Salt Lake & New Town,Kolkata,Regular,22-04-2024,12-04-2024,BLK_KOL_034,11,3952.44
KOL_CUST_001788,Santragachi,Howrah District,Kolkata,Regular,02-01-2023,04-12-2022,BLK_KOL_054,9,3688.67
KOL_CUST_001789,Santragachi,Howrah District,Kolkata,Regular,05-11-2023,22-10-2023,BLK_KOL_054,14,5975.51
KOL_CUST_001790,Howrah,Howrah District,Kolkata,New,20-08-2023,24-07-2023,BLK_KOL_048,5,2439.37
KOL_CUST_001791,Gariahat,South Kolkata,Kolkata,Regular,22-02-2023,10-02-2023,BLK_KOL_022,8,3680.2
KOL_CUST_001792,Park Street,Central Kolkata,Kolkata,Regular,04-08-2023,14-07-2023,BLK_KOL_013,12,7496.52
KOL_CUST_001793,Esplanade,Central Kolkata,Kolkata,Regular,15-11-2023,27-10-2023,BLK_KOL_011,8,4352.17
KOL_CUST_001794,Baghbazar,North Kolkata,Kolkata,Regular,24-01-2023,23-01-2023,BLK_KOL_007,5,2177.13
KOL_CUST_001795,EM Bypass,East Kolkata,Kolkata,Regular,10-08-2023,04-08-2023,BLK_KOL_038,10,4610.94
KOL_CUST_001796,Santragachi,Howrah District,Kolkata,Premium,29-06-2023,04-06-2023,BLK_KOL_053,11,5964.13
KOL_CUST_001797,Shyambazar,North Kolkata,Kolkata,New,21-06-2024,22-05-2024,BLK_KOL_001,11,4911.42
KOL_CUST_001798,Ballygunge,South Kolkata,Kolkata,Regular,23-06-2024,03-06-2024,BLK_KOL_019,18,8115.7
KOL_CUST_001799,Kasba,East Kolkata,Kolkata,Regular,30-01-2024,12-01-2024,BLK_KOL_042,9,6993.25
KOL_CUST_001800,Salt Lake,Salt Lake & New Town,Kolkata,Regular,30-09-2024,11-09-2024,BLK_KOL_029,7,2638.58
KOL_CUST_001801,Shibpur,Howrah District,Kolkata,Regular,21-05-2023,21-04-2023,BLK_KOL_050,15,6354.89
KOL_CUST_001802,Shyambazar,North Kolkata,Kolkata,Premium,15-07-2023,07-07-2023,BLK_KOL_002,7,4192.43
KOL_CUST_001803,Salt Lake,Salt Lake & New Town,Kolkata,Premium,14-05-2023,05-05-2023,BLK_KOL_028,9,5291.93
KOL_CUST_001804,Tollygunge,South Kolkata,Kolkata,Premium,07-01-2024,19-12-2023,BLK_KOL_025,7,4436.67
KOL_CUST_001805,Tollygunge,South Kolkata,Kolkata,Regular,15-08-2024,31-07-2024,BLK_KOL_025,8,3164.5
KOL_CUST_001806,Ultadanga,North Kolkata,Kolkata,Regular,02-09-2024,15-08-2024,BLK_KOL_006,6,2310.825
KOL_CUST_001807,Ultadanga,North Kolkata,Kolkata,Regular,23-10-2023,03-10-2023,BLK_KOL_005,12,8798.72
KOL_CUST_001808,Baghbazar,North Kolkata,Kolkata,Regular,23-07-2023,14-07-2023,BLK_KOL_008,10,3951.09
KOL_CUST_001809,Howrah,Howrah District,Kolkata,Premium,14-01-2023,17-12-2022,BLK_KOL_048,11,9189.48
KOL_CUST_001810,Ultadanga,North Kolkata,Kolkata,Premium,01-01-2023,10-12-2022,BLK_KOL_006,8,4076.285
KOL_CUST_001811,Behala,East Kolkata,Kolkata,Regular,11-11-2023,03-11-2023,BLK_KOL_044,11,4608.84
KOL_CUST_001812,Tollygunge,South Kolkata,Kolkata,Regular,09-01-2024,12-12-2023,BLK_KOL_027,10,4478.84
KOL_CUST_001813,Santragachi,Howrah District,Kolkata,Regular,30-04-2024,27-04-2024,BLK_KOL_053,7,3600.85
KOL_CUST_001814,Esplanade,Central Kolkata,Kolkata,Regular,03-08-2023,15-07-2023,BLK_KOL_010,13,7322.02
KOL_CUST_001815,Kasba,East Kolkata,Kolkata,New,28-04-2023,23-04-2023,BLK_KOL_040,8,4017
KOL_CUST_001816,Rajarhat,Salt Lake & New Town,Kolkata,New,08-05-2023,26-04-2023,BLK_KOL_034,4,2346.98
KOL_CUST_001817,Salt Lake,Salt Lake & New Town,Kolkata,Regular,23-03-2024,13-03-2024,BLK_KOL_030,9,3093.19
KOL_CUST_001818,Shyambazar,North Kolkata,Kolkata,Regular,16-08-2023,30-07-2023,BLK_KOL_001,9,5185.73
KOL_CUST_001819,Shibpur,Howrah District,Kolkata,New,25-06-2024,12-06-2024,BLK_KOL_049,11,4090.7
KOL_CUST_001820,Ultadanga,North Kolkata,Kolkata,Regular,17-03-2024,25-02-2024,BLK_KOL_005,17,5799.01
KOL_CUST_001821,Baghbazar,North Kolkata,Kolkata,Regular,24-04-2024,05-04-2024,BLK_KOL_008,7,2760.55
KOL_CUST_001822,Kasba,East Kolkata,Kolkata,Regular,01-10-2023,14-09-2023,BLK_KOL_041,12,7806.25
KOL_CUST_001823,Howrah,Howrah District,Kolkata,Regular,23-09-2024,14-09-2024,BLK_KOL_048,8,3572.26
KOL_CUST_001824,Salt Lake,Salt Lake & New Town,Kolkata,Regular,17-06-2024,23-05-2024,BLK_KOL_028,9,3999.79
KOL_CUST_001825,Gariahat,South Kolkata,Kolkata,Regular,04-10-2023,19-09-2023,BLK_KOL_022,12,7955.89
KOL_CUST_001826,Kasba,East Kolkata,Kolkata,Regular,05-06-2023,02-06-2023,BLK_KOL_041,7,2011.26
KOL_CUST_001827,Howrah,Howrah District,Kolkata,Regular,17-08-2024,09-08-2024,BLK_KOL_046,12,7360.78
KOL_CUST_001828,Park Street,Central Kolkata,Kolkata,Regular,05-05-2024,21-04-2024,BLK_KOL_014,11,4034.14
KOL_CUST_001829,Park Street,Central Kolkata,Kolkata,Regular,26-05-2024,22-05-2024,BLK_KOL_014,14,5288.39
KOL_CUST_001830,Kasba,East Kolkata,Kolkata,Regular,18-09-2023,28-08-2023,BLK_KOL_042,3,1423.04
KOL_CUST_001831,Ballygunge,South Kolkata,Kolkata,Premium,20-08-2024,16-08-2024,BLK_KOL_021,13,8550.51
KOL_CUST_001832,Santragachi,Howrah District,Kolkata,Regular,28-08-2024,23-08-2024,BLK_KOL_052,10,5865.06
KOL_CUST_001833,Kasba,East Kolkata,Kolkata,New,08-09-2023,03-09-2023,BLK_KOL_040,9,4124.85
KOL_CUST_001834,Shibpur,Howrah District,Kolkata,Regular,04-08-2024,22-07-2024,BLK_KOL_050,5,1615.41
KOL_CUST_001835,Gariahat,South Kolkata,Kolkata,Regular,01-03-2024,03-02-2024,BLK_KOL_024,19,10351.12
KOL_CUST_001836,Esplanade,Central Kolkata,Kolkata,Premium,24-01-2024,25-12-2023,BLK_KOL_011,11,7758.62
KOL_CUST_001837,Behala,East Kolkata,Kolkata,Regular,18-08-2024,04-08-2024,BLK_KOL_043,9,3792.92
KOL_CUST_001838,Howrah,Howrah District,Kolkata,Regular,03-04-2024,15-03-2024,BLK_KOL_048,7,3464.13
KOL_CUST_001839,Shibpur,Howrah District,Kolkata,Regular,29-11-2023,17-11-2023,BLK_KOL_050,10,6591.17
KOL_CUST_001840,Behala,East Kolkata,Kolkata,Premium,22-04-2023,29-03-2023,BLK_KOL_045,11,6016.2
KOL_CUST_001841,Esplanade,Central Kolkata,Kolkata,Regular,25-03-2023,06-03-2023,BLK_KOL_011,4,1752.24
KOL_CUST_001842,Shibpur,Howrah District,Kolkata,Regular,28-04-2023,15-04-2023,BLK_KOL_049,4,2095.88
KOL_CUST_001843,B.B.D. Bagh,Central Kolkata,Kolkata,Regular,22-01-2024,29-12-2023,BLK_KOL_016,12,6328.19
KOL_CUST_001844,Ballygunge,South Kolkata,Kolkata,Regular,13-07-2023,23-06-2023,BLK_KOL_019,13,5625.61
KOL_CUST_001845,Rajarhat,Salt Lake & New Town,Kolkata,Regular,03-10-2023,17-09-2023,BLK_KOL_036,11,7012.81
KOL_CUST_001846,B.B.D. Bagh,Central Kolkata,Kolkata,New,23-07-2023,28-06-2023,BLK_KOL_016,13,6083.72
KOL_CUST_001847,Gariahat,South Kolkata,Kolkata,Premium,13-03-2024,24-02-2024,BLK_KOL_023,11,5973.94
KOL_CUST_001848,B.B.D. Bagh,Central Kolkata,Kolkata,New,12-11-2023,25-10-2023,BLK_KOL_016,7,5121.61
KOL_CUST_001849,Ballygunge,South Kolkata,Kolkata,Regular,19-11-2023,09-11-2023,BLK_KOL_021,6,4609.75
KOL_CUST_001850,Kasba,East Kolkata,Kolkata,Premium,23-09-2024,08-09-2024,BLK_KOL_041,7,1999.57
KOL_CUST_001851,Esplanade,Central Kolkata,Kolkata,Regular,02-03-2024,17-02-2024,BLK_KOL_010,9,4454.01
KOL_CUST_001852,Baghbazar,North Kolkata,Kolkata,Regular,22-05-2024,18-05-2024,BLK_KOL_008,10,4039.23
KOL_CUST_001853,Baghbazar,North Kolkata,Kolkata,Regular,23-04-2024,12-04-2024,BLK_KOL_007,8,3991.3
KOL_CUST_001854,New Town,Salt Lake & New Town,Kolkata,Regular,14-01-2023,23-12-2022,BLK_KOL_033,3,1135.72
KOL_CUST_001855,New Town,Salt Lake & New Town,Kolkata,Regular,20-01-2024,21-12-2023,BLK_KOL_033,7,3728.31
KOL_CUST_001856,Shibpur,Howrah District,Kolkata,Regular,20-02-2023,22-01-2023,BLK_KOL_049,8,2525.42
KOL_CUST_001857,Shyambazar,North Kolkata,Kolkata,Regular,05-02-2023,28-01-2023,BLK_KOL_002,11,5993.79
KOL_CUST_001858,Tollygunge,South Kolkata,Kolkata,Regular,29-03-2023,05-03-2023,BLK_KOL_026,5,4615.52
KOL_CUST_001859,Park Street,Central Kolkata,Kolkata,New,18-10-2023,20-09-2023,BLK_KOL_015,6,2747.04
KOL_CUST_001860,Ballygunge,South Kolkata,Kolkata,Regular,29-10-2023,09-10-2023,BLK_KOL_019,14,6294.91
KOL_CUST_001861,B.B.D. Bagh,Central Kolkata,Kolkata,Regular,21-07-2023,30-06-2023,BLK_KOL_016,10,3920
KOL_CUST_001862,Rajarhat,Salt Lake & New Town,Kolkata,New,01-09-2023,05-08-2023,BLK_KOL_035,8,2994.31
KOL_CUST_001863,Salt Lake,Salt Lake & New Town,Kolkata,Regular,07-09-2024,25-08-2024,BLK_KOL_030,6,3062.6
KOL_CUST_001864,Santragachi,Howrah District,Kolkata,Regular,14-10-2023,15-09-2023,BLK_KOL_054,14,7513.27
KOL_CUST_001865,Salt Lake,Salt Lake & New Town,Kolkata,Regular,18-04-2023,27-03-2023,BLK_KOL_029,9,4901.35
KOL_CUST_001866,B.B.D. Bagh,Central Kolkata,Kolkata,Regular,22-06-2023,10-06-2023,BLK_KOL_017,11,6549.95
KOL_CUST_001867,Park Street,Central Kolkata,Kolkata,Regular,04-09-2024,07-08-2024,BLK_KOL_015,8,3520.885
KOL_CUST_001868,Kasba,East Kolkata,Kolkata,Regular,15-01-2024,29-12-2023,BLK_KOL_040,9,4646.51
KOL_CUST_001869,Kasba,East Kolkata,Kolkata,Regular,20-06-2023,09-06-2023,BLK_KOL_041,8,4420.61
KOL_CUST_001870,Behala,East Kolkata,Kolkata,New,22-07-2023,13-07-2023,BLK_KOL_044,16,9325.52
KOL_CUST_001871,Gariahat,South Kolkata,Kolkata,Regular,09-11-2023,26-10-2023,BLK_KOL_023,10,4498.33
KOL_CUST_001872,B.B.D. Bagh,Central Kolkata,Kolkata,Premium,16-01-2023,27-12-2022,BLK_KOL_018,7,3008.4
KOL_CUST_001873,Park Street,Central Kolkata,Kolkata,New,11-01-2024,10-01-2024,BLK_KOL_013,9,7560.64
KOL_CUST_001874,Baghbazar,North Kolkata,Kolkata,New,19-06-2024,25-05-2024,BLK_KOL_008,3,1764.51
KOL_CUST_001875,Baghbazar,North Kolkata,Kolkata,Regular,22-09-2024,04-09-2024,BLK_KOL_008,9,3806.64
KOL_CUST_001876,B.B.D. Bagh,Central Kolkata,Kolkata,New,21-07-2024,13-07-2024,BLK_KOL_017,9,2444.61
KOL_CUST_001877,B.B.D. Bagh,Central Kolkata,Kolkata,Regular,18-06-2024,31-05-2024,BLK_KOL_018,4,2795.19
KOL_CUST_001878,Shyambazar,North Kolkata,Kolkata,Regular,22-11-2023,05-11-2023,BLK_KOL_003,12,5420.17
KOL_CUST_001879,EM Bypass,East Kolkata,Kolkata,Premium,22-01-2024,12-01-2024,BLK_KOL_038,5,1555.2
KOL_CUST_001880,Gariahat,South Kolkata,Kolkata,Regular,30-09-2023,17-09-2023,BLK_KOL_023,10,3893.7
KOL_CUST_001881,Park Street,Central Kolkata,Kolkata,New,18-05-2024,15-05-2024,BLK_KOL_013,8,2800.34
KOL_CUST_001882,Kasba,East Kolkata,Kolkata,Regular,28-02-2023,23-02-2023,BLK_KOL_040,7,4027.47
KOL_CUST_001883,EM Bypass,East Kolkata,Kolkata,New,26-01-2023,31-12-2022,BLK_KOL_037,7,3070.56
KOL_CUST_001884,Shibpur,Howrah District,Kolkata,Regular,03-06-2024,27-05-2024,BLK_KOL_051,6,2148.88
KOL_CUST_001885,Howrah,Howrah District,Kolkata,Premium,27-04-2023,13-04-2023,BLK_KOL_048,8,2719.49
KOL_CUST_001886,Howrah,Howrah District,Kolkata,Regular,04-03-2023,19-02-2023,BLK_KOL_046,11,4882.06
KOL_CUST_001887,Howrah,Howrah District,Kolkata,Regular,09-07-2024,16-06-2024,BLK_KOL_046,11,2585.92
KOL_CUST_001888,Gariahat,South Kolkata,Kolkata,Regular,20-11-2023,12-11-2023,BLK_KOL_022,7,5546.68
KOL_CUST_001889,Howrah,Howrah District,Kolkata,Regular,07-01-2023,02-01-2023,BLK_KOL_047,7,5641.19
KOL_CUST_001890,Baghbazar,North Kolkata,Kolkata,Regular,07-09-2023,22-08-2023,BLK_KOL_007,5,3462.18
KOL_CUST_001891,Baghbazar,North Kolkata,Kolkata,Regular,21-01-2023,04-01-2023,BLK_KOL_009,8,2866.515
KOL_CUST_001892,Gariahat,South Kolkata,Kolkata,Regular,25-03-2023,15-03-2023,BLK_KOL_022,7,5039.3
KOL_CUST_001893,Park Street,Central Kolkata,Kolkata,Regular,16-02-2023,19-01-2023,BLK_KOL_014,13,6322.13
KOL_CUST_001894,Ballygunge,South Kolkata,Kolkata,Regular,07-09-2024,27-08-2024,BLK_KOL_021,10,5618.09
KOL_CUST_001895,Gariahat,South Kolkata,Kolkata,Regular,30-03-2023,02-03-2023,BLK_KOL_022,9,5084.69
KOL_CUST_001896,Baghbazar,North Kolkata,Kolkata,Regular,05-08-2024,23-07-2024,BLK_KOL_008,11,4600.68
KOL_CUST_001897,Shyambazar,North Kolkata,Kolkata,Premium,01-10-2023,16-09-2023,BLK_KOL_002,8,2797.87
KOL_CUST_001898,Esplanade,Central Kolkata,Kolkata,Regular,29-04-2023,08-04-2023,BLK_KOL_012,11,5748.82
KOL_CUST_001899,Howrah,Howrah District,Kolkata,Regular,25-02-2023,24-02-2023,BLK_KOL_047,9,3535.11
KOL_CUST_001900,Kasba,East Kolkata,Kolkata,Regular,18-05-2024,28-04-2024,BLK_KOL_041,6,1897.34
KOL_CUST_001901,B.B.D. Bagh,Central Kolkata,Kolkata,Regular,10-03-2023,12-02-2023,BLK_KOL_017,6,2416.47
KOL_CUST_001902,Rajarhat,Salt Lake & New Town,Kolkata,Regular,27-07-2023,20-07-2023,BLK_KOL_034,7,3845.09
KOL_CUST_001903,Park Street,Central Kolkata,Kolkata,Premium,04-04-2023,21-03-2023,BLK_KOL_015,5,2293.94
KOL_CUST_001904,Howrah,Howrah District,Kolkata,Regular,30-11-2023,23-11-2023,BLK_KOL_048,8,2865.49
KOL_CUST_001905,Esplanade,Central Kolkata,Kolkata,Premium,16-06-2023,27-05-2023,BLK_KOL_012,11,4308.68
KOL_CUST_001906,B.B.D. Bagh,Central Kolkata,Kolkata,Regular,11-01-2023,03-01-2023,BLK_KOL_018,10,5398.82
KOL_CUST_001907,Shyambazar,North Kolkata,Kolkata,Regular,20-05-2024,20-04-2024,BLK_KOL_003,9,4394.85
KOL_CUST_001908,Salt Lake,Salt Lake & New Town,Kolkata,New,10-05-2023,22-04-2023,BLK_KOL_030,12,8253.34
KOL_CUST_001909,Ballygunge,South Kolkata,Kolkata,Premium,15-09-2023,08-09-2023,BLK_KOL_020,11,3478.04
KOL_CUST_001910,Tollygunge,South Kolkata,Kolkata,Regular,29-09-2023,10-09-2023,BLK_KOL_026,10,4704.49
KOL_CUST_001911,EM Bypass,East Kolkata,Kolkata,Regular,02-02-2023,07-01-2023,BLK_KOL_037,8,4014.65
KOL_CUST_001912,Howrah,Howrah District,Kolkata,Regular,01-12-2023,24-11-2023,BLK_KOL_048,9,3209.88
KOL_CUST_001913,Park Street,Central Kolkata,Kolkata,New,03-04-2023,23-03-2023,BLK_KOL_013,13,4692.12
KOL_CUST_001914,Ultadanga,North Kolkata,Kolkata,Regular,21-04-2023,05-04-2023,BLK_KOL_006,13,5224.24
KOL_CUST_001915,Shibpur,Howrah District,Kolkata,Regular,03-05-2024,20-04-2024,BLK_KOL_051,7,4588.54
KOL_CUST_001916,Howrah,Howrah District,Kolkata,Regular,10-03-2023,07-03-2023,BLK_KOL_048,10,4658.66
KOL_CUST_001917,Ballygunge,South Kolkata,Kolkata,Regular,22-05-2024,25-04-2024,BLK_KOL_020,7,3883.95
KOL_CUST_001918,Behala,East Kolkata,Kolkata,Regular,27-07-2023,09-07-2023,BLK_KOL_043,10,4373.82
KOL_CUST_001919,Rajarhat,Salt Lake & New Town,Kolkata,New,29-05-2023,04-05-2023,BLK_KOL_036,12,4584.11
KOL_CUST_001920,Kasba,East Kolkata,Kolkata,New,19-02-2023,20-01-2023,BLK_KOL_042,7,3028.89
KOL_CUST_001921,EM Bypass,East Kolkata,Kolkata,Premium,27-11-2023,15-11-2023,BLK_KOL_037,4,1683.21
KOL_CUST_001922,Shyambazar,North Kolkata,Kolkata,Premium,17-06-2023,05-06-2023,BLK_KOL_002,9,5498.39
KOL_CUST_001923,Shibpur,Howrah District,Kolkata,Premium,19-05-2024,10-05-2024,BLK_KOL_049,10,6147.67
KOL_CUST_001924,EM Bypass,East Kolkata,Kolkata,Regular,26-07-2023,24-07-2023,BLK_KOL_038,6,2050.83
KOL_CUST_001925,Shyambazar,North Kolkata,Kolkata,New,29-08-2024,08-08-2024,BLK_KOL_002,8,3635.25
KOL_CUST_001926,B.B.D. Bagh,Central Kolkata,Kolkata,Regular,05-01-2023,10-12-2022,BLK_KOL_017,7,2676.33
KOL_CUST_001927,Rajarhat,Salt Lake & New Town,Kolkata,Regular,15-09-2023,09-09-2023,BLK_KOL_035,14,7378.2
KOL_CUST_001928,Park Street,Central Kolkata,Kolkata,Premium,02-10-2023,11-09-2023,BLK_KOL_014,10,4251.59
KOL_CUST_001929,New Town,Salt Lake & New Town,Kolkata,Regular,27-02-2023,30-01-2023,BLK_KOL_032,9,2437.165
KOL_CUST_001930,Shyambazar,North Kolkata,Kolkata,New,23-06-2023,17-06-2023,BLK_KOL_002,9,3792.78
KOL_CUST_001931,Rajarhat,Salt Lake & New Town,Kolkata,Regular,10-05-2023,18-04-2023,BLK_KOL_034,7,2503.32
KOL_CUST_001932,Baghbazar,North Kolkata,Kolkata,Premium,21-03-2023,12-03-2023,BLK_KOL_009,12,3784.21
KOL_CUST_001933,Behala,East Kolkata,Kolkata,Premium,25-01-2023,08-01-2023,BLK_KOL_044,5,1696.23
KOL_CUST_001934,Shyambazar,North Kolkata,Kolkata,Regular,18-02-2023,07-02-2023,BLK_KOL_001,6,1884.13
KOL_CUST_001935,Baghbazar,North Kolkata,Kolkata,Premium,09-04-2023,10-03-2023,BLK_KOL_007,12,5428.46
KOL_CUST_001936,Baghbazar,North Kolkata,Kolkata,Regular,03-02-2023,02-02-2023,BLK_KOL_009,15,10810.96
KOL_CUST_001937,Shyambazar,North Kolkata,Kolkata,Regular,25-05-2023,26-04-2023,BLK_KOL_002,10,5045.91
KOL_CUST_001938,Gariahat,South Kolkata,Kolkata,New,08-01-2023,11-12-2022,BLK_KOL_022,8,2522.51
KOL_CUST_001939,Park Street,Central Kolkata,Kolkata,Regular,22-05-2023,16-05-2023,BLK_KOL_015,15,4646.17
KOL_CUST_001940,New Town,Salt Lake & New Town,Kolkata,Regular,28-08-2023,21-08-2023,BLK_KOL_032,11,4032.92
KOL_CUST_001941,Salt Lake,Salt Lake & New Town,Kolkata,Regular,21-04-2023,05-04-2023,BLK_KOL_028,8,4575.32
KOL_CUST_001942,Rajarhat,Salt Lake & New Town,Kolkata,Regular,08-01-2023,12-12-2022,BLK_KOL_035,8,3571.39
KOL_CUST_001943,B.B.D. Bagh,Central Kolkata,Kolkata,Regular,06-02-2023,19-01-2023,BLK_KOL_016,9,3943.41
KOL_CUST_001944,Kasba,East Kolkata,Kolkata,Regular,08-07-2023,15-06-2023,BLK_KOL_041,10,5256.73
KOL_CUST_001945,Santragachi,Howrah District,Kolkata,Premium,17-05-2024,22-04-2024,BLK_KOL_052,5,2319.75
KOL_CUST_001946,Ballygunge,South Kolkata,Kolkata,New,16-11-2023,30-10-2023,BLK_KOL_020,10,5772.29
KOL_CUST_001947,B.B.D. Bagh,Central Kolkata,Kolkata,Regular,07-04-2023,26-03-2023,BLK_KOL_016,12,6915.8
KOL_CUST_001948,Ultadanga,North Kolkata,Kolkata,Regular,10-10-2023,12-09-2023,BLK_KOL_004,12,7204.69
KOL_CUST_001949,B.B.D. Bagh,Central Kolkata,Kolkata,Regular,14-06-2023,16-05-2023,BLK_KOL_018,10,6095.08
KOL_CUST_001950,Rajarhat,Salt Lake & New Town,Kolkata,Regular,07-04-2023,13-03-2023,BLK_KOL_035,8,2965.65
KOL_CUST_001951,Behala,East Kolkata,Kolkata,Regular,24-04-2023,08-04-2023,BLK_KOL_045,11,4217.09
KOL_CUST_001952,Tollygunge,South Kolkata,Kolkata,Regular,21-06-2024,08-06-2024,BLK_KOL_025,12,4342.75
KOL_CUST_001953,Gariahat,South Kolkata,Kolkata,Premium,16-09-2024,02-09-2024,BLK_KOL_022,8,3454.88
KOL_CUST_001954,EM Bypass,East Kolkata,Kolkata,Regular,10-09-2023,11-08-2023,BLK_KOL_039,7,3852.96
KOL_CUST_001955,Shibpur,Howrah District,Kolkata,Regular,15-02-2023,10-02-2023,BLK_KOL_050,9,6488.51
KOL_CUST_001956,Ultadanga,North Kolkata,Kolkata,Regular,07-06-2024,02-06-2024,BLK_KOL_004,14,6415.63
KOL_CUST_001957,Behala,East Kolkata,Kolkata,Premium,11-04-2023,06-04-2023,BLK_KOL_043,13,5978.355
KOL_CUST_001958,B.B.D. Bagh,Central Kolkata,Kolkata,Premium,22-10-2023,24-09-2023,BLK_KOL_016,10,3075.55
KOL_CUST_001959,Baghbazar,North Kolkata,Kolkata,Regular,19-03-2024,20-02-2024,BLK_KOL_009,12,6753.44
KOL_CUST_001960,Shyambazar,North Kolkata,Kolkata,Premium,09-06-2023,22-05-2023,BLK_KOL_002,5,3737.76
KOL_CUST_001961,Ballygunge,South Kolkata,Kolkata,Regular,11-07-2024,18-06-2024,BLK_KOL_020,11,3434.66
KOL_CUST_001962,Esplanade,Central Kolkata,Kolkata,Regular,23-06-2023,18-06-2023,BLK_KOL_010,8,2230.58
KOL_CUST_001963,New Town,Salt Lake & New Town,Kolkata,Regular,05-08-2024,18-07-2024,BLK_KOL_033,8,3613.02
KOL_CUST_001964,Howrah,Howrah District,Kolkata,Premium,27-10-2024,28-09-2024,BLK_KOL_048,9,3177.43
KOL_CUST_001965,Gariahat,South Kolkata,Kolkata,Regular,11-06-2023,10-06-2023,BLK_KOL_023,5,2122.88
KOL_CUST_001966,EM Bypass,East Kolkata,Kolkata,Premium,27-04-2024,20-04-2024,BLK_KOL_039,7,2209.61
KOL_CUST_001967,Salt Lake,Salt Lake & New Town,Kolkata,Regular,12-06-2023,06-06-2023,BLK_KOL_030,8,3592.075
KOL_CUST_001968,Salt Lake,Salt Lake & New Town,Kolkata,Premium,31-03-2023,17-03-2023,BLK_KOL_030,10,4790.82
KOL_CUST_001969,EM Bypass,East Kolkata,Kolkata,Regular,24-02-2024,21-02-2024,BLK_KOL_037,14,6500.49
KOL_CUST_001970,Esplanade,Central Kolkata,Kolkata,Regular,26-07-2024,25-07-2024,BLK_KOL_012,9,3223.025
KOL_CUST_001971,Park Street,Central Kolkata,Kolkata,Regular,20-05-2023,19-05-2023,BLK_KOL_014,7,3845.8
KOL_CUST_001972,EM Bypass,East Kolkata,Kolkata,Regular,05-11-2023,27-10-2023,BLK_KOL_038,5,2783.15
KOL_CUST_001973,Esplanade,Central Kolkata,Kolkata,Regular,18-08-2024,24-07-2024,BLK_KOL_010,9,5068.84
KOL_CUST_001974,New Town,Salt Lake & New Town,Kolkata,Premium,05-07-2024,29-06-2024,BLK_KOL_031,4,1930.93
KOL_CUST_001975,Santragachi,Howrah District,Kolkata,Premium,10-02-2024,30-01-2024,BLK_KOL_054,7,3309.92
KOL_CUST_001976,Tollygunge,South Kolkata,Kolkata,Regular,22-01-2023,07-01-2023,BLK_KOL_027,10,6394.93
KOL_CUST_001977,Behala,East Kolkata,Kolkata,New,01-10-2023,16-09-2023,BLK_KOL_044,11,6863.46
KOL_CUST_001978,Rajarhat,Salt Lake & New Town,Kolkata,Regular,13-06-2023,19-05-2023,BLK_KOL_035,11,5584.12
KOL_CUST_001979,Santragachi,Howrah District,Kolkata,Regular,05-07-2023,04-07-2023,BLK_KOL_053,7,5497.03
KOL_CUST_001980,Salt Lake,Salt Lake & New Town,Kolkata,Regular,27-02-2024,25-02-2024,BLK_KOL_029,13,5792.29
KOL_CUST_001981,EM Bypass,East Kolkata,Kolkata,Regular,20-10-2023,15-10-2023,BLK_KOL_038,7,2546.52
KOL_CUST_001982,Howrah,Howrah District,Kolkata,Regular,15-07-2023,30-06-2023,BLK_KOL_047,8,2909.03
KOL_CUST_001983,Gariahat,South Kolkata,Kolkata,Regular,25-09-2024,23-09-2024,BLK_KOL_022,13,5015.51
KOL_CUST_001984,Rajarhat,Salt Lake & New Town,Kolkata,New,25-01-2023,04-01-2023,BLK_KOL_035,12,6799.98
KOL_CUST_001985,Esplanade,Central Kolkata,Kolkata,Regular,23-10-2023,02-10-2023,BLK_KOL_011,7,5033.45
KOL_CUST_001986,Kasba,East Kolkata,Kolkata,New,30-08-2023,21-08-2023,BLK_KOL_042,10,3762.67
KOL_CUST_001987,Baghbazar,North Kolkata,Kolkata,New,09-08-2024,14-07-2024,BLK_KOL_009,4,1982.77
KOL_CUST_001988,Tollygunge,South Kolkata,Kolkata,Regular,20-09-2024,25-08-2024,BLK_KOL_025,3,872.22
KOL_CUST_001989,Ultadanga,North Kolkata,Kolkata,Regular,04-04-2023,05-03-2023,BLK_KOL_005,5,2862.35
KOL_CUST_001990,B.B.D. Bagh,Central Kolkata,Kolkata,Regular,09-11-2023,10-10-2023,BLK_KOL_018,11,3983.3
KOL_CUST_001991,Salt Lake,Salt Lake & New Town,Kolkata,Regular,08-05-2023,12-04-2023,BLK_KOL_030,8,3615.94
KOL_CUST_001992,Park Street,Central Kolkata,Kolkata,Regular,10-04-2023,20-03-2023,BLK_KOL_014,9,2667.21
KOL_CUST_001993,Gariahat,South Kolkata,Kolkata,Regular,19-06-2023,30-05-2023,BLK_KOL_024,9,2403.48
KOL_CUST_001994,Behala,East Kolkata,Kolkata,Regular,11-01-2023,24-12-2022,BLK_KOL_045,8,4954.52
KOL_CUST_001995,Santragachi,Howrah District,Kolkata,Regular,11-06-2023,15-05-2023,BLK_KOL_053,9,3868.84
KOL_CUST_001996,Behala,East Kolkata,Kolkata,Regular,12-09-2024,20-08-2024,BLK_KOL_045,10,3513.27
KOL_CUST_001997,EM Bypass,East Kolkata,Kolkata,Regular,16-11-2023,28-10-2023,BLK_KOL_039,7,3341.47
KOL_CUST_001998,Howrah,Howrah District,Kolkata,Premium,09-06-2023,16-05-2023,BLK_KOL_047,10,7352.13
KOL_CUST_001999,Rajarhat,Salt Lake & New Town,Kolkata,Regular,24-06-2023,09-06-2023,BLK_KOL_035,12,3945.4
KOL_CUST_002000,B.B.D. Bagh,Central Kolkata,Kolkata,Regular,16-10-2024,21-09-2024,BLK_KOL_016,12,5216.49
KOL_CUST_002001,Salt Lake,Salt Lake & New Town,Kolkata,New,26-03-2023,13-03-2023,BLK_KOL_028,10,3878.12
KOL_CUST_002002,Park Street,Central Kolkata,Kolkata,Premium,30-09-2023,23-09-2023,BLK_KOL_015,8,3633.17
KOL_CUST_002003,Esplanade,Central Kolkata,Kolkata,New,02-09-2023,08-08-2023,BLK_KOL_010,9,3700.13
KOL_CUST_002004,EM Bypass,East Kolkata,Kolkata,Regular,05-06-2023,22-05-2023,BLK_KOL_039,11,5537.43
KOL_CUST_002005,Tollygunge,South Kolkata,Kolkata,Regular,31-05-2023,09-05-2023,BLK_KOL_026,5,2274.31
KOL_CUST_002006,New Town,Salt Lake & New Town,Kolkata,Regular,05-03-2023,05-02-2023,BLK_KOL_032,16,5068.76
KOL_CUST_002007,Behala,East Kolkata,Kolkata,Premium,16-04-2023,19-03-2023,BLK_KOL_045,11,4020.27
KOL_CUST_002008,Salt Lake,Salt Lake & New Town,Kolkata,Regular,14-06-2023,24-05-2023,BLK_KOL_029,13,5766.48
KOL_CUST_002009,Esplanade,Central Kolkata,Kolkata,Regular,02-01-2023,19-12-2022,BLK_KOL_010,5,3352.77
KOL_CUST_002010,Shyambazar,North Kolkata,Kolkata,Regular,11-03-2024,23-02-2024,BLK_KOL_002,19,7729.22
KOL_CUST_002011,Kasba,East Kolkata,Kolkata,Regular,15-06-2024,09-06-2024,BLK_KOL_042,3,1065.79
KOL_CUST_002012,Howrah,Howrah District,Kolkata,Premium,08-07-2024,18-06-2024,BLK_KOL_048,15,5081.84
KOL_CUST_002013,EM Bypass,East Kolkata,Kolkata,New,26-08-2023,20-08-2023,BLK_KOL_038,10,6002.49
KOL_CUST_002014,Gariahat,South Kolkata,Kolkata,Regular,22-08-2023,12-08-2023,BLK_KOL_022,10,3525.57
KOL_CUST_002015,Shyambazar,North Kolkata,Kolkata,Regular,10-04-2023,19-03-2023,BLK_KOL_003,4,1945.75
KOL_CUST_002016,Gariahat,South Kolkata,Kolkata,Regular,24-08-2024,20-08-2024,BLK_KOL_024,9,5714.87
KOL_CUST_002017,New Town,Salt Lake & New Town,Kolkata,Regular,22-03-2024,27-02-2024,BLK_KOL_032,11,5303.23
KOL_CUST_002018,Shyambazar,North Kolkata,Kolkata,New,27-07-2024,11-07-2024,BLK_KOL_001,8,4403.37
KOL_CUST_002019,Baghbazar,North Kolkata,Kolkata,New,13-05-2024,25-04-2024,BLK_KOL_009,8,2786.15
KOL_CUST_002020,Santragachi,Howrah District,Kolkata,Regular,12-08-2024,19-07-2024,BLK_KOL_054,9,2895.715
KOL_CUST_002021,EM Bypass,East Kolkata,Kolkata,Regular,21-01-2024,29-12-2023,BLK_KOL_039,14,6580.73
KOL_CUST_002022,Behala,East Kolkata,Kolkata,Premium,30-09-2023,02-09-2023,BLK_KOL_043,16,4919
KOL_CUST_002023,Esplanade,Central Kolkata,Kolkata,Regular,06-07-2024,25-06-2024,BLK_KOL_010,14,6766.51
KOL_CUST_002024,Gariahat,South Kolkata,Kolkata,Regular,17-04-2024,06-04-2024,BLK_KOL_024,12,5981.36
KOL_CUST_002025,Baghbazar,North Kolkata,Kolkata,Regular,26-03-2023,01-03-2023,BLK_KOL_009,10,2549.06
KOL_CUST_002026,Salt Lake,Salt Lake & New Town,Kolkata,Regular,18-06-2024,26-05-2024,BLK_KOL_029,18,5792.54
KOL_CUST_002027,Tollygunge,South Kolkata,Kolkata,Premium,22-09-2023,12-09-2023,BLK_KOL_026,8,4050.06
KOL_CUST_002028,Rajarhat,Salt Lake & New Town,Kolkata,Regular,06-07-2023,13-06-2023,BLK_KOL_035,4,1206.09
KOL_CUST_002029,Salt Lake,Salt Lake & New Town,Kolkata,Regular,21-04-2023,16-04-2023,BLK_KOL_030,9,4816.58
KOL_CUST_002030,Park Street,Central Kolkata,Kolkata,New,06-07-2023,27-06-2023,BLK_KOL_015,9,6005.32
KOL_CUST_002031,Shyambazar,North Kolkata,Kolkata,Regular,25-10-2024,06-10-2024,BLK_KOL_002,9,3016.61
KOL_CUST_002032,Rajarhat,Salt Lake & New Town,Kolkata,Regular,21-09-2024,01-09-2024,BLK_KOL_035,5,1615.32
KOL_CUST_002033,Rajarhat,Salt Lake & New Town,Kolkata,New,27-10-2024,16-10-2024,BLK_KOL_034,6,3375.2
KOL_CUST_002034,EM Bypass,East Kolkata,Kolkata,Regular,05-09-2024,08-08-2024,BLK_KOL_039,6,3289.16
KOL_CUST_002035,B.B.D. Bagh,Central Kolkata,Kolkata,Premium,22-05-2023,19-05-2023,BLK_KOL_018,6,2285.88
KOL_CUST_002036,Salt Lake,Salt Lake & New Town,Kolkata,Regular,17-09-2023,23-08-2023,BLK_KOL_028,8,3619.26
KOL_CUST_002037,Esplanade,Central Kolkata,Kolkata,Regular,01-07-2024,12-06-2024,BLK_KOL_011,9,2505.45
KOL_CUST_002038,Shyambazar,North Kolkata,Kolkata,New,25-09-2024,01-09-2024,BLK_KOL_002,10,2621.65
KOL_CUST_002039,Ultadanga,North Kolkata,Kolkata,New,13-10-2023,26-09-2023,BLK_KOL_006,13,5587.85
KOL_CUST_002040,Santragachi,Howrah District,Kolkata,New,02-10-2024,06-09-2024,BLK_KOL_052,15,5591.56
KOL_CUST_002041,Shibpur,Howrah District,Kolkata,Regular,24-07-2023,18-07-2023,BLK_KOL_049,9,4904.41
KOL_CUST_002042,Gariahat,South Kolkata,Kolkata,Premium,13-04-2023,24-03-2023,BLK_KOL_023,8,2255.62
KOL_CUST_002043,Tollygunge,South Kolkata,Kolkata,Regular,27-08-2023,28-07-2023,BLK_KOL_026,9,5446.19
KOL_CUST_002044,Park Street,Central Kolkata,Kolkata,Regular,01-11-2023,24-10-2023,BLK_KOL_014,7,6099.98
KOL_CUST_002045,Howrah,Howrah District,Kolkata,New,03-03-2023,01-03-2023,BLK_KOL_046,11,3783.77
KOL_CUST_002046,Baghbazar,North Kolkata,Kolkata,Regular,04-10-2023,18-09-2023,BLK_KOL_009,4,1790.11
KOL_CUST_002047,Santragachi,Howrah District,Kolkata,Regular,30-01-2023,11-01-2023,BLK_KOL_054,5,1353.83
KOL_CUST_002048,Kasba,East Kolkata,Kolkata,Regular,27-02-2024,12-02-2024,BLK_KOL_042,9,3955.37
KOL_CUST_002049,Ballygunge,South Kolkata,Kolkata,Regular,11-01-2023,27-12-2022,BLK_KOL_019,7,3529.68
KOL_CUST_002050,Tollygunge,South Kolkata,Kolkata,Regular,18-05-2024,12-05-2024,BLK_KOL_026,10,3647.88
KOL_CUST_002051,Howrah,Howrah District,Kolkata,Regular,06-01-2023,09-12-2022,BLK_KOL_048,12,7975.14
KOL_CUST_002052,New Town,Salt Lake & New Town,Kolkata,Regular,18-02-2023,28-01-2023,BLK_KOL_032,3,1085.68
KOL_CUST_002053,B.B.D. Bagh,Central Kolkata,Kolkata,New,22-06-2023,05-06-2023,BLK_KOL_016,11,6109.48
KOL_CUST_002054,B.B.D. Bagh,Central Kolkata,Kolkata,Regular,25-04-2023,21-04-2023,BLK_KOL_017,12,6166.07
KOL_CUST_002055,Behala,East Kolkata,Kolkata,Regular,02-03-2023,23-02-2023,BLK_KOL_043,5,2765.1
KOL_CUST_002056,Gariahat,South Kolkata,Kolkata,Regular,21-03-2023,24-02-2023,BLK_KOL_022,12,7581.73
KOL_CUST_002057,Esplanade,Central Kolkata,Kolkata,Regular,17-04-2024,12-04-2024,BLK_KOL_011,8,4085.01
KOL_CUST_002058,Ballygunge,South Kolkata,Kolkata,New,28-03-2024,08-03-2024,BLK_KOL_020,11,3853.35
KOL_CUST_002059,New Town,Salt Lake & New Town,Kolkata,Regular,30-08-2024,04-08-2024,BLK_KOL_031,7,3971.84
KOL_CUST_002060,Tollygunge,South Kolkata,Kolkata,Regular,21-07-2023,23-06-2023,BLK_KOL_026,10,4704.72
KOL_CUST_002061,Rajarhat,Salt Lake & New Town,Kolkata,Regular,15-06-2023,19-05-2023,BLK_KOL_036,10,5482.83
KOL_CUST_002062,Behala,East Kolkata,Kolkata,Regular,17-02-2023,03-02-2023,BLK_KOL_045,11,4090.37
KOL_CUST_002063,EM Bypass,East Kolkata,Kolkata,Regular,07-05-2023,11-04-2023,BLK_KOL_037,10,3516.23
KOL_CUST_002064,Behala,East Kolkata,Kolkata,Regular,10-01-2024,03-01-2024,BLK_KOL_045,11,3603.6
KOL_CUST_002065,Tollygunge,South Kolkata,Kolkata,Premium,25-05-2023,11-05-2023,BLK_KOL_025,9,4673.58
KOL_CUST_002066,New Town,Salt Lake & New Town,Kolkata,Regular,22-08-2023,02-08-2023,BLK_KOL_032,8,4170.85
KOL_CUST_002067,Tollygunge,South Kolkata,Kolkata,Premium,31-07-2023,07-07-2023,BLK_KOL_027,10,5822.59
KOL_CUST_002068,Howrah,Howrah District,Kolkata,Regular,24-01-2024,11-01-2024,BLK_KOL_046,4,1755.68
KOL_CUST_002069,Howrah,Howrah District,Kolkata,Regular,26-01-2023,24-01-2023,BLK_KOL_047,10,3161.55
KOL_CUST_002070,New Town,Salt Lake & New Town,Kolkata,Regular,27-05-2023,17-05-2023,BLK_KOL_032,12,5141.075
KOL_CUST_002071,Park Street,Central Kolkata,Kolkata,Regular,07-02-2024,13-01-2024,BLK_KOL_015,10,4079.43
KOL_CUST_002072,Park Street,Central Kolkata,Kolkata,Regular,02-06-2024,15-05-2024,BLK_KOL_013,11,4849.93
KOL_CUST_002073,Gariahat,South Kolkata,Kolkata,Regular,26-02-2023,17-02-2023,BLK_KOL_022,10,5874.17
KOL_CUST_002074,Salt Lake,Salt Lake & New Town,Kolkata,Regular,12-03-2024,09-03-2024,BLK_KOL_028,12,5534.95
KOL_CUST_002075,New Town,Salt Lake & New Town,Kolkata,New,03-07-2024,18-06-2024,BLK_KOL_031,8,5937.13
KOL_CUST_002076,Ballygunge,South Kolkata,Kolkata,Regular,07-04-2023,26-03-2023,BLK_KOL_021,11,5224.56
KOL_CUST_002077,Tollygunge,South Kolkata,Kolkata,Premium,21-11-2023,31-10-2023,BLK_KOL_026,7,2845.18
KOL_CUST_002078,EM Bypass,East Kolkata,Kolkata,Regular,25-01-2024,23-01-2024,BLK_KOL_039,9,3847.74
KOL_CUST_002079,Shibpur,Howrah District,Kolkata,Regular,16-02-2023,14-02-2023,BLK_KOL_051,13,5642.56
KOL_CUST_002080,New Town,Salt Lake & New Town,Kolkata,Regular,08-09-2024,28-08-2024,BLK_KOL_033,11,5435.36
KOL_CUST_002081,Baghbazar,North Kolkata,Kolkata,Regular,20-02-2023,02-02-2023,BLK_KOL_009,6,2550.05
KOL_CUST_002082,Shibpur,Howrah District,Kolkata,Regular,14-02-2024,30-01-2024,BLK_KOL_050,13,6096.18
KOL_CUST_002083,Ballygunge,South Kolkata,Kolkata,Regular,08-08-2024,24-07-2024,BLK_KOL_019,16,8397.9
KOL_CUST_002084,Park Street,Central Kolkata,Kolkata,Premium,07-02-2024,19-01-2024,BLK_KOL_013,7,2883.98
KOL_CUST_002085,Shibpur,Howrah District,Kolkata,New,09-08-2024,27-07-2024,BLK_KOL_050,4,2678.29
KOL_CUST_002086,Shyambazar,North Kolkata,Kolkata,Premium,18-07-2024,10-07-2024,BLK_KOL_002,10,4821.635
KOL_CUST_002087,Park Street,Central Kolkata,Kolkata,Regular,10-08-2023,16-07-2023,BLK_KOL_014,4,1823.82
KOL_CUST_002088,Behala,East Kolkata,Kolkata,Regular,12-04-2024,24-03-2024,BLK_KOL_043,11,5732
KOL_CUST_002089,Park Street,Central Kolkata,Kolkata,Regular,18-09-2023,12-09-2023,BLK_KOL_014,14,5358.23
KOL_CUST_002090,Santragachi,Howrah District,Kolkata,Regular,21-01-2024,03-01-2024,BLK_KOL_052,3,1659.86
KOL_CUST_002091,Baghbazar,North Kolkata,Kolkata,New,24-06-2023,02-06-2023,BLK_KOL_008,11,3428.36
KOL_CUST_002092,Salt Lake,Salt Lake & New Town,Kolkata,Regular,17-07-2023,17-06-2023,BLK_KOL_029,7,1339.61
KOL_CUST_002093,Rajarhat,Salt Lake & New Town,Kolkata,Premium,21-04-2023,08-04-2023,BLK_KOL_036,13,5267.79
KOL_CUST_002094,Ballygunge,South Kolkata,Kolkata,Regular,18-04-2023,11-04-2023,BLK_KOL_021,14,4715.43
KOL_CUST_002095,EM Bypass,East Kolkata,Kolkata,Premium,30-09-2023,24-09-2023,BLK_KOL_038,7,2993.01
KOL_CUST_002096,Shibpur,Howrah District,Kolkata,Premium,17-08-2023,01-08-2023,BLK_KOL_050,8,2582.71
KOL_CUST_002097,Rajarhat,Salt Lake & New Town,Kolkata,Regular,11-06-2024,04-06-2024,BLK_KOL_034,10,6688.32
KOL_CUST_002098,Shibpur,Howrah District,Kolkata,Regular,25-07-2023,10-07-2023,BLK_KOL_049,15,4770.91
KOL_CUST_002099,EM Bypass,East Kolkata,Kolkata,New,23-07-2024,19-07-2024,BLK_KOL_038,9,3020.8
KOL_CUST_002100,Salt Lake,Salt Lake & New Town,Kolkata,New,10-08-2024,20-07-2024,BLK_KOL_030,7,2195.15
KOL_CUST_002101,Baghbazar,North Kolkata,Kolkata,New,18-07-2024,17-07-2024,BLK_KOL_009,7,3087.03
KOL_CUST_002102,Tollygunge,South Kolkata,Kolkata,Premium,14-06-2024,17-05-2024,BLK_KOL_025,8,3479.64
KOL_CUST_002103,Shyambazar,North Kolkata,Kolkata,Premium,14-09-2023,29-08-2023,BLK_KOL_003,6,2022.55
KOL_CUST_002104,Ultadanga,North Kolkata,Kolkata,New,17-08-2023,26-07-2023,BLK_KOL_005,9,3234.83
KOL_CUST_002105,Kasba,East Kolkata,Kolkata,Premium,02-08-2024,03-07-2024,BLK_KOL_041,12,5194.86
KOL_CUST_002106,Park Street,Central Kolkata,Kolkata,Regular,02-04-2024,03-03-2024,BLK_KOL_013,9,3267.195
KOL_CUST_002107,B.B.D. Bagh,Central Kolkata,Kolkata,Regular,20-08-2023,30-07-2023,BLK_KOL_017,9,4837.85
KOL_CUST_002108,Tollygunge,South Kolkata,Kolkata,Regular,15-01-2024,04-01-2024,BLK_KOL_026,12,4662.98
KOL_CUST_002109,Howrah,Howrah District,Kolkata,New,20-09-2023,18-09-2023,BLK_KOL_048,3,985.79
KOL_CUST_002110,Shibpur,Howrah District,Kolkata,Premium,12-10-2023,13-09-2023,BLK_KOL_050,7,2574.73
KOL_CUST_002111,Kasba,East Kolkata,Kolkata,New,27-02-2024,12-02-2024,BLK_KOL_041,8,4397.28
KOL_CUST_002112,Santragachi,Howrah District,Kolkata,Regular,28-01-2023,27-01-2023,BLK_KOL_052,8,4652.48
KOL_CUST_002113,Howrah,Howrah District,Kolkata,Premium,11-05-2024,19-04-2024,BLK_KOL_048,9,3769.77
KOL_CUST_002114,Esplanade,Central Kolkata,Kolkata,Premium,13-02-2023,05-02-2023,BLK_KOL_012,12,4881.82
KOL_CUST_002115,Park Street,Central Kolkata,Kolkata,Regular,21-10-2023,28-09-2023,BLK_KOL_014,11,4068.9
KOL_CUST_002116,Esplanade,Central Kolkata,Kolkata,Premium,27-07-2023,05-07-2023,BLK_KOL_012,9,4813.165
KOL_CUST_002117,Behala,East Kolkata,Kolkata,Regular,23-09-2024,25-08-2024,BLK_KOL_044,4,858.99
KOL_CUST_002118,Park Street,Central Kolkata,Kolkata,Regular,25-05-2023,06-05-2023,BLK_KOL_015,6,3871.24
KOL_CUST_002119,Ultadanga,North Kolkata,Kolkata,Regular,16-07-2024,20-06-2024,BLK_KOL_006,8,3177.61
KOL_CUST_002120,B.B.D. Bagh,Central Kolkata,Kolkata,Premium,12-01-2023,17-12-2022,BLK_KOL_016,4,1577.85
KOL_CUST_002121,EM Bypass,East Kolkata,Kolkata,Regular,13-02-2023,16-01-2023,BLK_KOL_038,10,4479.665
KOL_CUST_002122,EM Bypass,East Kolkata,Kolkata,Regular,15-08-2023,06-08-2023,BLK_KOL_039,7,2148.73
KOL_CUST_002123,Esplanade,Central Kolkata,Kolkata,New,20-09-2024,09-09-2024,BLK_KOL_012,15,6330.91
KOL_CUST_002124,B.B.D. Bagh,Central Kolkata,Kolkata,Regular,28-03-2023,13-03-2023,BLK_KOL_016,6,1949.44
KOL_CUST_002125,New Town,Salt Lake & New Town,Kolkata,Premium,14-05-2024,02-05-2024,BLK_KOL_033,10,7644.28
KOL_CUST_002126,Shyambazar,North Kolkata,Kolkata,Premium,05-03-2024,19-02-2024,BLK_KOL_003,7,3900.64
KOL_CUST_002127,Esplanade,Central Kolkata,Kolkata,Premium,04-07-2023,22-06-2023,BLK_KOL_010,4,3894.29
KOL_CUST_002128,Kasba,East Kolkata,Kolkata,New,21-10-2023,04-10-2023,BLK_KOL_041,7,2073.67
KOL_CUST_002129,Shibpur,Howrah District,Kolkata,Regular,11-08-2023,04-08-2023,BLK_KOL_051,9,4400.685
KOL_CUST_002130,Rajarhat,Salt Lake & New Town,Kolkata,Regular,16-09-2023,30-08-2023,BLK_KOL_034,8,4021.51
KOL_CUST_002131,Santragachi,Howrah District,Kolkata,Regular,07-08-2023,21-07-2023,BLK_KOL_054,9,4436.11
KOL_CUST_002132,B.B.D. Bagh,Central Kolkata,Kolkata,Regular,09-09-2023,12-08-2023,BLK_KOL_017,11,4238.91
KOL_CUST_002133,Park Street,Central Kolkata,Kolkata,Regular,24-01-2023,17-01-2023,BLK_KOL_013,10,4691.32
KOL_CUST_002134,EM Bypass,East Kolkata,Kolkata,New,10-03-2023,09-02-2023,BLK_KOL_039,9,4207.9
KOL_CUST_002135,New Town,Salt Lake & New Town,Kolkata,Premium,02-07-2023,23-06-2023,BLK_KOL_031,6,3668.91
KOL_CUST_002136,Salt Lake,Salt Lake & New Town,Kolkata,Regular,23-01-2023,20-01-2023,BLK_KOL_030,9,3635.96
KOL_CUST_002137,Kasba,East Kolkata,Kolkata,Regular,31-03-2023,06-03-2023,BLK_KOL_042,9,2494.88
KOL_CUST_002138,Gariahat,South Kolkata,Kolkata,Regular,12-09-2023,30-08-2023,BLK_KOL_023,8,3278.16
KOL_CUST_002139,Gariahat,South Kolkata,Kolkata,Regular,06-02-2024,28-01-2024,BLK_KOL_023,18,6615.23
KOL_CUST_002140,EM Bypass,East Kolkata,Kolkata,New,06-02-2023,01-02-2023,BLK_KOL_038,7,2601.1
KOL_CUST_002141,Park Street,Central Kolkata,Kolkata,Premium,16-06-2024,12-06-2024,BLK_KOL_015,7,4651.6
KOL_CUST_002142,Shibpur,Howrah District,Kolkata,Regular,15-01-2023,07-01-2023,BLK_KOL_050,7,2962.42
KOL_CUST_002143,Salt Lake,Salt Lake & New Town,Kolkata,Regular,04-10-2024,19-09-2024,BLK_KOL_030,8,1367.29
KOL_CUST_002144,New Town,Salt Lake & New Town,Kolkata,Regular,21-01-2024,23-12-2023,BLK_KOL_031,3,1699.65
KOL_CUST_002145,Behala,East Kolkata,Kolkata,New,07-09-2023,15-08-2023,BLK_KOL_044,7,2447.28
KOL_CUST_002146,Howrah,Howrah District,Kolkata,Regular,25-04-2024,22-04-2024,BLK_KOL_047,9,2886.58
KOL_CUST_002147,Rajarhat,Salt Lake & New Town,Kolkata,Regular,24-03-2023,10-03-2023,BLK_KOL_035,11,6039.57
KOL_CUST_002148,Esplanade,Central Kolkata,Kolkata,Regular,23-05-2024,29-04-2024,BLK_KOL_010,5,2254.93
KOL_CUST_002149,Tollygunge,South Kolkata,Kolkata,Regular,17-06-2024,21-05-2024,BLK_KOL_026,8,3656.35
KOL_CUST_002150,Rajarhat,Salt Lake & New Town,Kolkata,Regular,12-10-2023,26-09-2023,BLK_KOL_035,10,3888.37
KOL_CUST_002151,Howrah,Howrah District,Kolkata,Regular,24-04-2023,20-04-2023,BLK_KOL_047,9,5221.43
KOL_CUST_002152,Howrah,Howrah District,Kolkata,Regular,16-02-2023,30-01-2023,BLK_KOL_048,7,3589.48
KOL_CUST_002153,EM Bypass,East Kolkata,Kolkata,Regular,08-10-2023,12-09-2023,BLK_KOL_038,12,6631.77
KOL_CUST_002154,Esplanade,Central Kolkata,Kolkata,New,03-10-2023,25-09-2023,BLK_KOL_012,9,4368.18
KOL_CUST_002155,Kasba,East Kolkata,Kolkata,Regular,21-01-2024,26-12-2023,BLK_KOL_041,11,5824.64
KOL_CUST_002156,Behala,East Kolkata,Kolkata,Premium,10-03-2023,25-02-2023,BLK_KOL_044,7,2779.5
KOL_CUST_002157,Kasba,East Kolkata,Kolkata,Regular,14-01-2024,08-01-2024,BLK_KOL_042,9,4268.94
KOL_CUST_002158,New Town,Salt Lake & New Town,Kolkata,Regular,05-05-2023,11-04-2023,BLK_KOL_032,7,3440.69
KOL_CUST_002159,Tollygunge,South Kolkata,Kolkata,Regular,09-06-2023,01-06-2023,BLK_KOL_025,6,2892.79
KOL_CUST_002160,Ultadanga,North Kolkata,Kolkata,Regular,11-01-2023,16-12-2022,BLK_KOL_006,8,2996
KOL_CUST_002161,Santragachi,Howrah District,Kolkata,Regular,07-10-2024,13-09-2024,BLK_KOL_054,6,3511.91
KOL_CUST_002162,Rajarhat,Salt Lake & New Town,Kolkata,Regular,29-03-2024,01-03-2024,BLK_KOL_034,8,1994.72
KOL_CUST_002163,Rajarhat,Salt Lake & New Town,Kolkata,Regular,26-04-2024,16-04-2024,BLK_KOL_034,4,1702.4
KOL_CUST_002164,Baghbazar,North Kolkata,Kolkata,Regular,09-06-2024,19-05-2024,BLK_KOL_009,7,3446.345
KOL_CUST_002165,EM Bypass,East Kolkata,Kolkata,Regular,29-03-2023,03-03-2023,BLK_KOL_039,10,6484.82
KOL_CUST_002166,Rajarhat,Salt Lake & New Town,Kolkata,Regular,27-03-2024,23-03-2024,BLK_KOL_034,9,4463.08
KOL_CUST_002167,Salt Lake,Salt Lake & New Town,Kolkata,Regular,13-10-2024,25-09-2024,BLK_KOL_030,7,2363.66
KOL_CUST_002168,EM Bypass,East Kolkata,Kolkata,Premium,08-02-2024,05-02-2024,BLK_KOL_039,10,5253.74
KOL_CUST_002169,EM Bypass,East Kolkata,Kolkata,Regular,15-03-2024,26-02-2024,BLK_KOL_038,4,3249.42
KOL_CUST_002170,Park Street,Central Kolkata,Kolkata,Regular,23-02-2024,30-01-2024,BLK_KOL_013,7,3246.48
KOL_CUST_002171,Salt Lake,Salt Lake & New Town,Kolkata,Regular,12-02-2024,04-02-2024,BLK_KOL_030,10,6600.45
KOL_CUST_002172,Ultadanga,North Kolkata,Kolkata,Regular,14-09-2023,05-09-2023,BLK_KOL_004,10,4595.68
KOL_CUST_002173,Gariahat,South Kolkata,Kolkata,Regular,22-04-2024,14-04-2024,BLK_KOL_023,4,2359.97
KOL_CUST_002174,Ballygunge,South Kolkata,Kolkata,Regular,04-07-2023,03-07-2023,BLK_KOL_021,9,5338.29
KOL_CUST_002175,Howrah,Howrah District,Kolkata,Regular,31-07-2024,12-07-2024,BLK_KOL_047,11,4363.22
KOL_CUST_002176,B.B.D. Bagh,Central Kolkata,Kolkata,Regular,24-10-2024,05-10-2024,BLK_KOL_017,15,6511.93
KOL_CUST_002177,EM Bypass,East Kolkata,Kolkata,Regular,05-07-2024,26-06-2024,BLK_KOL_038,14,5020.24
KOL_CUST_002178,Rajarhat,Salt Lake & New Town,Kolkata,Regular,30-04-2024,18-04-2024,BLK_KOL_036,9,4541.42
KOL_CUST_002179,Park Street,Central Kolkata,Kolkata,Regular,29-07-2023,10-07-2023,BLK_KOL_014,10,3778.75
KOL_CUST_002180,Shibpur,Howrah District,Kolkata,Regular,01-10-2024,05-09-2024,BLK_KOL_051,13,6290.54
KOL_CUST_002181,Gariahat,South Kolkata,Kolkata,Regular,10-10-2024,02-10-2024,BLK_KOL_022,5,2913.72
KOL_CUST_002182,Ultadanga,North Kolkata,Kolkata,Regular,22-04-2023,08-04-2023,BLK_KOL_004,13,4727.63
KOL_CUST_002183,B.B.D. Bagh,Central Kolkata,Kolkata,Regular,17-04-2023,15-04-2023,BLK_KOL_017,8,4203.78
KOL_CUST_002184,Howrah,Howrah District,Kolkata,Premium,16-03-2024,04-03-2024,BLK_KOL_046,12,4312.7
KOL_CUST_002185,Tollygunge,South Kolkata,Kolkata,Regular,18-11-2023,02-11-2023,BLK_KOL_025,9,5087.79
KOL_CUST_002186,Park Street,Central Kolkata,Kolkata,Regular,20-04-2024,10-04-2024,BLK_KOL_015,6,2597.47
KOL_CUST_002187,Salt Lake,Salt Lake & New Town,Kolkata,Regular,14-02-2023,28-01-2023,BLK_KOL_030,9,4066.28
KOL_CUST_002188,Park Street,Central Kolkata,Kolkata,Regular,27-10-2024,26-10-2024,BLK_KOL_013,9,3907.27
KOL_CUST_002189,Ultadanga,North Kolkata,Kolkata,Regular,02-07-2024,07-06-2024,BLK_KOL_004,12,6088.08
KOL_CUST_002190,Baghbazar,North Kolkata,Kolkata,Regular,11-09-2023,03-09-2023,BLK_KOL_008,12,6643.02
KOL_CUST_002191,B.B.D. Bagh,Central Kolkata,Kolkata,Regular,16-01-2024,31-12-2023,BLK_KOL_018,10,4187.57
KOL_CUST_002192,New Town,Salt Lake & New Town,Kolkata,Regular,10-05-2023,18-04-2023,BLK_KOL_032,9,4591.2
KOL_CUST_002193,Kasba,East Kolkata,Kolkata,Premium,04-04-2023,24-03-2023,BLK_KOL_040,7,2844.17
KOL_CUST_002194,Salt Lake,Salt Lake & New Town,Kolkata,New,26-04-2023,10-04-2023,BLK_KOL_028,15,5219.98
KOL_CUST_002195,Tollygunge,South Kolkata,Kolkata,Regular,08-08-2023,18-07-2023,BLK_KOL_026,7,2937.64
KOL_CUST_002196,New Town,Salt Lake & New Town,Kolkata,Regular,15-10-2023,14-10-2023,BLK_KOL_031,8,3793.88
KOL_CUST_002197,Ultadanga,North Kolkata,Kolkata,Regular,31-01-2024,27-01-2024,BLK_KOL_004,6,3572.67
KOL_CUST_002198,Shibpur,Howrah District,Kolkata,Regular,18-06-2023,17-06-2023,BLK_KOL_049,8,3269.49
KOL_CUST_002199,Rajarhat,Salt Lake & New Town,Kolkata,Premium,29-03-2024,09-03-2024,BLK_KOL_036,14,8773.6
KOL_CUST_002200,Santragachi,Howrah District,Kolkata,Premium,09-06-2023,18-05-2023,BLK_KOL_053,10,4517.33
KOL_CUST_002201,Rajarhat,Salt Lake & New Town,Kolkata,Regular,21-04-2023,23-03-2023,BLK_KOL_036,5,3710.86
KOL_CUST_002202,Shibpur,Howrah District,Kolkata,Premium,19-04-2023,17-04-2023,BLK_KOL_049,9,6200.09
KOL_CUST_002203,Esplanade,Central Kolkata,Kolkata,New,08-06-2024,04-06-2024,BLK_KOL_010,9,4679.77
KOL_CUST_002204,B.B.D. Bagh,Central Kolkata,Kolkata,New,08-09-2023,23-08-2023,BLK_KOL_018,11,4543.05
KOL_CUST_002205,Park Street,Central Kolkata,Kolkata,New,21-06-2024,22-05-2024,BLK_KOL_013,9,3893.95
KOL_CUST_002206,EM Bypass,East Kolkata,Kolkata,Regular,29-02-2024,26-02-2024,BLK_KOL_038,11,4173.99
KOL_CUST_002207,Rajarhat,Salt Lake & New Town,Kolkata,Premium,26-03-2023,13-03-2023,BLK_KOL_035,16,4760.03
KOL_CUST_002208,Ultadanga,North Kolkata,Kolkata,Regular,02-09-2024,03-08-2024,BLK_KOL_005,10,5575.97
KOL_CUST_002209,Esplanade,Central Kolkata,Kolkata,Regular,16-02-2024,05-02-2024,BLK_KOL_012,11,5694.19
KOL_CUST_002210,Santragachi,Howrah District,Kolkata,Regular,26-02-2023,16-02-2023,BLK_KOL_053,3,1239.34
KOL_CUST_002211,Behala,East Kolkata,Kolkata,New,29-05-2024,15-05-2024,BLK_KOL_044,6,3511.26
KOL_CUST_002212,EM Bypass,East Kolkata,Kolkata,Regular,20-11-2023,09-11-2023,BLK_KOL_038,9,5845.47
KOL_CUST_002213,EM Bypass,East Kolkata,Kolkata,Regular,08-07-2023,15-06-2023,BLK_KOL_038,9,3802.26
KOL_CUST_002214,Ultadanga,North Kolkata,Kolkata,Regular,18-10-2023,29-09-2023,BLK_KOL_006,4,1664.95
KOL_CUST_002215,Santragachi,Howrah District,Kolkata,Regular,25-06-2023,07-06-2023,BLK_KOL_053,12,4959.67
KOL_CUST_002216,Salt Lake,Salt Lake & New Town,Kolkata,New,05-06-2023,03-06-2023,BLK_KOL_028,11,6406.68
KOL_CUST_002217,Kasba,East Kolkata,Kolkata,Regular,25-09-2024,08-09-2024,BLK_KOL_040,13,5205.69
KOL_CUST_002218,Ultadanga,North Kolkata,Kolkata,Regular,20-02-2024,14-02-2024,BLK_KOL_004,12,6490.41
KOL_CUST_002219,New Town,Salt Lake & New Town,Kolkata,Regular,20-08-2023,01-08-2023,BLK_KOL_031,9,5351.31
KOL_CUST_002220,Shyambazar,North Kolkata,Kolkata,Regular,21-05-2023,28-04-2023,BLK_KOL_001,9,3224.43
KOL_CUST_002221,Salt Lake,Salt Lake & New Town,Kolkata,Regular,01-08-2023,02-07-2023,BLK_KOL_028,12,3921.55
KOL_CUST_002222,B.B.D. Bagh,Central Kolkata,Kolkata,Regular,26-04-2024,30-03-2024,BLK_KOL_016,5,2545.34
KOL_CUST_002223,Park Street,Central Kolkata,Kolkata,Regular,29-07-2023,20-07-2023,BLK_KOL_015,9,6015.66
KOL_CUST_002224,Kasba,East Kolkata,Kolkata,Regular,07-06-2024,09-05-2024,BLK_KOL_040,11,7360.58
KOL_CUST_002225,Tollygunge,South Kolkata,Kolkata,Regular,27-11-2023,13-11-2023,BLK_KOL_027,11,5972.1
KOL_CUST_002226,Ballygunge,South Kolkata,Kolkata,Regular,06-09-2024,05-09-2024,BLK_KOL_020,10,4549.09
KOL_CUST_002227,EM Bypass,East Kolkata,Kolkata,Premium,17-04-2023,25-03-2023,BLK_KOL_037,11,5570.48
KOL_CUST_002228,Esplanade,Central Kolkata,Kolkata,Premium,27-03-2023,09-03-2023,BLK_KOL_010,5,3251.46
KOL_CUST_002229,Tollygunge,South Kolkata,Kolkata,Regular,22-07-2024,12-07-2024,BLK_KOL_026,5,2285.74
KOL_CUST_002230,Tollygunge,South Kolkata,Kolkata,Regular,02-10-2023,03-09-2023,BLK_KOL_025,10,4845.61
KOL_CUST_002231,Baghbazar,North Kolkata,Kolkata,Regular,23-03-2023,06-03-2023,BLK_KOL_007,10,4310.57
KOL_CUST_002232,Howrah,Howrah District,Kolkata,Regular,06-10-2023,09-09-2023,BLK_KOL_048,9,4867.67
KOL_CUST_002233,Baghbazar,North Kolkata,Kolkata,Regular,04-02-2024,15-01-2024,BLK_KOL_008,13,6168.19
KOL_CUST_002234,Park Street,Central Kolkata,Kolkata,Regular,11-11-2023,25-10-2023,BLK_KOL_014,8,3918.88
KOL_CUST_002235,Ballygunge,South Kolkata,Kolkata,Premium,11-06-2024,10-06-2024,BLK_KOL_020,9,3649.14
KOL_CUST_002236,New Town,Salt Lake & New Town,Kolkata,New,08-05-2024,26-04-2024,BLK_KOL_033,7,5134.16
KOL_CUST_002237,Ultadanga,North Kolkata,Kolkata,New,15-09-2023,29-08-2023,BLK_KOL_006,10,3593.08
KOL_CUST_002238,B.B.D. Bagh,Central Kolkata,Kolkata,Regular,20-06-2024,05-06-2024,BLK_KOL_016,7,3309.63
KOL_CUST_002239,Behala,East Kolkata,Kolkata,Regular,30-07-2023,20-07-2023,BLK_KOL_043,11,6895.39
KOL_CUST_002240,Park Street,Central Kolkata,Kolkata,Premium,23-06-2023,01-06-2023,BLK_KOL_014,9,2778.97
KOL_CUST_002241,Shibpur,Howrah District,Kolkata,Regular,20-01-2023,27-12-2022,BLK_KOL_049,7,1969.4
KOL_CUST_002242,Rajarhat,Salt Lake & New Town,Kolkata,Regular,10-10-2023,09-10-2023,BLK_KOL_036,5,1838.92
KOL_CUST_002243,Ultadanga,North Kolkata,Kolkata,Premium,17-10-2024,09-10-2024,BLK_KOL_006,10,4876.5
KOL_CUST_002244,Ultadanga,North Kolkata,Kolkata,Premium,26-10-2023,29-09-2023,BLK_KOL_006,7,3893.57
KOL_CUST_002245,EM Bypass,East Kolkata,Kolkata,Regular,21-01-2023,22-12-2022,BLK_KOL_039,7,3008.71
KOL_CUST_002246,Howrah,Howrah District,Kolkata,New,25-06-2024,04-06-2024,BLK_KOL_047,7,4074.32
KOL_CUST_002247,Park Street,Central Kolkata,Kolkata,Regular,01-06-2023,22-05-2023,BLK_KOL_014,6,2995.31
KOL_CUST_002248,B.B.D. Bagh,Central Kolkata,Kolkata,New,17-07-2024,18-06-2024,BLK_KOL_017,5,2503.9
KOL_CUST_002249,Shyambazar,North Kolkata,Kolkata,Premium,02-07-2023,17-06-2023,BLK_KOL_001,11,5650.36
KOL_CUST_002250,Santragachi,Howrah District,Kolkata,Premium,24-07-2024,03-07-2024,BLK_KOL_054,4,2453.05
KOL_CUST_002251,EM Bypass,East Kolkata,Kolkata,Regular,03-05-2023,18-04-2023,BLK_KOL_038,2,898.85
KOL_CUST_002252,EM Bypass,East Kolkata,Kolkata,Regular,13-06-2023,31-05-2023,BLK_KOL_038,4,1752.02
KOL_CUST_002253,Shibpur,Howrah District,Kolkata,Regular,13-08-2023,25-07-2023,BLK_KOL_049,11,4002.56
KOL_CUST_002254,Rajarhat,Salt Lake & New Town,Kolkata,New,07-10-2024,11-09-2024,BLK_KOL_035,17,7130.89
KOL_CUST_002255,Salt Lake,Salt Lake & New Town,Kolkata,Regular,21-09-2023,03-09-2023,BLK_KOL_030,10,5098.61
KOL_CUST_002256,Salt Lake,Salt Lake & New Town,Kolkata,Premium,30-07-2024,23-07-2024,BLK_KOL_028,8,5688.44
KOL_CUST_002257,B.B.D. Bagh,Central Kolkata,Kolkata,Regular,21-09-2024,06-09-2024,BLK_KOL_017,10,4593.4
KOL_CUST_002258,Ballygunge,South Kolkata,Kolkata,Regular,05-09-2023,12-08-2023,BLK_KOL_020,9,4075.11
KOL_CUST_002259,Park Street,Central Kolkata,Kolkata,Regular,21-10-2024,14-10-2024,BLK_KOL_013,8,3742.76
KOL_CUST_002260,New Town,Salt Lake & New Town,Kolkata,Regular,27-09-2023,11-09-2023,BLK_KOL_032,14,9029.58
KOL_CUST_002261,Shibpur,Howrah District,Kolkata,Regular,19-01-2024,24-12-2023,BLK_KOL_050,11,3574.68
KOL_CUST_002262,Shyambazar,North Kolkata,Kolkata,Regular,05-11-2023,02-11-2023,BLK_KOL_002,7,4421.97
KOL_CUST_002263,Rajarhat,Salt Lake & New Town,Kolkata,New,16-09-2023,06-09-2023,BLK_KOL_035,10,5713.34
KOL_CUST_002264,Rajarhat,Salt Lake & New Town,Kolkata,Regular,10-06-2024,14-05-2024,BLK_KOL_035,14,4975.59
KOL_CUST_002265,New Town,Salt Lake & New Town,Kolkata,Regular,28-05-2024,02-05-2024,BLK_KOL_032,7,5453.01
KOL_CUST_002266,Park Street,Central Kolkata,Kolkata,Regular,03-10-2023,13-09-2023,BLK_KOL_015,8,3029.9
KOL_CUST_002267,Santragachi,Howrah District,Kolkata,Regular,06-04-2023,28-03-2023,BLK_KOL_054,11,6699.37
KOL_CUST_002268,Gariahat,South Kolkata,Kolkata,New,16-03-2024,12-03-2024,BLK_KOL_023,10,6619.81
KOL_CUST_002269,Park Street,Central Kolkata,Kolkata,Regular,30-08-2024,24-08-2024,BLK_KOL_015,7,3373.08
KOL_CUST_002270,Rajarhat,Salt Lake & New Town,Kolkata,Regular,26-10-2024,11-10-2024,BLK_KOL_035,11,6188.16
KOL_CUST_002271,Howrah,Howrah District,Kolkata,Regular,17-10-2024,06-10-2024,BLK_KOL_046,3,2003.25
KOL_CUST_002272,Rajarhat,Salt Lake & New Town,Kolkata,Regular,24-09-2023,02-09-2023,BLK_KOL_034,6,3088.89
KOL_CUST_002273,Park Street,Central Kolkata,Kolkata,New,24-08-2023,13-08-2023,BLK_KOL_014,9,4632.63
KOL_CUST_002274,Baghbazar,North Kolkata,Kolkata,Premium,24-03-2023,23-02-2023,BLK_KOL_007,9,5541.87
KOL_CUST_002275,B.B.D. Bagh,Central Kolkata,Kolkata,Premium,26-07-2023,17-07-2023,BLK_KOL_016,10,3894.71
KOL_CUST_002276,Shyambazar,North Kolkata,Kolkata,Premium,08-09-2023,31-08-2023,BLK_KOL_003,7,4618.03
KOL_CUST_002277,Tollygunge,South Kolkata,Kolkata,Regular,25-04-2023,16-04-2023,BLK_KOL_027,14,5650.44
KOL_CUST_002278,Behala,East Kolkata,Kolkata,Regular,19-06-2024,14-06-2024,BLK_KOL_044,14,8044.26
KOL_CUST_002279,Shyambazar,North Kolkata,Kolkata,Regular,10-01-2024,03-01-2024,BLK_KOL_003,7,2245.86
KOL_CUST_002280,EM Bypass,East Kolkata,Kolkata,Regular,17-07-2023,06-07-2023,BLK_KOL_038,8,5137.4
KOL_CUST_002281,Shibpur,Howrah District,Kolkata,Regular,05-08-2024,25-07-2024,BLK_KOL_049,7,3222.62
KOL_CUST_002282,Rajarhat,Salt Lake & New Town,Kolkata,Premium,09-10-2024,29-09-2024,BLK_KOL_035,8,2594.21
KOL_CUST_002283,Behala,East Kolkata,Kolkata,Regular,13-02-2024,14-01-2024,BLK_KOL_045,15,7131.27
KOL_CUST_002284,Shibpur,Howrah District,Kolkata,Regular,12-01-2024,17-12-2023,BLK_KOL_049,6,3105.43
KOL_CUST_002285,Gariahat,South Kolkata,Kolkata,Premium,25-05-2023,06-05-2023,BLK_KOL_024,8,4199.05
KOL_CUST_002286,Baghbazar,North Kolkata,Kolkata,Regular,05-01-2024,12-12-2023,BLK_KOL_008,9,3828.53
KOL_CUST_002287,Baghbazar,North Kolkata,Kolkata,New,16-01-2023,01-01-2023,BLK_KOL_008,5,1949.25
KOL_CUST_002288,New Town,Salt Lake & New Town,Kolkata,Regular,24-02-2024,22-02-2024,BLK_KOL_033,10,3312.43
KOL_CUST_002289,Ballygunge,South Kolkata,Kolkata,Premium,11-02-2024,19-01-2024,BLK_KOL_019,11,6750.86
KOL_CUST_002290,Shyambazar,North Kolkata,Kolkata,Regular,05-08-2023,13-07-2023,BLK_KOL_003,8,3117.3
KOL_CUST_002291,New Town,Salt Lake & New Town,Kolkata,Regular,08-04-2024,01-04-2024,BLK_KOL_031,5,1393.68
KOL_CUST_002292,Howrah,Howrah District,Kolkata,Regular,05-04-2024,12-03-2024,BLK_KOL_048,4,1553.99
KOL_CUST_002293,Ultadanga,North Kolkata,Kolkata,Premium,18-03-2023,12-03-2023,BLK_KOL_004,9,3414.98
KOL_CUST_002294,Tollygunge,South Kolkata,Kolkata,Regular,28-02-2023,21-02-2023,BLK_KOL_027,8,5205.11
KOL_CUST_002295,Baghbazar,North Kolkata,Kolkata,Regular,21-06-2023,13-06-2023,BLK_KOL_009,6,2242.44
KOL_CUST_002296,Salt Lake,Salt Lake & New Town,Kolkata,Regular,16-09-2024,09-09-2024,BLK_KOL_029,10,5292.13
KOL_CUST_002297,Rajarhat,Salt Lake & New Town,Kolkata,Premium,28-09-2024,30-08-2024,BLK_KOL_035,13,7803.13
KOL_CUST_002298,Tollygunge,South Kolkata,Kolkata,Premium,11-09-2023,08-09-2023,BLK_KOL_027,10,5991.4
KOL_CUST_002299,Ultadanga,North Kolkata,Kolkata,Premium,08-08-2024,14-07-2024,BLK_KOL_004,12,5405.62
KOL_CUST_002300,Behala,East Kolkata,Kolkata,Regular,18-10-2023,23-09-2023,BLK_KOL_045,11,7667.06
KOL_CUST_002301,Rajarhat,Salt Lake & New Town,Kolkata,Regular,03-02-2024,10-01-2024,BLK_KOL_035,9,4841.22
KOL_CUST_002302,Behala,East Kolkata,Kolkata,Regular,01-04-2023,22-03-2023,BLK_KOL_043,8,4043.63
KOL_CUST_002303,New Town,Salt Lake & New Town,Kolkata,Regular,27-08-2023,21-08-2023,BLK_KOL_032,8,1860.22
KOL_CUST_002304,Rajarhat,Salt Lake & New Town,Kolkata,Regular,10-04-2023,15-03-2023,BLK_KOL_034,10,4639.62
KOL_CUST_002305,EM Bypass,East Kolkata,Kolkata,Regular,09-04-2023,04-04-2023,BLK_KOL_037,14,8158.8
KOL_CUST_002306,EM Bypass,East Kolkata,Kolkata,New,20-11-2023,25-10-2023,BLK_KOL_039,8,3990.51
KOL_CUST_002307,Park Street,Central Kolkata,Kolkata,Regular,25-11-2023,29-10-2023,BLK_KOL_013,5,2294.61
KOL_CUST_002308,B.B.D. Bagh,Central Kolkata,Kolkata,Regular,30-08-2023,29-08-2023,BLK_KOL_017,9,3429.97
KOL_CUST_002309,Park Street,Central Kolkata,Kolkata,Premium,23-08-2023,10-08-2023,BLK_KOL_014,6,1637.1
KOL_CUST_002310,Santragachi,Howrah District,Kolkata,Regular,27-08-2023,03-08-2023,BLK_KOL_054,12,5425.64
KOL_CUST_002311,Kasba,East Kolkata,Kolkata,Regular,22-03-2024,29-02-2024,BLK_KOL_040,8,2483.79
KOL_CUST_002312,Esplanade,Central Kolkata,Kolkata,Regular,20-06-2023,31-05-2023,BLK_KOL_011,7,3046.25
KOL_CUST_002313,Gariahat,South Kolkata,Kolkata,Regular,24-03-2023,10-03-2023,BLK_KOL_024,11,5240.25
KOL_CUST_002314,Salt Lake,Salt Lake & New Town,Kolkata,Regular,22-06-2024,31-05-2024,BLK_KOL_028,8,3929.72
KOL_CUST_002315,Esplanade,Central Kolkata,Kolkata,Regular,06-03-2023,10-02-2023,BLK_KOL_010,10,6194.31
KOL_CUST_002316,Park Street,Central Kolkata,Kolkata,Premium,04-04-2023,20-03-2023,BLK_KOL_015,8,3949.4
KOL_CUST_002317,Gariahat,South Kolkata,Kolkata,Regular,18-06-2023,19-05-2023,BLK_KOL_022,6,2775.59
KOL_CUST_002318,New Town,Salt Lake & New Town,Kolkata,Regular,31-08-2024,13-08-2024,BLK_KOL_032,9,4053.72
KOL_CUST_002319,New Town,Salt Lake & New Town,Kolkata,New,06-03-2024,09-02-2024,BLK_KOL_031,9,3889.76
KOL_CUST_002320,Gariahat,South Kolkata,Kolkata,Regular,01-05-2024,23-04-2024,BLK_KOL_022,13,6585.37
KOL_CUST_002321,Howrah,Howrah District,Kolkata,Regular,09-06-2024,05-06-2024,BLK_KOL_048,10,6972.24
KOL_CUST_002322,Park Street,Central Kolkata,Kolkata,Regular,11-02-2024,27-01-2024,BLK_KOL_014,9,4358.55
KOL_CUST_002323,Tollygunge,South Kolkata,Kolkata,Regular,17-05-2023,21-04-2023,BLK_KOL_027,11,4123.83
KOL_CUST_002324,Park Street,Central Kolkata,Kolkata,Regular,02-11-2023,25-10-2023,BLK_KOL_015,6,2350.17
KOL_CUST_002325,New Town,Salt Lake & New Town,Kolkata,Regular,19-01-2023,14-01-2023,BLK_KOL_033,4,2216.3
KOL_CUST_002326,New Town,Salt Lake & New Town,Kolkata,Regular,25-06-2023,07-06-2023,BLK_KOL_032,7,3089.22
KOL_CUST_002327,Ballygunge,South Kolkata,Kolkata,Regular,02-03-2024,29-02-2024,BLK_KOL_020,9,5007.36
KOL_CUST_002328,Ballygunge,South Kolkata,Kolkata,Regular,19-03-2023,21-02-2023,BLK_KOL_021,2,1690.62
KOL_CUST_002329,Shyambazar,North Kolkata,Kolkata,Premium,20-08-2023,19-08-2023,BLK_KOL_003,11,5344.73
KOL_CUST_002330,Kasba,East Kolkata,Kolkata,Regular,08-04-2023,03-04-2023,BLK_KOL_041,4,2231.94
KOL_CUST_002331,EM Bypass,East Kolkata,Kolkata,Regular,01-02-2023,21-01-2023,BLK_KOL_038,2,697.81
KOL_CUST_002332,Tollygunge,South Kolkata,Kolkata,Regular,23-08-2023,08-08-2023,BLK_KOL_026,12,5750.51
KOL_CUST_002333,Park Street,Central Kolkata,Kolkata,Premium,24-11-2023,27-10-2023,BLK_KOL_015,10,3603.44
KOL_CUST_002334,Howrah,Howrah District,Kolkata,Regular,24-06-2023,11-06-2023,BLK_KOL_046,11,6852.92
KOL_CUST_002335,Kasba,East Kolkata,Kolkata,Premium,21-07-2024,01-07-2024,BLK_KOL_041,9,3462.91
KOL_CUST_002336,Ultadanga,North Kolkata,Kolkata,Regular,14-06-2024,26-05-2024,BLK_KOL_006,9,3169.27
KOL_CUST_002337,Shibpur,Howrah District,Kolkata,Regular,26-09-2023,27-08-2023,BLK_KOL_051,10,3415.14
KOL_CUST_002338,Park Street,Central Kolkata,Kolkata,New,10-09-2023,02-09-2023,BLK_KOL_013,11,3899.04
KOL_CUST_002339,Rajarhat,Salt Lake & New Town,Kolkata,Premium,22-06-2024,11-06-2024,BLK_KOL_035,10,5282.77
KOL_CUST_002340,Howrah,Howrah District,Kolkata,Regular,01-11-2023,11-10-2023,BLK_KOL_047,11,5232.825
KOL_CUST_002341,Park Street,Central Kolkata,Kolkata,Regular,18-10-2023,03-10-2023,BLK_KOL_013,4,1370.52
KOL_CUST_002342,Tollygunge,South Kolkata,Kolkata,Regular,04-11-2023,17-10-2023,BLK_KOL_026,6,2225.94
KOL_CUST_002343,Gariahat,South Kolkata,Kolkata,Regular,11-11-2023,03-11-2023,BLK_KOL_022,10,7855.12
KOL_CUST_002344,Park Street,Central Kolkata,Kolkata,Regular,20-06-2023,30-05-2023,BLK_KOL_013,10,4383.7
KOL_CUST_002345,Shyambazar,North Kolkata,Kolkata,Regular,07-07-2023,15-06-2023,BLK_KOL_001,12,6445.67
KOL_CUST_002346,Kasba,East Kolkata,Kolkata,Regular,12-11-2023,10-11-2023,BLK_KOL_041,15,5807.68
KOL_CUST_002347,Howrah,Howrah District,Kolkata,Regular,22-10-2023,10-10-2023,BLK_KOL_048,6,4461.68
KOL_CUST_002348,B.B.D. Bagh,Central Kolkata,Kolkata,Regular,16-09-2023,17-08-2023,BLK_KOL_018,11,6206.66
KOL_CUST_002349,Salt Lake,Salt Lake & New Town,Kolkata,Regular,25-05-2023,19-05-2023,BLK_KOL_028,8,4796.33
KOL_CUST_002350,Tollygunge,South Kolkata,Kolkata,New,18-06-2023,05-06-2023,BLK_KOL_027,11,4219.44
KOL_CUST_002351,Salt Lake,Salt Lake & New Town,Kolkata,Regular,18-04-2023,28-03-2023,BLK_KOL_029,9,4358.36
KOL_CUST_002352,EM Bypass,East Kolkata,Kolkata,Premium,06-10-2023,10-09-2023,BLK_KOL_037,3,928.34
KOL_CUST_002353,Ballygunge,South Kolkata,Kolkata,Regular,14-02-2023,04-02-2023,BLK_KOL_019,11,3619.95
KOL_CUST_002354,Ballygunge,South Kolkata,Kolkata,Regular,04-06-2024,02-06-2024,BLK_KOL_021,13,5896.68
KOL_CUST_002355,Gariahat,South Kolkata,Kolkata,Regular,26-07-2023,25-07-2023,BLK_KOL_024,13,6884.06
KOL_CUST_002356,Ballygunge,South Kolkata,Kolkata,Regular,19-06-2024,26-05-2024,BLK_KOL_020,13,7181.54
KOL_CUST_002357,New Town,Salt Lake & New Town,Kolkata,Regular,16-05-2023,10-05-2023,BLK_KOL_032,5,2907.43
KOL_CUST_002358,Howrah,Howrah District,Kolkata,Regular,09-07-2023,17-06-2023,BLK_KOL_047,8,3270.75
KOL_CUST_002359,Gariahat,South Kolkata,Kolkata,New,09-10-2023,11-09-2023,BLK_KOL_023,14,4535.71
KOL_CUST_002360,Ultadanga,North Kolkata,Kolkata,New,20-05-2024,10-05-2024,BLK_KOL_005,13,7618.6
KOL_CUST_002361,B.B.D. Bagh,Central Kolkata,Kolkata,Regular,28-05-2023,21-05-2023,BLK_KOL_017,12,4856.27
KOL_CUST_002362,Rajarhat,Salt Lake & New Town,Kolkata,Regular,03-05-2023,23-04-2023,BLK_KOL_034,8,5046.78
KOL_CUST_002363,Esplanade,Central Kolkata,Kolkata,Regular,21-07-2023,21-06-2023,BLK_KOL_010,12,4203.78
KOL_CUST_002364,Ballygunge,South Kolkata,Kolkata,Regular,11-01-2023,20-12-2022,BLK_KOL_019,7,3149.46
KOL_CUST_002365,Howrah,Howrah District,Kolkata,Premium,06-10-2023,28-09-2023,BLK_KOL_047,10,5339.66
KOL_CUST_002366,Santragachi,Howrah District,Kolkata,Regular,21-11-2023,05-11-2023,BLK_KOL_053,10,3764.7
KOL_CUST_002367,Park Street,Central Kolkata,Kolkata,Regular,13-05-2023,12-05-2023,BLK_KOL_013,11,4202.13
KOL_CUST_002368,Kasba,East Kolkata,Kolkata,Premium,30-07-2024,29-07-2024,BLK_KOL_042,3,1745.48
KOL_CUST_002369,Ultadanga,North Kolkata,Kolkata,Regular,23-05-2024,29-04-2024,BLK_KOL_006,18,8019.72
KOL_CUST_002370,Tollygunge,South Kolkata,Kolkata,New,16-07-2023,09-07-2023,BLK_KOL_026,8,2550.64
KOL_CUST_002371,Behala,East Kolkata,Kolkata,New,23-01-2024,27-12-2023,BLK_KOL_045,11,4740.77
KOL_CUST_002372,Santragachi,Howrah District,Kolkata,Regular,07-09-2024,15-08-2024,BLK_KOL_052,10,5356.7
KOL_CUST_002373,Ultadanga,North Kolkata,Kolkata,Regular,18-10-2023,03-10-2023,BLK_KOL_004,8,4361.12
KOL_CUST_002374,Santragachi,Howrah District,Kolkata,Regular,26-05-2023,08-05-2023,BLK_KOL_052,5,1732.29
KOL_CUST_002375,Rajarhat,Salt Lake & New Town,Kolkata,Regular,08-02-2023,24-01-2023,BLK_KOL_036,10,4425.67
KOL_CUST_002376,Salt Lake,Salt Lake & New Town,Kolkata,Regular,24-03-2023,10-03-2023,BLK_KOL_030,10,6882.96
KOL_CUST_002377,Kasba,East Kolkata,Kolkata,New,26-07-2023,15-07-2023,BLK_KOL_042,6,3288.18
KOL_CUST_002378,Behala,East Kolkata,Kolkata,New,01-03-2023,23-02-2023,BLK_KOL_043,4,1828.25
KOL_CUST_002379,New Town,Salt Lake & New Town,Kolkata,Premium,16-01-2023,05-01-2023,BLK_KOL_031,11,5358.79
KOL_CUST_002380,B.B.D. Bagh,Central Kolkata,Kolkata,Premium,20-10-2024,23-09-2024,BLK_KOL_016,10,8273.965
KOL_CUST_002381,EM Bypass,East Kolkata,Kolkata,New,02-05-2023,15-04-2023,BLK_KOL_037,9,4144.19
KOL_CUST_002382,Shibpur,Howrah District,Kolkata,Regular,30-11-2023,12-11-2023,BLK_KOL_050,11,6416.43
KOL_CUST_002383,B.B.D. Bagh,Central Kolkata,Kolkata,Regular,20-06-2024,09-06-2024,BLK_KOL_018,7,3996.77
KOL_CUST_002384,Rajarhat,Salt Lake & New Town,Kolkata,Regular,14-05-2023,17-04-2023,BLK_KOL_034,6,3647.19
KOL_CUST_002385,Rajarhat,Salt Lake & New Town,Kolkata,Regular,24-02-2024,03-02-2024,BLK_KOL_036,5,3440.63
KOL_CUST_002386,Ballygunge,South Kolkata,Kolkata,Regular,15-09-2024,30-08-2024,BLK_KOL_020,11,3646.5
KOL_CUST_002387,Baghbazar,North Kolkata,Kolkata,Regular,05-06-2024,23-05-2024,BLK_KOL_008,11,4208.93
KOL_CUST_002388,Ballygunge,South Kolkata,Kolkata,New,14-10-2023,07-10-2023,BLK_KOL_020,10,4188.89
KOL_CUST_002389,Shyambazar,North Kolkata,Kolkata,Premium,18-08-2023,24-07-2023,BLK_KOL_003,7,2803.04
KOL_CUST_002390,Baghbazar,North Kolkata,Kolkata,Regular,03-10-2023,21-09-2023,BLK_KOL_007,14,8243.76
KOL_CUST_002391,Shyambazar,North Kolkata,Kolkata,Regular,02-06-2024,21-05-2024,BLK_KOL_003,9,2581.71
KOL_CUST_002392,Kasba,East Kolkata,Kolkata,Regular,01-09-2024,13-08-2024,BLK_KOL_040,13,4945.91
KOL_CUST_002393,Howrah,Howrah District,Kolkata,Regular,12-09-2024,11-09-2024,BLK_KOL_046,8,2632.33
KOL_CUST_002394,Howrah,Howrah District,Kolkata,Regular,15-07-2024,20-06-2024,BLK_KOL_048,11,3085.88
KOL_CUST_002395,Rajarhat,Salt Lake & New Town,Kolkata,New,08-09-2024,26-08-2024,BLK_KOL_035,17,7994.095
KOL_CUST_002396,Howrah,Howrah District,Kolkata,Regular,14-02-2024,27-01-2024,BLK_KOL_048,9,4740.21
KOL_CUST_002397,Gariahat,South Kolkata,Kolkata,Regular,18-02-2024,25-01-2024,BLK_KOL_023,9,6490.99
KOL_CUST_002398,Howrah,Howrah District,Kolkata,Regular,27-06-2023,04-06-2023,BLK_KOL_046,10,5682.97
KOL_CUST_002399,Ballygunge,South Kolkata,Kolkata,Premium,18-02-2024,13-02-2024,BLK_KOL_019,11,5974.345
KOL_CUST_002400,Shyambazar,North Kolkata,Kolkata,Premium,15-08-2024,09-08-2024,BLK_KOL_001,10,4571.02
KOL_CUST_002401,EM Bypass,East Kolkata,Kolkata,Regular,01-10-2024,29-09-2024,BLK_KOL_038,7,2372.23
KOL_CUST_002402,Esplanade,Central Kolkata,Kolkata,Premium,08-09-2024,24-08-2024,BLK_KOL_011,9,5320.29
KOL_CUST_002403,B.B.D. Bagh,Central Kolkata,Kolkata,Regular,29-01-2023,25-01-2023,BLK_KOL_018,13,6230.93
KOL_CUST_002404,Baghbazar,North Kolkata,Kolkata,Regular,29-03-2023,16-03-2023,BLK_KOL_008,6,2681.03
KOL_CUST_002405,B.B.D. Bagh,Central Kolkata,Kolkata,Regular,23-01-2024,15-01-2024,BLK_KOL_018,10,4383.45
KOL_CUST_002406,Howrah,Howrah District,Kolkata,Regular,19-04-2023,20-03-2023,BLK_KOL_046,8,3132.34
KOL_CUST_002407,B.B.D. Bagh,Central Kolkata,Kolkata,Regular,27-01-2023,12-01-2023,BLK_KOL_016,10,5733.48
KOL_CUST_002408,Kasba,East Kolkata,Kolkata,New,09-03-2023,25-02-2023,BLK_KOL_042,6,3076.87
KOL_CUST_002409,Esplanade,Central Kolkata,Kolkata,Regular,15-11-2023,28-10-2023,BLK_KOL_010,9,3197.24
KOL_CUST_002410,Baghbazar,North Kolkata,Kolkata,New,21-07-2023,29-06-2023,BLK_KOL_007,7,3132.27
KOL_CUST_002411,EM Bypass,East Kolkata,Kolkata,New,31-07-2023,02-07-2023,BLK_KOL_038,13,3878.17
KOL_CUST_002412,Shyambazar,North Kolkata,Kolkata,Premium,13-02-2023,06-02-2023,BLK_KOL_002,9,3753.44
KOL_CUST_002413,Santragachi,Howrah District,Kolkata,Regular,21-07-2023,25-06-2023,BLK_KOL_052,9,5522.23
KOL_CUST_002414,Kasba,East Kolkata,Kolkata,Regular,12-11-2023,07-11-2023,BLK_KOL_040,9,4891.46
KOL_CUST_002415,EM Bypass,East Kolkata,Kolkata,Regular,02-11-2023,01-11-2023,BLK_KOL_039,8,2081.32
KOL_CUST_002416,Tollygunge,South Kolkata,Kolkata,Regular,28-11-2023,02-11-2023,BLK_KOL_026,11,6359.88
KOL_CUST_002417,Gariahat,South Kolkata,Kolkata,Premium,19-04-2024,03-04-2024,BLK_KOL_022,14,7834.54
KOL_CUST_002418,Ballygunge,South Kolkata,Kolkata,Regular,18-05-2023,27-04-2023,BLK_KOL_021,9,4408.23
KOL_CUST_002419,Baghbazar,North Kolkata,Kolkata,New,28-09-2023,23-09-2023,BLK_KOL_009,8,4066.05
KOL_CUST_002420,Baghbazar,North Kolkata,Kolkata,Regular,26-10-2023,18-10-2023,BLK_KOL_008,10,5926.38
KOL_CUST_002421,Kasba,East Kolkata,Kolkata,New,04-07-2024,07-06-2024,BLK_KOL_040,10,3990.29
KOL_CUST_002422,Ultadanga,North Kolkata,Kolkata,New,22-01-2024,28-12-2023,BLK_KOL_006,13,7746.28
KOL_CUST_002423,Ballygunge,South Kolkata,Kolkata,Regular,10-07-2024,20-06-2024,BLK_KOL_019,8,4929.33
KOL_CUST_002424,Gariahat,South Kolkata,Kolkata,Regular,06-03-2024,09-02-2024,BLK_KOL_023,8,5868.17
KOL_CUST_002425,Kasba,East Kolkata,Kolkata,Regular,21-03-2024,04-03-2024,BLK_KOL_041,9,2229.625
KOL_CUST_002426,Baghbazar,North Kolkata,Kolkata,Regular,17-11-2023,30-10-2023,BLK_KOL_007,8,3742.94
KOL_CUST_002427,Park Street,Central Kolkata,Kolkata,Regular,21-01-2024,08-01-2024,BLK_KOL_014,8,3985.53
KOL_CUST_002428,New Town,Salt Lake & New Town,Kolkata,Regular,03-03-2023,01-02-2023,BLK_KOL_031,8,3876.66
KOL_CUST_002429,Howrah,Howrah District,Kolkata,Regular,19-05-2023,22-04-2023,BLK_KOL_048,11,8110.19
KOL_CUST_002430,Santragachi,Howrah District,Kolkata,Premium,20-10-2024,09-10-2024,BLK_KOL_053,9,3519.77
KOL_CUST_002431,Howrah,Howrah District,Kolkata,Regular,29-09-2024,08-09-2024,BLK_KOL_048,13,3403.76
KOL_CUST_002432,Tollygunge,South Kolkata,Kolkata,Regular,27-05-2024,19-05-2024,BLK_KOL_027,8,4059.17
KOL_CUST_002433,New Town,Salt Lake & New Town,Kolkata,Premium,16-10-2024,06-10-2024,BLK_KOL_032,9,4014.41
KOL_CUST_002434,New Town,Salt Lake & New Town,Kolkata,Regular,06-05-2023,16-04-2023,BLK_KOL_032,11,6513.35
KOL_CUST_002435,Ballygunge,South Kolkata,Kolkata,Regular,12-03-2024,18-02-2024,BLK_KOL_019,6,2494.47
KOL_CUST_002436,Rajarhat,Salt Lake & New Town,Kolkata,Regular,10-10-2024,14-09-2024,BLK_KOL_036,6,1994.36
KOL_CUST_002437,Shibpur,Howrah District,Kolkata,Regular,06-07-2023,29-06-2023,BLK_KOL_050,13,7185.57
KOL_CUST_002438,New Town,Salt Lake & New Town,Kolkata,Regular,05-01-2023,24-12-2022,BLK_KOL_032,6,2002.73
KOL_CUST_002439,Howrah,Howrah District,Kolkata,Regular,17-10-2024,06-10-2024,BLK_KOL_046,14,4630.63
KOL_CUST_002440,Baghbazar,North Kolkata,Kolkata,Regular,24-05-2023,11-05-2023,BLK_KOL_009,9,3925.92
KOL_CUST_002441,Ballygunge,South Kolkata,Kolkata,New,10-05-2024,25-04-2024,BLK_KOL_021,14,5162.57
KOL_CUST_002442,Santragachi,Howrah District,Kolkata,Regular,14-07-2023,30-06-2023,BLK_KOL_054,9,4116.51
KOL_CUST_002443,Ultadanga,North Kolkata,Kolkata,Regular,07-09-2024,22-08-2024,BLK_KOL_005,7,3970.61
KOL_CUST_002444,New Town,Salt Lake & New Town,Kolkata,Premium,01-09-2023,07-08-2023,BLK_KOL_031,13,5812.07
KOL_CUST_002445,Ultadanga,North Kolkata,Kolkata,Regular,28-10-2023,10-10-2023,BLK_KOL_006,8,4452.99
KOL_CUST_002446,Park Street,Central Kolkata,Kolkata,Regular,04-08-2024,06-07-2024,BLK_KOL_015,6,2400.64
KOL_CUST_002447,Ultadanga,North Kolkata,Kolkata,New,13-06-2023,20-05-2023,BLK_KOL_006,11,3849.75
KOL_CUST_002448,Kasba,East Kolkata,Kolkata,Regular,12-08-2023,24-07-2023,BLK_KOL_040,9,4889.71
KOL_CUST_002449,Santragachi,Howrah District,Kolkata,Premium,03-08-2023,16-07-2023,BLK_KOL_053,8,6004.02
KOL_CUST_002450,Gariahat,South Kolkata,Kolkata,Regular,20-05-2023,30-04-2023,BLK_KOL_023,7,3101.52
KOL_CUST_002451,B.B.D. Bagh,Central Kolkata,Kolkata,New,22-01-2023,13-01-2023,BLK_KOL_018,12,7033.03
KOL_CUST_002452,Esplanade,Central Kolkata,Kolkata,Regular,08-05-2023,23-04-2023,BLK_KOL_011,10,8503.03
KOL_CUST_002453,B.B.D. Bagh,Central Kolkata,Kolkata,Premium,23-05-2024,15-05-2024,BLK_KOL_016,4,2339.26
KOL_CUST_002454,Kasba,East Kolkata,Kolkata,Regular,29-01-2023,14-01-2023,BLK_KOL_041,10,4103.23
KOL_CUST_002455,Esplanade,Central Kolkata,Kolkata,Regular,28-07-2024,13-07-2024,BLK_KOL_012,12,5217.91
KOL_CUST_002456,EM Bypass,East Kolkata,Kolkata,Premium,13-07-2024,18-06-2024,BLK_KOL_039,7,2732.61
KOL_CUST_002457,Howrah,Howrah District,Kolkata,Regular,09-03-2023,08-03-2023,BLK_KOL_046,9,5020.76
KOL_CUST_002458,EM Bypass,East Kolkata,Kolkata,Regular,15-04-2024,23-03-2024,BLK_KOL_038,10,2753.2
KOL_CUST_002459,EM Bypass,East Kolkata,Kolkata,Regular,10-05-2023,29-04-2023,BLK_KOL_037,3,1137.6
KOL_CUST_002460,Tollygunge,South Kolkata,Kolkata,New,07-07-2023,24-06-2023,BLK_KOL_027,10,3210.44
KOL_CUST_002461,Howrah,Howrah District,Kolkata,Regular,15-10-2024,22-09-2024,BLK_KOL_047,9,4488.9
KOL_CUST_002462,Shyambazar,North Kolkata,Kolkata,Regular,09-06-2023,08-06-2023,BLK_KOL_002,11,4810.55
KOL_CUST_002463,Behala,East Kolkata,Kolkata,Regular,15-02-2024,03-02-2024,BLK_KOL_044,13,5323.12
KOL_CUST_002464,Rajarhat,Salt Lake & New Town,Kolkata,Regular,13-05-2024,07-05-2024,BLK_KOL_034,11,4819.62
KOL_CUST_002465,Shibpur,Howrah District,Kolkata,Regular,24-08-2023,11-08-2023,BLK_KOL_050,10,5662.23
KOL_CUST_002466,Gariahat,South Kolkata,Kolkata,Premium,12-09-2023,20-08-2023,BLK_KOL_022,11,6766.83
KOL_CUST_002467,Tollygunge,South Kolkata,Kolkata,Regular,25-07-2023,15-07-2023,BLK_KOL_025,11,3989.55
KOL_CUST_002468,Kasba,East Kolkata,Kolkata,Regular,29-08-2023,19-08-2023,BLK_KOL_040,8,3029.65
KOL_CUST_002469,Baghbazar,North Kolkata,Kolkata,Regular,16-10-2023,27-09-2023,BLK_KOL_008,13,5842.25
KOL_CUST_002470,B.B.D. Bagh,Central Kolkata,Kolkata,New,06-04-2023,08-03-2023,BLK_KOL_018,8,4179.16
KOL_CUST_002471,Shyambazar,North Kolkata,Kolkata,Regular,10-04-2024,07-04-2024,BLK_KOL_001,9,2490.08
KOL_CUST_002472,Esplanade,Central Kolkata,Kolkata,Regular,02-09-2023,08-08-2023,BLK_KOL_010,4,2127.22
KOL_CUST_002473,Rajarhat,Salt Lake & New Town,Kolkata,Regular,19-03-2024,13-03-2024,BLK_KOL_036,7,2633.57
KOL_CUST_002474,Shyambazar,North Kolkata,Kolkata,Regular,06-09-2023,20-08-2023,BLK_KOL_001,11,3841.91
KOL_CUST_002475,Shibpur,Howrah District,Kolkata,Regular,03-11-2023,28-10-2023,BLK_KOL_051,10,3415.88
KOL_CUST_002476,Park Street,Central Kolkata,Kolkata,New,03-05-2024,06-04-2024,BLK_KOL_014,5,1961.38
KOL_CUST_002477,Tollygunge,South Kolkata,Kolkata,Premium,14-04-2023,10-04-2023,BLK_KOL_026,2,768.86
KOL_CUST_002478,B.B.D. Bagh,Central Kolkata,Kolkata,Premium,22-01-2024,09-01-2024,BLK_KOL_016,10,2970.64
KOL_CUST_002479,Salt Lake,Salt Lake & New Town,Kolkata,Regular,27-03-2023,14-03-2023,BLK_KOL_028,14,6019.98
KOL_CUST_002480,EM Bypass,East Kolkata,Kolkata,New,26-08-2024,09-08-2024,BLK_KOL_038,9,5698.76
KOL_CUST_002481,EM Bypass,East Kolkata,Kolkata,New,25-09-2024,19-09-2024,BLK_KOL_039,7,3524.33
KOL_CUST_002482,Howrah,Howrah District,Kolkata,Regular,14-11-2023,25-10-2023,BLK_KOL_046,5,1159.04
KOL_CUST_002483,Salt Lake,Salt Lake & New Town,Kolkata,Regular,05-05-2023,25-04-2023,BLK_KOL_028,4,799.13
KOL_CUST_002484,New Town,Salt Lake & New Town,Kolkata,Regular,24-11-2023,30-10-2023,BLK_KOL_032,8,4503.14
KOL_CUST_002485,Park Street,Central Kolkata,Kolkata,Regular,03-02-2023,10-01-2023,BLK_KOL_014,9,3822.64
KOL_CUST_002486,Salt Lake,Salt Lake & New Town,Kolkata,Premium,21-09-2023,13-09-2023,BLK_KOL_029,12,6195.41
KOL_CUST_002487,Tollygunge,South Kolkata,Kolkata,Regular,08-04-2023,27-03-2023,BLK_KOL_026,9,2802.97
KOL_CUST_002488,Behala,East Kolkata,Kolkata,Regular,06-11-2023,01-11-2023,BLK_KOL_045,13,7562.51
KOL_CUST_002489,Esplanade,Central Kolkata,Kolkata,Regular,05-11-2023,06-10-2023,BLK_KOL_012,10,5394.48
KOL_CUST_002490,Kasba,East Kolkata,Kolkata,Regular,05-07-2023,18-06-2023,BLK_KOL_041,7,2562.48
KOL_CUST_002491,Ultadanga,North Kolkata,Kolkata,Premium,02-09-2024,22-08-2024,BLK_KOL_006,8,3561.71
KOL_CUST_002492,Shibpur,Howrah District,Kolkata,Premium,12-10-2023,19-09-2023,BLK_KOL_049,7,3696.07
KOL_CUST_002493,Ultadanga,North Kolkata,Kolkata,Regular,13-08-2023,01-08-2023,BLK_KOL_005,15,5837.69
KOL_CUST_002494,EM Bypass,East Kolkata,Kolkata,Regular,23-01-2023,03-01-2023,BLK_KOL_037,16,10966.88
KOL_CUST_002495,Rajarhat,Salt Lake & New Town,Kolkata,Regular,13-03-2023,12-02-2023,BLK_KOL_035,6,2086.03
KOL_CUST_002496,Howrah,Howrah District,Kolkata,Premium,14-03-2023,17-02-2023,BLK_KOL_048,9,4758.62
KOL_CUST_002497,Shibpur,Howrah District,Kolkata,New,15-09-2023,02-09-2023,BLK_KOL_051,11,3936.51
KOL_CUST_002498,Behala,East Kolkata,Kolkata,Premium,16-05-2024,21-04-2024,BLK_KOL_043,4,2366.4
KOL_CUST_002499,Baghbazar,North Kolkata,Kolkata,Regular,21-05-2024,19-05-2024,BLK_KOL_007,8,2977.39
KOL_CUST_002500,Shyambazar,North Kolkata,Kolkata,Regular,09-04-2024,02-04-2024,BLK_KOL_001,9,5027.52
KOL_CUST_002501,Park Street,Central Kolkata,Kolkata,Regular,15-02-2023,16-01-2023,BLK_KOL_015,7,2975.47
KOL_CUST_002502,Baghbazar,North Kolkata,Kolkata,Regular,13-11-2023,28-10-2023,BLK_KOL_007,10,3583.77
KOL_CUST_002503,Gariahat,South Kolkata,Kolkata,New,09-09-2023,24-08-2023,BLK_KOL_023,11,4149.035
KOL_CUST_002504,Behala,East Kolkata,Kolkata,Regular,24-06-2024,12-06-2024,BLK_KOL_044,12,6190.9
KOL_CUST_002505,Tollygunge,South Kolkata,Kolkata,New,25-02-2023,29-01-2023,BLK_KOL_025,10,5240.24
KOL_CUST_002506,New Town,Salt Lake & New Town,Kolkata,Regular,04-02-2023,26-01-2023,BLK_KOL_031,15,7014.86
KOL_CUST_002507,Gariahat,South Kolkata,Kolkata,Regular,21-11-2023,12-11-2023,BLK_KOL_024,7,2111.66
KOL_CUST_002508,Shibpur,Howrah District,Kolkata,Premium,09-05-2023,20-04-2023,BLK_KOL_051,12,6691.02
KOL_CUST_002509,Tollygunge,South Kolkata,Kolkata,Regular,18-09-2023,21-08-2023,BLK_KOL_026,10,3751.07
KOL_CUST_002510,Gariahat,South Kolkata,Kolkata,New,15-09-2023,23-08-2023,BLK_KOL_024,13,8641.31
KOL_CUST_002511,Rajarhat,Salt Lake & New Town,Kolkata,Regular,12-05-2023,01-05-2023,BLK_KOL_034,11,4560.26
KOL_CUST_002512,Gariahat,South Kolkata,Kolkata,New,31-03-2023,09-03-2023,BLK_KOL_023,6,3304.15
KOL_CUST_002513,New Town,Salt Lake & New Town,Kolkata,Regular,30-01-2024,03-01-2024,BLK_KOL_031,6,4566.95
KOL_CUST_002514,Kasba,East Kolkata,Kolkata,Regular,17-11-2023,05-11-2023,BLK_KOL_040,11,5876.68
KOL_CUST_002515,Gariahat,South Kolkata,Kolkata,New,26-03-2023,13-03-2023,BLK_KOL_024,7,1500.42
KOL_CUST_002516,EM Bypass,East Kolkata,Kolkata,Regular,04-08-2023,15-07-2023,BLK_KOL_039,11,5393.62
KOL_CUST_002517,New Town,Salt Lake & New Town,Kolkata,Regular,18-06-2023,21-05-2023,BLK_KOL_033,9,2705.41
KOL_CUST_002518,Baghbazar,North Kolkata,Kolkata,Premium,28-11-2023,14-11-2023,BLK_KOL_008,10,4704.27
KOL_CUST_002519,Baghbazar,North Kolkata,Kolkata,New,18-03-2024,17-03-2024,BLK_KOL_007,9,2987.52
KOL_CUST_002520,Ultadanga,North Kolkata,Kolkata,Regular,29-05-2023,29-04-2023,BLK_KOL_004,13,7796.46
KOL_CUST_002521,Rajarhat,Salt Lake & New Town,Kolkata,Premium,14-02-2024,16-01-2024,BLK_KOL_034,10,4582.62
KOL_CUST_002522,Esplanade,Central Kolkata,Kolkata,Premium,07-02-2023,05-02-2023,BLK_KOL_010,2,1757.03
KOL_CUST_002523,Ballygunge,South Kolkata,Kolkata,Regular,19-07-2024,03-07-2024,BLK_KOL_020,6,3161.15
KOL_CUST_002524,Salt Lake,Salt Lake & New Town,Kolkata,Premium,26-09-2024,06-09-2024,BLK_KOL_028,8,4142.83
KOL_CUST_002525,Baghbazar,North Kolkata,Kolkata,Premium,22-07-2023,27-06-2023,BLK_KOL_007,7,2787.09
KOL_CUST_002526,Esplanade,Central Kolkata,Kolkata,Regular,10-08-2023,08-08-2023,BLK_KOL_011,6,4141.92
KOL_CUST_002527,New Town,Salt Lake & New Town,Kolkata,Regular,30-08-2024,18-08-2024,BLK_KOL_032,6,4215.83
KOL_CUST_002528,Salt Lake,Salt Lake & New Town,Kolkata,Regular,11-05-2023,11-04-2023,BLK_KOL_029,11,4939.89
KOL_CUST_002529,Salt Lake,Salt Lake & New Town,Kolkata,Regular,17-04-2024,12-04-2024,BLK_KOL_030,9,4333.76
KOL_CUST_002530,Ultadanga,North Kolkata,Kolkata,New,05-02-2023,31-01-2023,BLK_KOL_005,7,3415.14
KOL_CUST_002531,Behala,East Kolkata,Kolkata,Regular,26-10-2023,15-10-2023,BLK_KOL_044,11,5231.88
KOL_CUST_002532,Gariahat,South Kolkata,Kolkata,Regular,10-08-2024,11-07-2024,BLK_KOL_022,6,3465.3
KOL_CUST_002533,Santragachi,Howrah District,Kolkata,New,03-06-2024,27-05-2024,BLK_KOL_053,9,3672.92
KOL_CUST_002534,Ultadanga,North Kolkata,Kolkata,Premium,16-05-2023,13-05-2023,BLK_KOL_004,8,2951.93
KOL_CUST_002535,Tollygunge,South Kolkata,Kolkata,Regular,23-03-2023,10-03-2023,BLK_KOL_025,13,7820.84
KOL_CUST_002536,New Town,Salt Lake & New Town,Kolkata,Regular,18-06-2023,26-05-2023,BLK_KOL_031,11,5123.3
KOL_CUST_002537,New Town,Salt Lake & New Town,Kolkata,New,17-10-2024,11-10-2024,BLK_KOL_032,9,4092.42
KOL_CUST_002538,B.B.D. Bagh,Central Kolkata,Kolkata,Premium,31-07-2024,02-07-2024,BLK_KOL_018,7,3567.39
KOL_CUST_002539,Park Street,Central Kolkata,Kolkata,Regular,22-09-2023,02-09-2023,BLK_KOL_014,5,1534.64
KOL_CUST_002540,Tollygunge,South Kolkata,Kolkata,Regular,02-04-2024,08-03-2024,BLK_KOL_027,8,3084.57
KOL_CUST_002541,Rajarhat,Salt Lake & New Town,Kolkata,Regular,09-07-2024,05-07-2024,BLK_KOL_036,10,4800.22
KOL_CUST_002542,Shibpur,Howrah District,Kolkata,Regular,18-09-2023,27-08-2023,BLK_KOL_050,7,3981.54
KOL_CUST_002543,Shibpur,Howrah District,Kolkata,New,16-05-2023,27-04-2023,BLK_KOL_051,9,5481.64
KOL_CUST_002544,Ballygunge,South Kolkata,Kolkata,Regular,12-11-2023,19-10-2023,BLK_KOL_020,8,3606.92
KOL_CUST_002545,Salt Lake,Salt Lake & New Town,Kolkata,Premium,13-04-2023,02-04-2023,BLK_KOL_029,10,3280.63
KOL_CUST_002546,Baghbazar,North Kolkata,Kolkata,New,03-05-2023,03-04-2023,BLK_KOL_007,9,5039
KOL_CUST_002547,Gariahat,South Kolkata,Kolkata,Regular,24-04-2024,14-04-2024,BLK_KOL_023,7,3619.77
KOL_CUST_002548,Ultadanga,North Kolkata,Kolkata,Regular,23-10-2024,14-10-2024,BLK_KOL_005,8,1804.58
KOL_CUST_002549,Gariahat,South Kolkata,Kolkata,Regular,16-04-2023,15-04-2023,BLK_KOL_024,8,2739.99
KOL_CUST_002550,Baghbazar,North Kolkata,Kolkata,Regular,20-05-2024,21-04-2024,BLK_KOL_008,7,4343.59
KOL_CUST_002551,Kasba,East Kolkata,Kolkata,Regular,09-01-2023,15-12-2022,BLK_KOL_040,10,4777.92
KOL_CUST_002552,Ultadanga,North Kolkata,Kolkata,Regular,08-02-2023,17-01-2023,BLK_KOL_005,10,5897.97
KOL_CUST_002553,Esplanade,Central Kolkata,Kolkata,Regular,18-07-2024,07-07-2024,BLK_KOL_010,7,4189.81
KOL_CUST_002554,Ballygunge,South Kolkata,Kolkata,Premium,27-04-2023,06-04-2023,BLK_KOL_019,11,4789.59
KOL_CUST_002555,Howrah,Howrah District,Kolkata,New,27-09-2023,03-09-2023,BLK_KOL_048,8,4124.62
KOL_CUST_002556,Salt Lake,Salt Lake & New Town,Kolkata,Premium,31-07-2024,17-07-2024,BLK_KOL_029,13,6202.615
KOL_CUST_002557,B.B.D. Bagh,Central Kolkata,Kolkata,Regular,08-07-2023,20-06-2023,BLK_KOL_016,5,3934.55
KOL_CUST_002558,Baghbazar,North Kolkata,Kolkata,New,14-09-2023,17-08-2023,BLK_KOL_007,6,3283
KOL_CUST_002559,Gariahat,South Kolkata,Kolkata,New,17-07-2023,13-07-2023,BLK_KOL_024,11,7268.17
KOL_CUST_002560,New Town,Salt Lake & New Town,Kolkata,Regular,04-03-2023,28-02-2023,BLK_KOL_033,12,4510.44
KOL_CUST_002561,Tollygunge,South Kolkata,Kolkata,Regular,01-07-2024,19-06-2024,BLK_KOL_025,7,3447.69
KOL_CUST_002562,Ballygunge,South Kolkata,Kolkata,Regular,27-07-2023,27-06-2023,BLK_KOL_020,5,2944.01
KOL_CUST_002563,Baghbazar,North Kolkata,Kolkata,Premium,24-03-2024,18-03-2024,BLK_KOL_007,3,1720.21
KOL_CUST_002564,Santragachi,Howrah District,Kolkata,Regular,13-01-2023,02-01-2023,BLK_KOL_053,7,1995.47
KOL_CUST_002565,Kasba,East Kolkata,Kolkata,Regular,15-03-2023,02-03-2023,BLK_KOL_042,5,1640.47
KOL_CUST_002566,Ballygunge,South Kolkata,Kolkata,Regular,04-09-2024,11-08-2024,BLK_KOL_020,8,3571.69
KOL_CUST_002567,Gariahat,South Kolkata,Kolkata,Regular,10-09-2024,26-08-2024,BLK_KOL_023,11,5971
KOL_CUST_002568,Rajarhat,Salt Lake & New Town,Kolkata,Premium,11-11-2023,04-11-2023,BLK_KOL_034,10,4197.26
KOL_CUST_002569,Rajarhat,Salt Lake & New Town,Kolkata,Regular,26-05-2023,12-05-2023,BLK_KOL_034,6,1893.46
KOL_CUST_002570,Shyambazar,North Kolkata,Kolkata,Premium,25-08-2024,29-07-2024,BLK_KOL_003,16,8159.7
KOL_CUST_002571,Shibpur,Howrah District,Kolkata,Regular,04-10-2023,18-09-2023,BLK_KOL_051,15,6516.84
KOL_CUST_002572,Santragachi,Howrah District,Kolkata,Premium,23-06-2024,28-05-2024,BLK_KOL_052,11,3609.575
KOL_CUST_002573,New Town,Salt Lake & New Town,Kolkata,Regular,03-03-2023,21-02-2023,BLK_KOL_032,5,1980.31
KOL_CUST_002574,Esplanade,Central Kolkata,Kolkata,Regular,02-07-2023,27-06-2023,BLK_KOL_012,7,3934.59
KOL_CUST_002575,EM Bypass,East Kolkata,Kolkata,Regular,23-05-2024,09-05-2024,BLK_KOL_037,8,5959.96
KOL_CUST_002576,Shibpur,Howrah District,Kolkata,Regular,22-03-2023,12-03-2023,BLK_KOL_049,12,4296.45
KOL_CUST_002577,Shyambazar,North Kolkata,Kolkata,Premium,16-06-2024,13-06-2024,BLK_KOL_003,14,8671.82
KOL_CUST_002578,Shibpur,Howrah District,Kolkata,Regular,21-02-2024,17-02-2024,BLK_KOL_050,8,3785.76
KOL_CUST_002579,New Town,Salt Lake & New Town,Kolkata,Premium,30-09-2023,23-09-2023,BLK_KOL_031,10,6282.445
KOL_CUST_002580,Baghbazar,North Kolkata,Kolkata,Regular,14-07-2023,19-06-2023,BLK_KOL_008,17,9532.97
KOL_CUST_002581,Santragachi,Howrah District,Kolkata,Regular,10-02-2024,23-01-2024,BLK_KOL_052,15,5684.39
KOL_CUST_002582,Santragachi,Howrah District,Kolkata,Regular,23-02-2023,19-02-2023,BLK_KOL_053,7,4656.37
KOL_CUST_002583,Ultadanga,North Kolkata,Kolkata,Premium,01-05-2023,20-04-2023,BLK_KOL_004,10,4311.15
KOL_CUST_002584,Ultadanga,North Kolkata,Kolkata,New,15-10-2023,26-09-2023,BLK_KOL_005,16,6616.55
KOL_CUST_002585,Howrah,Howrah District,Kolkata,Regular,01-06-2023,28-05-2023,BLK_KOL_048,7,3072.81
KOL_CUST_002586,Santragachi,Howrah District,Kolkata,Premium,06-05-2024,30-04-2024,BLK_KOL_053,6,1828.26
KOL_CUST_002587,Esplanade,Central Kolkata,Kolkata,Regular,09-01-2024,16-12-2023,BLK_KOL_010,5,3733.24
KOL_CUST_002588,B.B.D. Bagh,Central Kolkata,Kolkata,Regular,17-09-2024,03-09-2024,BLK_KOL_018,14,5215.23
KOL_CUST_002589,Shibpur,Howrah District,Kolkata,Regular,22-10-2024,27-09-2024,BLK_KOL_050,11,5466.47
KOL_CUST_002590,Howrah,Howrah District,Kolkata,Regular,02-11-2023,13-10-2023,BLK_KOL_048,9,4065.14
KOL_CUST_002591,Ballygunge,South Kolkata,Kolkata,Regular,29-05-2024,16-05-2024,BLK_KOL_021,14,4339.2
KOL_CUST_002592,Kasba,East Kolkata,Kolkata,Regular,27-05-2024,07-05-2024,BLK_KOL_040,6,1828.89
KOL_CUST_002593,Esplanade,Central Kolkata,Kolkata,Regular,10-05-2024,24-04-2024,BLK_KOL_011,8,2096.01
KOL_CUST_002594,Esplanade,Central Kolkata,Kolkata,Regular,27-08-2023,04-08-2023,BLK_KOL_010,11,4388.55
KOL_CUST_002595,B.B.D. Bagh,Central Kolkata,Kolkata,Premium,24-10-2024,02-10-2024,BLK_KOL_017,11,3814.71
KOL_CUST_002596,Ultadanga,North Kolkata,Kolkata,Regular,28-07-2023,04-07-2023,BLK_KOL_006,11,3465.01
KOL_CUST_002597,EM Bypass,East Kolkata,Kolkata,Regular,13-08-2023,09-08-2023,BLK_KOL_037,10,6252.15
KOL_CUST_002598,Ballygunge,South Kolkata,Kolkata,Regular,08-01-2024,28-12-2023,BLK_KOL_021,12,5800.21
KOL_CUST_002599,Park Street,Central Kolkata,Kolkata,Regular,05-01-2023,08-12-2022,BLK_KOL_013,4,2093.04
KOL_CUST_002600,Kasba,East Kolkata,Kolkata,Regular,12-03-2023,25-02-2023,BLK_KOL_041,9,4432.18
KOL_CUST_002601,Park Street,Central Kolkata,Kolkata,Premium,05-06-2023,14-05-2023,BLK_KOL_015,9,5269.4
KOL_CUST_002602,Gariahat,South Kolkata,Kolkata,Regular,15-07-2023,06-07-2023,BLK_KOL_023,10,4070.7
KOL_CUST_002603,Behala,East Kolkata,Kolkata,Regular,02-11-2023,16-10-2023,BLK_KOL_045,17,6859.17
KOL_CUST_002604,Kasba,East Kolkata,Kolkata,Premium,08-07-2023,29-06-2023,BLK_KOL_040,5,1903.09
KOL_CUST_002605,Shyambazar,North Kolkata,Kolkata,Premium,06-03-2023,19-02-2023,BLK_KOL_003,9,5537.16
KOL_CUST_002606,Gariahat,South Kolkata,Kolkata,Regular,14-07-2023,01-07-2023,BLK_KOL_024,11,4584.38
KOL_CUST_002607,Howrah,Howrah District,Kolkata,Premium,25-09-2023,17-09-2023,BLK_KOL_048,9,4371.25
KOL_CUST_002608,EM Bypass,East Kolkata,Kolkata,Regular,23-02-2023,24-01-2023,BLK_KOL_039,5,3007.57
KOL_CUST_002609,Tollygunge,South Kolkata,Kolkata,Regular,24-09-2024,20-09-2024,BLK_KOL_027,7,3273.34
KOL_CUST_002610,Shibpur,Howrah District,Kolkata,Premium,25-07-2024,06-07-2024,BLK_KOL_049,9,4496.69
KOL_CUST_002611,Esplanade,Central Kolkata,Kolkata,Regular,11-07-2023,03-07-2023,BLK_KOL_012,11,6615.99
KOL_CUST_002612,Santragachi,Howrah District,Kolkata,Regular,21-10-2024,04-10-2024,BLK_KOL_054,6,2656.215
KOL_CUST_002613,Howrah,Howrah District,Kolkata,Premium,02-01-2024,01-01-2024,BLK_KOL_046,8,4960.48
KOL_CUST_002614,Santragachi,Howrah District,Kolkata,Premium,11-06-2023,04-06-2023,BLK_KOL_054,9,2825.79
KOL_CUST_002615,Salt Lake,Salt Lake & New Town,Kolkata,Regular,05-08-2024,10-07-2024,BLK_KOL_030,14,6880.98
KOL_CUST_002616,Ballygunge,South Kolkata,Kolkata,Regular,16-10-2024,12-10-2024,BLK_KOL_021,9,4446.96
KOL_CUST_002617,Ballygunge,South Kolkata,Kolkata,Premium,15-06-2024,04-06-2024,BLK_KOL_019,6,4424.77
KOL_CUST_002618,Gariahat,South Kolkata,Kolkata,Regular,25-03-2023,07-03-2023,BLK_KOL_023,11,5669.97
KOL_CUST_002619,Baghbazar,North Kolkata,Kolkata,Regular,23-09-2023,26-08-2023,BLK_KOL_008,6,1196.24
KOL_CUST_002620,Behala,East Kolkata,Kolkata,Premium,26-10-2023,08-10-2023,BLK_KOL_044,7,2944.94
KOL_CUST_002621,Park Street,Central Kolkata,Kolkata,Regular,15-08-2023,11-08-2023,BLK_KOL_013,6,4222.45
KOL_CUST_002622,Shyambazar,North Kolkata,Kolkata,Premium,28-07-2024,19-07-2024,BLK_KOL_003,13,6321.92
KOL_CUST_002623,Behala,East Kolkata,Kolkata,Regular,17-02-2024,09-02-2024,BLK_KOL_043,13,6272.02
KOL_CUST_002624,Baghbazar,North Kolkata,Kolkata,Regular,01-10-2024,06-09-2024,BLK_KOL_007,9,3690.24
KOL_CUST_002625,Howrah,Howrah District,Kolkata,Premium,04-10-2024,09-09-2024,BLK_KOL_046,17,8300.2
KOL_CUST_002626,Shyambazar,North Kolkata,Kolkata,Regular,07-09-2024,31-08-2024,BLK_KOL_001,7,3600.85
KOL_CUST_002627,New Town,Salt Lake & New Town,Kolkata,Regular,20-03-2023,18-02-2023,BLK_KOL_032,16,8881.49
KOL_CUST_002628,Shyambazar,North Kolkata,Kolkata,New,07-06-2023,13-05-2023,BLK_KOL_002,9,3676.2
KOL_CUST_002629,B.B.D. Bagh,Central Kolkata,Kolkata,New,14-10-2023,25-09-2023,BLK_KOL_017,6,2733.03
KOL_CUST_002630,Tollygunge,South Kolkata,Kolkata,Regular,13-09-2023,11-09-2023,BLK_KOL_025,7,4849.46
KOL_CUST_002631,Ballygunge,South Kolkata,Kolkata,Premium,11-04-2024,27-03-2024,BLK_KOL_020,12,4012.83
KOL_CUST_002632,Behala,East Kolkata,Kolkata,Premium,25-09-2023,01-09-2023,BLK_KOL_043,10,5098.51
KOL_CUST_002633,Ballygunge,South Kolkata,Kolkata,Regular,02-07-2023,18-06-2023,BLK_KOL_019,10,3601.805
KOL_CUST_002634,Baghbazar,North Kolkata,Kolkata,Regular,22-03-2024,21-03-2024,BLK_KOL_008,2,594.15
KOL_CUST_002635,Ultadanga,North Kolkata,Kolkata,Premium,01-05-2023,06-04-2023,BLK_KOL_004,7,2104.13
KOL_CUST_002636,Baghbazar,North Kolkata,Kolkata,Regular,08-10-2023,15-09-2023,BLK_KOL_009,9,5675.48
KOL_CUST_002637,Tollygunge,South Kolkata,Kolkata,New,11-10-2024,24-09-2024,BLK_KOL_027,4,2178.21
KOL_CUST_002638,New Town,Salt Lake & New Town,Kolkata,Regular,21-03-2024,01-03-2024,BLK_KOL_033,11,4764.38
KOL_CUST_002639,Ballygunge,South Kolkata,Kolkata,Premium,05-08-2024,09-07-2024,BLK_KOL_019,10,5106.54
KOL_CUST_002640,Tollygunge,South Kolkata,Kolkata,Regular,26-01-2023,02-01-2023,BLK_KOL_026,9,3474.51
KOL_CUST_002641,Shyambazar,North Kolkata,Kolkata,Regular,04-07-2023,16-06-2023,BLK_KOL_003,11,5745.92
KOL_CUST_002642,Baghbazar,North Kolkata,Kolkata,Regular,29-02-2024,24-02-2024,BLK_KOL_007,11,4353.44
KOL_CUST_002643,Gariahat,South Kolkata,Kolkata,New,30-09-2024,26-09-2024,BLK_KOL_022,6,2143.42
KOL_CUST_002644,EM Bypass,East Kolkata,Kolkata,Regular,24-10-2024,27-09-2024,BLK_KOL_039,8,3213.84
KOL_CUST_002645,Shibpur,Howrah District,Kolkata,Regular,06-08-2023,29-07-2023,BLK_KOL_050,7,5631.12
KOL_CUST_002646,Shibpur,Howrah District,Kolkata,New,05-10-2024,27-09-2024,BLK_KOL_051,12,5188.67
KOL_CUST_002647,Baghbazar,North Kolkata,Kolkata,Premium,02-03-2023,21-02-2023,BLK_KOL_009,5,3295.08
KOL_CUST_002648,Park Street,Central Kolkata,Kolkata,Regular,23-01-2024,26-12-2023,BLK_KOL_014,11,5997.21
KOL_CUST_002649,Park Street,Central Kolkata,Kolkata,Regular,22-04-2024,19-04-2024,BLK_KOL_015,9,5429.63
KOL_CUST_002650,Behala,East Kolkata,Kolkata,Regular,12-01-2023,19-12-2022,BLK_KOL_044,7,4425.82
KOL_CUST_002651,Behala,East Kolkata,Kolkata,New,14-07-2023,03-07-2023,BLK_KOL_043,11,5925.28
KOL_CUST_002652,Shyambazar,North Kolkata,Kolkata,New,13-01-2024,20-12-2023,BLK_KOL_001,14,5488.26
KOL_CUST_002653,New Town,Salt Lake & New Town,Kolkata,Regular,10-01-2023,07-01-2023,BLK_KOL_032,10,5916.2
KOL_CUST_002654,Howrah,Howrah District,Kolkata,Regular,20-02-2024,22-01-2024,BLK_KOL_047,6,3458.1
KOL_CUST_002655,Rajarhat,Salt Lake & New Town,Kolkata,Regular,14-01-2023,25-12-2022,BLK_KOL_036,10,3121.87
KOL_CUST_002656,Park Street,Central Kolkata,Kolkata,Regular,09-06-2024,05-06-2024,BLK_KOL_014,8,4790.03
KOL_CUST_002657,Shibpur,Howrah District,Kolkata,Regular,29-05-2024,26-05-2024,BLK_KOL_051,7,3221.01
KOL_CUST_002658,Park Street,Central Kolkata,Kolkata,Regular,22-10-2024,12-10-2024,BLK_KOL_014,9,3302.55
KOL_CUST_002659,Baghbazar,North Kolkata,Kolkata,Regular,08-07-2023,12-06-2023,BLK_KOL_007,11,4686.65
KOL_CUST_002660,EM Bypass,East Kolkata,Kolkata,Regular,18-03-2023,17-03-2023,BLK_KOL_038,7,3183.785
KOL_CUST_002661,Ultadanga,North Kolkata,Kolkata,New,22-07-2023,09-07-2023,BLK_KOL_004,7,5300.51
KOL_CUST_002662,New Town,Salt Lake & New Town,Kolkata,Regular,13-03-2023,08-03-2023,BLK_KOL_031,8,3457.62
KOL_CUST_002663,Esplanade,Central Kolkata,Kolkata,Regular,17-09-2023,31-08-2023,BLK_KOL_012,6,2789.24
KOL_CUST_002664,New Town,Salt Lake & New Town,Kolkata,Regular,07-11-2023,11-10-2023,BLK_KOL_031,9,2845.61
KOL_CUST_002665,EM Bypass,East Kolkata,Kolkata,Regular,09-10-2024,18-09-2024,BLK_KOL_037,4,1571.88
KOL_CUST_002666,Kasba,East Kolkata,Kolkata,Regular,06-05-2023,16-04-2023,BLK_KOL_042,7,4204.64
KOL_CUST_002667,Rajarhat,Salt Lake & New Town,Kolkata,Regular,09-01-2024,15-12-2023,BLK_KOL_035,10,4579.13
KOL_CUST_002668,Shibpur,Howrah District,Kolkata,Premium,30-10-2023,04-10-2023,BLK_KOL_050,7,2726.21
KOL_CUST_002669,Esplanade,Central Kolkata,Kolkata,Regular,09-05-2024,05-05-2024,BLK_KOL_011,9,2769.9
KOL_CUST_002670,Shibpur,Howrah District,Kolkata,Regular,13-05-2024,04-05-2024,BLK_KOL_050,9,3772.6
KOL_CUST_002671,B.B.D. Bagh,Central Kolkata,Kolkata,Regular,04-04-2023,05-03-2023,BLK_KOL_017,10,3274.71
KOL_CUST_002672,Ballygunge,South Kolkata,Kolkata,Regular,28-08-2023,25-08-2023,BLK_KOL_021,9,5988.89
KOL_CUST_002673,Gariahat,South Kolkata,Kolkata,Premium,30-10-2023,17-10-2023,BLK_KOL_023,6,1836.86
KOL_CUST_002674,Salt Lake,Salt Lake & New Town,Kolkata,Regular,24-09-2024,02-09-2024,BLK_KOL_029,10,4649.95
KOL_CUST_002675,Salt Lake,Salt Lake & New Town,Kolkata,Premium,12-09-2023,14-08-2023,BLK_KOL_028,11,5398.27
KOL_CUST_002676,Park Street,Central Kolkata,Kolkata,Regular,07-03-2023,03-03-2023,BLK_KOL_015,5,2331.34
KOL_CUST_002677,Tollygunge,South Kolkata,Kolkata,Regular,12-11-2023,02-11-2023,BLK_KOL_026,4,2261.54
KOL_CUST_002678,EM Bypass,East Kolkata,Kolkata,Regular,25-05-2023,27-04-2023,BLK_KOL_038,12,6712.45
KOL_CUST_002679,B.B.D. Bagh,Central Kolkata,Kolkata,Regular,07-08-2023,26-07-2023,BLK_KOL_016,9,5178.18
KOL_CUST_002680,B.B.D. Bagh,Central Kolkata,Kolkata,Regular,21-11-2023,05-11-2023,BLK_KOL_016,11,3726.66
KOL_CUST_002681,Kasba,East Kolkata,Kolkata,Regular,28-05-2024,01-05-2024,BLK_KOL_041,14,8286.38
KOL_CUST_002682,Shyambazar,North Kolkata,Kolkata,Regular,25-02-2024,07-02-2024,BLK_KOL_003,6,4594.47
KOL_CUST_002683,Shibpur,Howrah District,Kolkata,Regular,14-07-2023,09-07-2023,BLK_KOL_050,15,8438.55
KOL_CUST_002684,Ultadanga,North Kolkata,Kolkata,Premium,23-06-2024,01-06-2024,BLK_KOL_004,10,3112.86
KOL_CUST_002685,Salt Lake,Salt Lake & New Town,Kolkata,Regular,14-08-2023,20-07-2023,BLK_KOL_029,10,4721.44
KOL_CUST_002686,Ballygunge,South Kolkata,Kolkata,Regular,11-05-2024,12-04-2024,BLK_KOL_021,11,6754.14
KOL_CUST_002687,EM Bypass,East Kolkata,Kolkata,Regular,13-03-2024,10-03-2024,BLK_KOL_037,6,2616.33
KOL_CUST_002688,Behala,East Kolkata,Kolkata,Regular,30-09-2023,10-09-2023,BLK_KOL_044,7,3014.425
KOL_CUST_002689,Gariahat,South Kolkata,Kolkata,Regular,13-01-2023,28-12-2022,BLK_KOL_022,13,5385.07
KOL_CUST_002690,EM Bypass,East Kolkata,Kolkata,Premium,25-04-2024,11-04-2024,BLK_KOL_037,4,3276.39
KOL_CUST_002691,Baghbazar,North Kolkata,Kolkata,Regular,15-09-2024,04-09-2024,BLK_KOL_007,10,6419.48
KOL_CUST_002692,Esplanade,Central Kolkata,Kolkata,New,21-03-2023,24-02-2023,BLK_KOL_011,13,9467.26
KOL_CUST_002693,Shibpur,Howrah District,Kolkata,New,06-01-2024,30-12-2023,BLK_KOL_050,7,3546.28
KOL_CUST_002694,Shyambazar,North Kolkata,Kolkata,Regular,14-06-2023,10-06-2023,BLK_KOL_003,4,2420.66
KOL_CUST_002695,Shibpur,Howrah District,Kolkata,Regular,05-05-2024,24-04-2024,BLK_KOL_051,11,7848.58
KOL_CUST_002696,Howrah,Howrah District,Kolkata,Regular,10-07-2023,20-06-2023,BLK_KOL_046,12,6684.33
KOL_CUST_002697,Kasba,East Kolkata,Kolkata,Regular,19-04-2024,30-03-2024,BLK_KOL_041,7,3659.86
KOL_CUST_002698,Park Street,Central Kolkata,Kolkata,Regular,09-02-2024,06-02-2024,BLK_KOL_013,12,6614.25
KOL_CUST_002699,Shibpur,Howrah District,Kolkata,Regular,21-10-2024,03-10-2024,BLK_KOL_049,9,4892.59
KOL_CUST_002700,Gariahat,South Kolkata,Kolkata,Regular,02-04-2023,01-04-2023,BLK_KOL_024,9,3815.17
KOL_CUST_002701,Kasba,East Kolkata,Kolkata,New,13-09-2023,24-08-2023,BLK_KOL_041,13,7139.32
KOL_CUST_002702,Park Street,Central Kolkata,Kolkata,Regular,15-04-2023,04-04-2023,BLK_KOL_015,13,8354.15
KOL_CUST_002703,Baghbazar,North Kolkata,Kolkata,Regular,14-11-2023,17-10-2023,BLK_KOL_008,5,2714.7
KOL_CUST_002704,Park Street,Central Kolkata,Kolkata,New,08-05-2023,06-05-2023,BLK_KOL_015,11,6972.13
KOL_CUST_002705,Shyambazar,North Kolkata,Kolkata,Regular,21-06-2024,22-05-2024,BLK_KOL_003,13,5050.47
KOL_CUST_002706,Kasba,East Kolkata,Kolkata,Regular,24-01-2024,20-01-2024,BLK_KOL_041,9,3615.14
KOL_CUST_002707,Park Street,Central Kolkata,Kolkata,New,23-11-2023,16-11-2023,BLK_KOL_013,13,5627.3
KOL_CUST_002708,Ultadanga,North Kolkata,Kolkata,Regular,20-08-2023,07-08-2023,BLK_KOL_005,11,5168.77
KOL_CUST_002709,Baghbazar,North Kolkata,Kolkata,Regular,14-01-2024,23-12-2023,BLK_KOL_009,9,2673.68
KOL_CUST_002710,New Town,Salt Lake & New Town,Kolkata,Premium,18-04-2024,12-04-2024,BLK_KOL_033,9,3610.38
KOL_CUST_002711,Tollygunge,South Kolkata,Kolkata,Premium,01-07-2024,17-06-2024,BLK_KOL_025,10,5373.09
KOL_CUST_002712,B.B.D. Bagh,Central Kolkata,Kolkata,Regular,08-10-2023,10-09-2023,BLK_KOL_016,16,8316.97
KOL_CUST_002713,Santragachi,Howrah District,Kolkata,Regular,14-03-2024,26-02-2024,BLK_KOL_052,8,3897.36
KOL_CUST_002714,Salt Lake,Salt Lake & New Town,Kolkata,Premium,21-01-2024,11-01-2024,BLK_KOL_029,8,2890.84
KOL_CUST_002715,Shyambazar,North Kolkata,Kolkata,Regular,17-08-2024,06-08-2024,BLK_KOL_001,12,5443.62
KOL_CUST_002716,Howrah,Howrah District,Kolkata,Regular,08-10-2024,21-09-2024,BLK_KOL_046,13,5375.235
KOL_CUST_002717,Ultadanga,North Kolkata,Kolkata,Regular,06-01-2023,13-12-2022,BLK_KOL_004,9,3914.58
KOL_CUST_002718,Esplanade,Central Kolkata,Kolkata,Regular,19-08-2024,18-08-2024,BLK_KOL_010,9,4179.18
KOL_CUST_002719,Ultadanga,North Kolkata,Kolkata,Regular,16-02-2023,13-02-2023,BLK_KOL_005,14,4310.27
KOL_CUST_002720,Salt Lake,Salt Lake & New Town,Kolkata,Regular,24-11-2023,09-11-2023,BLK_KOL_028,12,5110
KOL_CUST_002721,B.B.D. Bagh,Central Kolkata,Kolkata,Regular,30-01-2023,10-01-2023,BLK_KOL_017,15,8695.1
KOL_CUST_002722,Kasba,East Kolkata,Kolkata,Regular,20-10-2024,22-09-2024,BLK_KOL_040,13,5426.07
KOL_CUST_002723,Salt Lake,Salt Lake & New Town,Kolkata,Premium,21-08-2024,04-08-2024,BLK_KOL_029,13,6680.83
KOL_CUST_002724,Santragachi,Howrah District,Kolkata,Regular,23-10-2024,04-10-2024,BLK_KOL_053,11,3732.57
KOL_CUST_002725,New Town,Salt Lake & New Town,Kolkata,Premium,05-07-2023,18-06-2023,BLK_KOL_031,11,5718.72
KOL_CUST_002726,Ballygunge,South Kolkata,Kolkata,Premium,07-04-2024,11-03-2024,BLK_KOL_021,11,4602.37
KOL_CUST_002727,Gariahat,South Kolkata,Kolkata,Regular,21-09-2023,07-09-2023,BLK_KOL_024,9,3372.95
KOL_CUST_002728,Santragachi,Howrah District,Kolkata,Regular,29-01-2024,06-01-2024,BLK_KOL_054,10,3572.4
KOL_CUST_002729,Santragachi,Howrah District,Kolkata,Regular,13-05-2023,28-04-2023,BLK_KOL_053,7,4851.84
KOL_CUST_002730,Shyambazar,North Kolkata,Kolkata,Regular,30-03-2024,20-03-2024,BLK_KOL_003,6,2928.25
KOL_CUST_002731,Gariahat,South Kolkata,Kolkata,Regular,12-08-2023,21-07-2023,BLK_KOL_024,5,3339.72
KOL_CUST_002732,Rajarhat,Salt Lake & New Town,Kolkata,Premium,23-09-2024,25-08-2024,BLK_KOL_035,10,4777.54
KOL_CUST_002733,Shyambazar,North Kolkata,Kolkata,Regular,25-05-2024,26-04-2024,BLK_KOL_002,11,5738.085
KOL_CUST_002734,Kasba,East Kolkata,Kolkata,New,01-03-2024,01-02-2024,BLK_KOL_041,12,5782.53
KOL_CUST_002735,Kasba,East Kolkata,Kolkata,Regular,24-02-2023,29-01-2023,BLK_KOL_041,7,2872.16
KOL_CUST_002736,Rajarhat,Salt Lake & New Town,Kolkata,Regular,18-09-2023,09-09-2023,BLK_KOL_034,15,5281.49
KOL_CUST_002737,Santragachi,Howrah District,Kolkata,Regular,23-05-2023,02-05-2023,BLK_KOL_054,6,2464.43
KOL_CUST_002738,Ballygunge,South Kolkata,Kolkata,Regular,31-03-2023,27-03-2023,BLK_KOL_020,9,4180.28
KOL_CUST_002739,Park Street,Central Kolkata,Kolkata,Regular,27-09-2024,16-09-2024,BLK_KOL_014,7,3675.36
KOL_CUST_002740,Esplanade,Central Kolkata,Kolkata,Regular,26-08-2023,13-08-2023,BLK_KOL_010,8,4103.03
KOL_CUST_002741,Gariahat,South Kolkata,Kolkata,Regular,26-06-2023,17-06-2023,BLK_KOL_023,9,3423.2
KOL_CUST_002742,Ultadanga,North Kolkata,Kolkata,Regular,25-03-2024,17-03-2024,BLK_KOL_004,9,3994.545
KOL_CUST_002743,Shibpur,Howrah District,Kolkata,New,16-05-2023,03-05-2023,BLK_KOL_049,11,4543.82
KOL_CUST_002744,Ultadanga,North Kolkata,Kolkata,Regular,18-05-2023,15-05-2023,BLK_KOL_006,8,2532.52
KOL_CUST_002745,Ballygunge,South Kolkata,Kolkata,Regular,20-06-2024,24-05-2024,BLK_KOL_019,12,5580.57
KOL_CUST_002746,Ultadanga,North Kolkata,Kolkata,Regular,11-07-2024,21-06-2024,BLK_KOL_006,12,5780.58
KOL_CUST_002747,Baghbazar,North Kolkata,Kolkata,Premium,26-01-2023,02-01-2023,BLK_KOL_009,10,4490.34
KOL_CUST_002748,Behala,East Kolkata,Kolkata,New,03-09-2023,17-08-2023,BLK_KOL_044,6,1455.5
KOL_CUST_002749,Behala,East Kolkata,Kolkata,Premium,14-03-2024,02-03-2024,BLK_KOL_044,10,5721.27
KOL_CUST_002750,Tollygunge,South Kolkata,Kolkata,Regular,24-03-2023,04-03-2023,BLK_KOL_027,6,2046.04
KOL_CUST_002751,B.B.D. Bagh,Central Kolkata,Kolkata,New,17-04-2023,24-03-2023,BLK_KOL_017,7,4042.53
KOL_CUST_002752,Kasba,East Kolkata,Kolkata,Regular,11-03-2024,22-02-2024,BLK_KOL_041,8,5912.43
KOL_CUST_002753,Howrah,Howrah District,Kolkata,New,30-08-2024,31-07-2024,BLK_KOL_048,11,3880.59
KOL_CUST_002754,B.B.D. Bagh,Central Kolkata,Kolkata,Premium,28-01-2023,03-01-2023,BLK_KOL_018,8,3783.88
KOL_CUST_002755,EM Bypass,East Kolkata,Kolkata,Regular,30-09-2024,23-09-2024,BLK_KOL_039,15,6579.82
KOL_CUST_002756,Behala,East Kolkata,Kolkata,New,26-09-2023,15-09-2023,BLK_KOL_045,7,3169.78
KOL_CUST_002757,B.B.D. Bagh,Central Kolkata,Kolkata,Premium,11-05-2023,23-04-2023,BLK_KOL_016,4,4685.49
KOL_CUST_002758,Behala,East Kolkata,Kolkata,Regular,09-09-2023,06-09-2023,BLK_KOL_043,13,8653.39
KOL_CUST_002759,Shyambazar,North Kolkata,Kolkata,Regular,12-08-2023,04-08-2023,BLK_KOL_002,10,4404.08
KOL_CUST_002760,New Town,Salt Lake & New Town,Kolkata,Regular,24-03-2023,12-03-2023,BLK_KOL_033,7,4020.1
KOL_CUST_002761,Ballygunge,South Kolkata,Kolkata,New,25-10-2023,07-10-2023,BLK_KOL_020,12,3470.53
KOL_CUST_002762,Tollygunge,South Kolkata,Kolkata,New,07-09-2023,27-08-2023,BLK_KOL_026,9,3866.16
KOL_CUST_002763,EM Bypass,East Kolkata,Kolkata,New,10-11-2023,06-11-2023,BLK_KOL_039,10,5373.64
KOL_CUST_002764,Salt Lake,Salt Lake & New Town,Kolkata,Regular,01-05-2024,09-04-2024,BLK_KOL_028,11,4482.3
KOL_CUST_002765,Esplanade,Central Kolkata,Kolkata,Premium,04-03-2023,27-02-2023,BLK_KOL_010,9,4551.1
KOL_CUST_002766,Howrah,Howrah District,Kolkata,New,28-03-2024,25-03-2024,BLK_KOL_047,13,6615.17
KOL_CUST_002767,B.B.D. Bagh,Central Kolkata,Kolkata,New,08-09-2024,20-08-2024,BLK_KOL_017,8,3407.47
KOL_CUST_002768,B.B.D. Bagh,Central Kolkata,Kolkata,Regular,25-08-2023,26-07-2023,BLK_KOL_018,9,5190.12
KOL_CUST_002769,B.B.D. Bagh,Central Kolkata,Kolkata,Regular,11-06-2023,26-05-2023,BLK_KOL_018,11,4523.86
KOL_CUST_002770,Behala,East Kolkata,Kolkata,New,28-04-2023,20-04-2023,BLK_KOL_043,7,4205.46
KOL_CUST_002771,Santragachi,Howrah District,Kolkata,Regular,05-10-2023,29-09-2023,BLK_KOL_052,12,5294.82
KOL_CUST_002772,New Town,Salt Lake & New Town,Kolkata,Regular,12-06-2023,18-05-2023,BLK_KOL_033,14,6788.47
KOL_CUST_002773,Shyambazar,North Kolkata,Kolkata,Regular,04-02-2023,14-01-2023,BLK_KOL_003,10,4980.9
KOL_CUST_002774,Esplanade,Central Kolkata,Kolkata,Regular,01-11-2023,16-10-2023,BLK_KOL_010,13,4677.82
KOL_CUST_002775,EM Bypass,East Kolkata,Kolkata,New,18-09-2023,17-09-2023,BLK_KOL_039,6,2920.155
KOL_CUST_002776,Shyambazar,North Kolkata,Kolkata,Premium,20-09-2023,24-08-2023,BLK_KOL_001,8,4207.99
KOL_CUST_002777,Gariahat,South Kolkata,Kolkata,Regular,16-06-2024,13-06-2024,BLK_KOL_024,4,1876.08
KOL_CUST_002778,Rajarhat,Salt Lake & New Town,Kolkata,Regular,14-06-2023,30-05-2023,BLK_KOL_034,6,4310.51
KOL_CUST_002779,Tollygunge,South Kolkata,Kolkata,Regular,17-09-2023,31-08-2023,BLK_KOL_027,7,4440.35
KOL_CUST_002780,B.B.D. Bagh,Central Kolkata,Kolkata,Premium,13-02-2023,25-01-2023,BLK_KOL_016,13,6210.34
KOL_CUST_002781,Behala,East Kolkata,Kolkata,Regular,21-01-2024,03-01-2024,BLK_KOL_043,9,6279.93
KOL_CUST_002782,Tollygunge,South Kolkata,Kolkata,Regular,17-01-2023,07-01-2023,BLK_KOL_026,10,4633.3
KOL_CUST_002783,Shyambazar,North Kolkata,Kolkata,New,05-03-2024,03-03-2024,BLK_KOL_001,11,5850.09
KOL_CUST_002784,Ultadanga,North Kolkata,Kolkata,Regular,27-04-2024,09-04-2024,BLK_KOL_005,11,4955.305
KOL_CUST_002785,Tollygunge,South Kolkata,Kolkata,Regular,06-07-2023,26-06-2023,BLK_KOL_027,12,5391.88
KOL_CUST_002786,New Town,Salt Lake & New Town,Kolkata,Regular,19-09-2024,16-09-2024,BLK_KOL_031,6,1985.83
KOL_CUST_002787,Salt Lake,Salt Lake & New Town,Kolkata,Regular,16-01-2023,01-01-2023,BLK_KOL_029,6,4697.77
KOL_CUST_002788,Ultadanga,North Kolkata,Kolkata,Premium,13-08-2024,14-07-2024,BLK_KOL_005,17,6540.38
KOL_CUST_002789,Santragachi,Howrah District,Kolkata,Regular,17-05-2023,29-04-2023,BLK_KOL_054,8,4629.06
KOL_CUST_002790,B.B.D. Bagh,Central Kolkata,Kolkata,Regular,21-01-2023,08-01-2023,BLK_KOL_017,10,5072.32
KOL_CUST_002791,Baghbazar,North Kolkata,Kolkata,Regular,24-08-2024,06-08-2024,BLK_KOL_007,12,7004.98
KOL_CUST_002792,Santragachi,Howrah District,Kolkata,Regular,17-01-2023,03-01-2023,BLK_KOL_052,7,5059.21
KOL_CUST_002793,Park Street,Central Kolkata,Kolkata,Regular,07-03-2024,17-02-2024,BLK_KOL_014,6,2423.05
KOL_CUST_002794,Ultadanga,North Kolkata,Kolkata,Regular,29-09-2024,12-09-2024,BLK_KOL_004,13,5218.99
KOL_CUST_002795,B.B.D. Bagh,Central Kolkata,Kolkata,Regular,01-05-2024,08-04-2024,BLK_KOL_017,8,3150.86
KOL_CUST_002796,Shyambazar,North Kolkata,Kolkata,Regular,03-07-2024,20-06-2024,BLK_KOL_003,17,9195.39
KOL_CUST_002797,New Town,Salt Lake & New Town,Kolkata,Premium,18-10-2024,26-09-2024,BLK_KOL_033,6,2961.05
KOL_CUST_002798,Tollygunge,South Kolkata,Kolkata,Regular,31-03-2024,20-03-2024,BLK_KOL_026,5,1514.64
KOL_CUST_002799,Tollygunge,South Kolkata,Kolkata,Regular,09-03-2023,18-02-2023,BLK_KOL_026,7,3292.6
KOL_CUST_002800,Park Street,Central Kolkata,Kolkata,Regular,23-01-2023,02-01-2023,BLK_KOL_014,6,2488.1
KOL_CUST_002801,Park Street,Central Kolkata,Kolkata,Regular,21-10-2024,25-09-2024,BLK_KOL_013,3,3038.72
KOL_CUST_002802,Gariahat,South Kolkata,Kolkata,Regular,09-04-2024,11-03-2024,BLK_KOL_024,9,5617.82
KOL_CUST_002803,Esplanade,Central Kolkata,Kolkata,Regular,09-09-2023,18-08-2023,BLK_KOL_011,11,6870.31
KOL_CUST_002804,New Town,Salt Lake & New Town,Kolkata,Regular,13-06-2023,14-05-2023,BLK_KOL_033,6,2793.85
KOL_CUST_002805,New Town,Salt Lake & New Town,Kolkata,Premium,11-02-2023,23-01-2023,BLK_KOL_032,12,5216.31
KOL_CUST_002806,Gariahat,South Kolkata,Kolkata,Regular,25-01-2023,13-01-2023,BLK_KOL_022,15,6852.51
KOL_CUST_002807,Shibpur,Howrah District,Kolkata,Regular,16-05-2023,15-05-2023,BLK_KOL_050,5,1763.63
KOL_CUST_002808,Howrah,Howrah District,Kolkata,New,19-05-2023,01-05-2023,BLK_KOL_047,12,5331.47
KOL_CUST_002809,New Town,Salt Lake & New Town,Kolkata,Regular,27-05-2024,19-05-2024,BLK_KOL_033,10,4507.85
KOL_CUST_002810,Salt Lake,Salt Lake & New Town,Kolkata,New,02-03-2024,02-02-2024,BLK_KOL_029,10,6092.69
KOL_CUST_002811,Baghbazar,North Kolkata,Kolkata,New,27-02-2024,07-02-2024,BLK_KOL_008,9,4129.42
KOL_CUST_002812,Ultadanga,North Kolkata,Kolkata,Regular,15-06-2023,06-06-2023,BLK_KOL_005,13,7030.3
KOL_CUST_002813,Baghbazar,North Kolkata,Kolkata,Regular,17-04-2024,14-04-2024,BLK_KOL_008,6,3172.46
KOL_CUST_002814,Behala,East Kolkata,Kolkata,Regular,18-06-2023,11-06-2023,BLK_KOL_044,11,3491.81
KOL_CUST_002815,Rajarhat,Salt Lake & New Town,Kolkata,Regular,19-04-2024,03-04-2024,BLK_KOL_034,5,1985.07
KOL_CUST_002816,Shibpur,Howrah District,Kolkata,Regular,28-04-2023,17-04-2023,BLK_KOL_051,13,3721.375
KOL_CUST_002817,Tollygunge,South Kolkata,Kolkata,Regular,17-03-2024,25-02-2024,BLK_KOL_027,8,4223.72
KOL_CUST_002818,Salt Lake,Salt Lake & New Town,Kolkata,Premium,14-02-2024,02-02-2024,BLK_KOL_029,5,1723.34
KOL_CUST_002819,EM Bypass,East Kolkata,Kolkata,Regular,03-03-2024,15-02-2024,BLK_KOL_039,11,7809.76
KOL_CUST_002820,Ultadanga,North Kolkata,Kolkata,Regular,08-03-2024,07-03-2024,BLK_KOL_005,9,3092.72
KOL_CUST_002821,Park Street,Central Kolkata,Kolkata,Regular,14-03-2023,14-02-2023,BLK_KOL_013,10,6354.69
KOL_CUST_002822,EM Bypass,East Kolkata,Kolkata,New,23-09-2023,05-09-2023,BLK_KOL_038,10,5743.46
KOL_CUST_002823,Kasba,East Kolkata,Kolkata,New,19-06-2023,31-05-2023,BLK_KOL_042,11,5630.18
KOL_CUST_002824,Behala,East Kolkata,Kolkata,Regular,12-07-2023,06-07-2023,BLK_KOL_044,10,2841.43
KOL_CUST_002825,New Town,Salt Lake & New Town,Kolkata,Regular,12-07-2023,01-07-2023,BLK_KOL_033,12,7617.58
KOL_CUST_002826,Kasba,East Kolkata,Kolkata,Regular,11-06-2024,15-05-2024,BLK_KOL_041,6,3830.92
KOL_CUST_002827,B.B.D. Bagh,Central Kolkata,Kolkata,New,30-06-2023,31-05-2023,BLK_KOL_017,9,3853.77
KOL_CUST_002828,Baghbazar,North Kolkata,Kolkata,New,07-08-2024,06-08-2024,BLK_KOL_009,6,2703.19
KOL_CUST_002829,Shyambazar,North Kolkata,Kolkata,Premium,22-01-2024,12-01-2024,BLK_KOL_003,9,6256.34
KOL_CUST_002830,Gariahat,South Kolkata,Kolkata,Premium,06-08-2023,29-07-2023,BLK_KOL_024,10,4089.72
KOL_CUST_002831,Esplanade,Central Kolkata,Kolkata,Premium,11-06-2024,10-06-2024,BLK_KOL_010,12,5586.97
KOL_CUST_002832,Howrah,Howrah District,Kolkata,Regular,20-08-2023,06-08-2023,BLK_KOL_046,10,4108.44
KOL_CUST_002833,B.B.D. Bagh,Central Kolkata,Kolkata,Regular,25-05-2024,27-04-2024,BLK_KOL_017,10,3370.42
KOL_CUST_002834,EM Bypass,East Kolkata,Kolkata,New,19-01-2023,03-01-2023,BLK_KOL_037,3,2114.88
KOL_CUST_002835,Gariahat,South Kolkata,Kolkata,Regular,10-01-2023,17-12-2022,BLK_KOL_023,15,8422.01
KOL_CUST_002836,Kasba,East Kolkata,Kolkata,Premium,29-11-2023,01-11-2023,BLK_KOL_042,7,3280.82
KOL_CUST_002837,B.B.D. Bagh,Central Kolkata,Kolkata,Regular,27-05-2024,24-05-2024,BLK_KOL_018,11,4764.75
KOL_CUST_002838,B.B.D. Bagh,Central Kolkata,Kolkata,Regular,24-02-2024,17-02-2024,BLK_KOL_018,13,7222.1
KOL_CUST_002839,Park Street,Central Kolkata,Kolkata,New,20-09-2023,30-08-2023,BLK_KOL_013,8,3582.76
KOL_CUST_002840,Salt Lake,Salt Lake & New Town,Kolkata,Regular,31-01-2024,30-01-2024,BLK_KOL_029,8,3681.61
KOL_CUST_002841,Shibpur,Howrah District,Kolkata,Regular,21-07-2023,14-07-2023,BLK_KOL_051,13,4945.32
KOL_CUST_002842,Behala,East Kolkata,Kolkata,Premium,05-03-2023,17-02-2023,BLK_KOL_044,7,3333.34
KOL_CUST_002843,Baghbazar,North Kolkata,Kolkata,Regular,31-03-2024,02-03-2024,BLK_KOL_007,7,1291.1
KOL_CUST_002844,Behala,East Kolkata,Kolkata,Regular,31-05-2023,22-05-2023,BLK_KOL_043,5,1213.44
KOL_CUST_002845,EM Bypass,East Kolkata,Kolkata,New,13-02-2023,02-02-2023,BLK_KOL_038,10,4117.54
KOL_CUST_002846,Baghbazar,North Kolkata,Kolkata,Regular,14-04-2023,23-03-2023,BLK_KOL_007,4,1442.67
KOL_CUST_002847,Esplanade,Central Kolkata,Kolkata,New,24-02-2023,01-02-2023,BLK_KOL_010,9,5962.32
KOL_CUST_002848,Esplanade,Central Kolkata,Kolkata,Premium,30-03-2024,08-03-2024,BLK_KOL_010,9,2709.01
KOL_CUST_002849,Behala,East Kolkata,Kolkata,New,21-04-2024,31-03-2024,BLK_KOL_044,11,5494.13
KOL_CUST_002850,B.B.D. Bagh,Central Kolkata,Kolkata,Regular,15-01-2024,09-01-2024,BLK_KOL_016,11,4530.41
KOL_CUST_002851,Ballygunge,South Kolkata,Kolkata,New,28-03-2024,04-03-2024,BLK_KOL_019,8,3975.51
KOL_CUST_002852,New Town,Salt Lake & New Town,Kolkata,Premium,26-10-2024,16-10-2024,BLK_KOL_031,9,4185.17
KOL_CUST_002853,Santragachi,Howrah District,Kolkata,Regular,08-09-2023,27-08-2023,BLK_KOL_053,13,4271.45
KOL_CUST_002854,Gariahat,South Kolkata,Kolkata,Regular,03-10-2024,15-09-2024,BLK_KOL_022,12,5615.77
KOL_CUST_002855,Tollygunge,South Kolkata,Kolkata,Regular,27-03-2023,12-03-2023,BLK_KOL_027,9,2386.94
KOL_CUST_002856,Howrah,Howrah District,Kolkata,Regular,15-05-2023,14-05-2023,BLK_KOL_046,9,4231.49
KOL_CUST_002857,Tollygunge,South Kolkata,Kolkata,Regular,22-10-2024,27-09-2024,BLK_KOL_027,6,1930.36
KOL_CUST_002858,Esplanade,Central Kolkata,Kolkata,Regular,18-04-2023,21-03-2023,BLK_KOL_012,11,6122.85
KOL_CUST_002859,Behala,East Kolkata,Kolkata,Premium,13-02-2023,10-02-2023,BLK_KOL_045,8,4395.19
KOL_CUST_002860,New Town,Salt Lake & New Town,Kolkata,Regular,31-01-2023,14-01-2023,BLK_KOL_033,10,4735.34
KOL_CUST_002861,Esplanade,Central Kolkata,Kolkata,Premium,18-06-2023,31-05-2023,BLK_KOL_010,8,3565.73
KOL_CUST_002862,Shibpur,Howrah District,Kolkata,Premium,17-09-2023,26-08-2023,BLK_KOL_049,6,3248.66
KOL_CUST_002863,Esplanade,Central Kolkata,Kolkata,Regular,30-05-2023,04-05-2023,BLK_KOL_011,8,3004.93
KOL_CUST_002864,Ultadanga,North Kolkata,Kolkata,Premium,05-09-2023,03-09-2023,BLK_KOL_005,4,1281.95
KOL_CUST_002865,Santragachi,Howrah District,Kolkata,Regular,08-04-2023,22-03-2023,BLK_KOL_053,7,2214.28
KOL_CUST_002866,Behala,East Kolkata,Kolkata,Regular,17-08-2023,24-07-2023,BLK_KOL_043,9,4675.65
KOL_CUST_002867,Rajarhat,Salt Lake & New Town,Kolkata,Premium,01-07-2024,10-06-2024,BLK_KOL_035,10,6256.1
KOL_CUST_002868,Ultadanga,North Kolkata,Kolkata,Regular,21-01-2024,12-01-2024,BLK_KOL_006,4,1480.96
KOL_CUST_002869,Gariahat,South Kolkata,Kolkata,Regular,11-02-2024,14-01-2024,BLK_KOL_024,5,2599.11
KOL_CUST_002870,New Town,Salt Lake & New Town,Kolkata,Regular,29-10-2023,01-10-2023,BLK_KOL_032,8,2498.25
KOL_CUST_002871,Ballygunge,South Kolkata,Kolkata,New,19-10-2024,21-09-2024,BLK_KOL_020,7,1794.32
KOL_CUST_002872,Park Street,Central Kolkata,Kolkata,Regular,26-03-2024,02-03-2024,BLK_KOL_013,12,6005.55
KOL_CUST_002873,Rajarhat,Salt Lake & New Town,Kolkata,Regular,17-02-2024,01-02-2024,BLK_KOL_036,9,3315.18
KOL_CUST_002874,Shibpur,Howrah District,Kolkata,Regular,23-01-2023,24-12-2022,BLK_KOL_051,8,4157.33
KOL_CUST_002875,Kasba,East Kolkata,Kolkata,Regular,12-02-2024,24-01-2024,BLK_KOL_040,10,4615.825
KOL_CUST_002876,Esplanade,Central Kolkata,Kolkata,Regular,08-11-2023,15-10-2023,BLK_KOL_012,8,2041.72
KOL_CUST_002877,Ballygunge,South Kolkata,Kolkata,Regular,11-04-2023,17-03-2023,BLK_KOL_020,13,6297.22
KOL_CUST_002878,Ultadanga,North Kolkata,Kolkata,Premium,18-10-2023,05-10-2023,BLK_KOL_004,11,6121.07
KOL_CUST_002879,Park Street,Central Kolkata,Kolkata,Premium,22-01-2024,29-12-2023,BLK_KOL_014,11,4546.49
KOL_CUST_002880,Park Street,Central Kolkata,Kolkata,Regular,27-09-2024,28-08-2024,BLK_KOL_014,10,4322.13
KOL_CUST_002881,Ballygunge,South Kolkata,Kolkata,Premium,13-02-2023,31-01-2023,BLK_KOL_019,15,7501.91
KOL_CUST_002882,Santragachi,Howrah District,Kolkata,Regular,02-09-2023,04-08-2023,BLK_KOL_052,8,2746.66
KOL_CUST_002883,Salt Lake,Salt Lake & New Town,Kolkata,Premium,23-02-2024,28-01-2024,BLK_KOL_028,10,3171.2
KOL_CUST_002884,Esplanade,Central Kolkata,Kolkata,Regular,21-11-2023,30-10-2023,BLK_KOL_011,9,4288.08
KOL_CUST_002885,Shibpur,Howrah District,Kolkata,New,13-06-2023,25-05-2023,BLK_KOL_051,12,5098.3
KOL_CUST_002886,Park Street,Central Kolkata,Kolkata,Regular,09-07-2023,08-07-2023,BLK_KOL_013,8,5812.25
KOL_CUST_002887,Ballygunge,South Kolkata,Kolkata,New,06-07-2024,24-06-2024,BLK_KOL_019,9,5185.62
KOL_CUST_002888,Baghbazar,North Kolkata,Kolkata,Regular,01-01-2024,25-12-2023,BLK_KOL_007,6,3610.97
KOL_CUST_002889,Rajarhat,Salt Lake & New Town,Kolkata,Regular,07-02-2023,06-02-2023,BLK_KOL_034,9,4097.42
KOL_CUST_002890,Gariahat,South Kolkata,Kolkata,Premium,01-03-2024,23-02-2024,BLK_KOL_024,11,5541.995
KOL_CUST_002891,Rajarhat,Salt Lake & New Town,Kolkata,Regular,01-03-2023,19-02-2023,BLK_KOL_034,8,3323.8
KOL_CUST_002892,Park Street,Central Kolkata,Kolkata,Regular,19-11-2023,16-11-2023,BLK_KOL_014,8,3496.24
KOL_CUST_002893,Park Street,Central Kolkata,Kolkata,New,31-03-2023,17-03-2023,BLK_KOL_013,10,5432.18
KOL_CUST_002894,B.B.D. Bagh,Central Kolkata,Kolkata,Regular,20-02-2023,18-02-2023,BLK_KOL_016,6,3330.01
KOL_CUST_002895,Ultadanga,North Kolkata,Kolkata,Regular,20-10-2023,22-09-2023,BLK_KOL_005,11,5891.94
KOL_CUST_002896,Kasba,East Kolkata,Kolkata,New,29-09-2023,12-09-2023,BLK_KOL_042,11,4296.14
KOL_CUST_002897,Esplanade,Central Kolkata,Kolkata,New,22-07-2023,16-07-2023,BLK_KOL_012,10,4875.45
KOL_CUST_002898,Shyambazar,North Kolkata,Kolkata,Premium,09-07-2023,07-07-2023,BLK_KOL_003,8,3550.66
KOL_CUST_002899,Rajarhat,Salt Lake & New Town,Kolkata,New,26-07-2024,07-07-2024,BLK_KOL_034,14,9049.51
KOL_CUST_002900,Behala,East Kolkata,Kolkata,Regular,28-06-2023,16-06-2023,BLK_KOL_043,8,3002.36
KOL_CUST_002901,Rajarhat,Salt Lake & New Town,Kolkata,Regular,29-04-2023,21-04-2023,BLK_KOL_036,5,1984.09
KOL_CUST_002902,Esplanade,Central Kolkata,Kolkata,Regular,27-07-2023,26-07-2023,BLK_KOL_011,10,4049.14
KOL_CUST_002903,Santragachi,Howrah District,Kolkata,Regular,03-10-2023,16-09-2023,BLK_KOL_052,12,3219.7
KOL_CUST_002904,Ballygunge,South Kolkata,Kolkata,Regular,05-05-2023,01-05-2023,BLK_KOL_020,13,5959.53
KOL_CUST_002905,Tollygunge,South Kolkata,Kolkata,Regular,16-02-2024,02-02-2024,BLK_KOL_025,8,4502.35
KOL_CUST_002906,Santragachi,Howrah District,Kolkata,Regular,14-10-2023,22-09-2023,BLK_KOL_054,7,2873.31
KOL_CUST_002907,Esplanade,Central Kolkata,Kolkata,New,17-11-2023,13-11-2023,BLK_KOL_012,14,7135.43
KOL_CUST_002908,Ultadanga,North Kolkata,Kolkata,Regular,24-08-2023,10-08-2023,BLK_KOL_005,5,3680.41
KOL_CUST_002909,Gariahat,South Kolkata,Kolkata,Regular,07-08-2023,05-08-2023,BLK_KOL_022,7,3413.58
KOL_CUST_002910,Salt Lake,Salt Lake & New Town,Kolkata,New,06-03-2023,18-02-2023,BLK_KOL_030,8,3575.12
KOL_CUST_002911,EM Bypass,East Kolkata,Kolkata,Premium,24-08-2023,05-08-2023,BLK_KOL_039,6,2154.51
KOL_CUST_002912,Rajarhat,Salt Lake & New Town,Kolkata,Regular,07-03-2023,20-02-2023,BLK_KOL_035,10,6795.56
KOL_CUST_002913,Kasba,East Kolkata,Kolkata,Premium,23-03-2023,19-03-2023,BLK_KOL_042,12,8433.25
KOL_CUST_002914,New Town,Salt Lake & New Town,Kolkata,Regular,22-08-2023,16-08-2023,BLK_KOL_031,15,7670.99
KOL_CUST_002915,Behala,East Kolkata,Kolkata,New,11-08-2024,28-07-2024,BLK_KOL_045,9,3012.37
KOL_CUST_002916,Baghbazar,North Kolkata,Kolkata,Regular,31-10-2023,04-10-2023,BLK_KOL_009,7,2743.32
KOL_CUST_002917,Howrah,Howrah District,Kolkata,New,03-11-2023,21-10-2023,BLK_KOL_047,8,5410.67
KOL_CUST_002918,Esplanade,Central Kolkata,Kolkata,Regular,16-06-2023,15-06-2023,BLK_KOL_010,11,3721.43
KOL_CUST_002919,Esplanade,Central Kolkata,Kolkata,Regular,04-02-2023,20-01-2023,BLK_KOL_012,16,7308.335
KOL_CUST_002920,Tollygunge,South Kolkata,Kolkata,Regular,01-01-2023,24-12-2022,BLK_KOL_025,7,4218.22
KOL_CUST_002921,Santragachi,Howrah District,Kolkata,Regular,17-02-2023,20-01-2023,BLK_KOL_053,8,4698.82
KOL_CUST_002922,Tollygunge,South Kolkata,Kolkata,Regular,24-06-2023,01-06-2023,BLK_KOL_027,14,5669.97
KOL_CUST_002923,B.B.D. Bagh,Central Kolkata,Kolkata,Regular,24-01-2023,22-01-2023,BLK_KOL_016,6,3217.54
KOL_CUST_002924,Salt Lake,Salt Lake & New Town,Kolkata,New,11-09-2024,29-08-2024,BLK_KOL_028,9,4391.65
KOL_CUST_002925,Shibpur,Howrah District,Kolkata,Regular,24-04-2024,17-04-2024,BLK_KOL_050,10,7305.33
KOL_CUST_002926,Behala,East Kolkata,Kolkata,Regular,31-07-2024,13-07-2024,BLK_KOL_044,10,6110.78
KOL_CUST_002927,Esplanade,Central Kolkata,Kolkata,New,21-05-2023,16-05-2023,BLK_KOL_012,11,4179.49
KOL_CUST_002928,Salt Lake,Salt Lake & New Town,Kolkata,Regular,05-09-2024,27-08-2024,BLK_KOL_029,10,4585.14
KOL_CUST_002929,B.B.D. Bagh,Central Kolkata,Kolkata,Premium,11-08-2024,18-07-2024,BLK_KOL_017,12,4535.95
KOL_CUST_002930,Shibpur,Howrah District,Kolkata,Regular,28-05-2024,28-04-2024,BLK_KOL_050,14,4036.415
KOL_CUST_002931,Behala,East Kolkata,Kolkata,Regular,04-02-2024,05-01-2024,BLK_KOL_044,12,6462.58
KOL_CUST_002932,Kasba,East Kolkata,Kolkata,Premium,12-03-2024,26-02-2024,BLK_KOL_041,10,3975.23
KOL_CUST_002933,Behala,East Kolkata,Kolkata,Regular,03-10-2024,29-09-2024,BLK_KOL_044,12,4228.92
KOL_CUST_002934,Ultadanga,North Kolkata,Kolkata,Regular,15-01-2024,24-12-2023,BLK_KOL_005,11,5002.92
KOL_CUST_002935,Esplanade,Central Kolkata,Kolkata,New,06-10-2024,10-09-2024,BLK_KOL_012,7,1819.24
KOL_CUST_002936,Rajarhat,Salt Lake & New Town,Kolkata,Regular,19-10-2024,02-10-2024,BLK_KOL_036,11,6350.22
KOL_CUST_002937,Behala,East Kolkata,Kolkata,Premium,27-02-2024,12-02-2024,BLK_KOL_044,12,4725.22
KOL_CUST_002938,Santragachi,Howrah District,Kolkata,New,05-02-2023,06-01-2023,BLK_KOL_052,3,1403.81
KOL_CUST_002939,Shyambazar,North Kolkata,Kolkata,New,06-02-2024,07-01-2024,BLK_KOL_001,10,3806.52
KOL_CUST_002940,Tollygunge,South Kolkata,Kolkata,Premium,23-09-2023,19-09-2023,BLK_KOL_027,9,5328.08
KOL_CUST_002941,Rajarhat,Salt Lake & New Town,Kolkata,Regular,05-08-2023,21-07-2023,BLK_KOL_035,11,5571.6
KOL_CUST_002942,Rajarhat,Salt Lake & New Town,Kolkata,Regular,27-11-2023,25-11-2023,BLK_KOL_034,5,3369.94
KOL_CUST_002943,Tollygunge,South Kolkata,Kolkata,Regular,02-05-2023,16-04-2023,BLK_KOL_026,9,6064.94
KOL_CUST_002944,B.B.D. Bagh,Central Kolkata,Kolkata,Regular,13-07-2024,03-07-2024,BLK_KOL_017,11,5580.23
KOL_CUST_002945,Baghbazar,North Kolkata,Kolkata,New,13-02-2024,27-01-2024,BLK_KOL_009,15,7693.45
KOL_CUST_002946,Tollygunge,South Kolkata,Kolkata,Regular,04-08-2024,18-07-2024,BLK_KOL_026,12,3608.89
KOL_CUST_002947,EM Bypass,East Kolkata,Kolkata,Regular,02-04-2023,31-03-2023,BLK_KOL_038,7,2716.04
KOL_CUST_002948,Rajarhat,Salt Lake & New Town,Kolkata,Regular,03-10-2023,07-09-2023,BLK_KOL_035,12,5859.93
KOL_CUST_002949,Kasba,East Kolkata,Kolkata,Premium,28-04-2023,30-03-2023,BLK_KOL_040,11,4896.95
KOL_CUST_002950,Gariahat,South Kolkata,Kolkata,Regular,10-07-2023,14-06-2023,BLK_KOL_024,5,2591.76
KOL_CUST_002951,Santragachi,Howrah District,Kolkata,Regular,23-05-2023,28-04-2023,BLK_KOL_053,9,7127.01
KOL_CUST_002952,EM Bypass,East Kolkata,Kolkata,Premium,09-01-2023,20-12-2022,BLK_KOL_038,9,6462.38
KOL_CUST_002953,Salt Lake,Salt Lake & New Town,Kolkata,Regular,11-07-2024,03-07-2024,BLK_KOL_028,15,7050.03
KOL_CUST_002954,Kasba,East Kolkata,Kolkata,Regular,15-04-2023,10-04-2023,BLK_KOL_042,11,3450.1
KOL_CUST_002955,Shyambazar,North Kolkata,Kolkata,Premium,12-06-2023,07-06-2023,BLK_KOL_002,14,5912.23
KOL_CUST_002956,Rajarhat,Salt Lake & New Town,Kolkata,Regular,31-07-2023,17-07-2023,BLK_KOL_035,12,3971.775
KOL_CUST_002957,Santragachi,Howrah District,Kolkata,New,20-03-2023,22-02-2023,BLK_KOL_053,11,5407.56
KOL_CUST_002958,Tollygunge,South Kolkata,Kolkata,Regular,05-03-2023,25-02-2023,BLK_KOL_025,7,3256.57
KOL_CUST_002959,Kasba,East Kolkata,Kolkata,Regular,23-07-2023,18-07-2023,BLK_KOL_042,10,4925.79
KOL_CUST_002960,Shibpur,Howrah District,Kolkata,Premium,11-02-2023,10-02-2023,BLK_KOL_049,12,7019.86
KOL_CUST_002961,Baghbazar,North Kolkata,Kolkata,Regular,26-10-2023,29-09-2023,BLK_KOL_009,7,2983.74
KOL_CUST_002962,Gariahat,South Kolkata,Kolkata,Regular,29-01-2023,23-01-2023,BLK_KOL_024,13,6142.89
KOL_CUST_002963,Ballygunge,South Kolkata,Kolkata,Regular,25-02-2024,09-02-2024,BLK_KOL_020,14,5730.47
KOL_CUST_002964,Shyambazar,North Kolkata,Kolkata,Premium,28-07-2023,19-07-2023,BLK_KOL_003,10,4500.11
KOL_CUST_002965,Shibpur,Howrah District,Kolkata,Regular,15-06-2023,23-05-2023,BLK_KOL_049,10,3863.2
KOL_CUST_002966,B.B.D. Bagh,Central Kolkata,Kolkata,Regular,13-07-2023,27-06-2023,BLK_KOL_016,6,2350.19
KOL_CUST_002967,Esplanade,Central Kolkata,Kolkata,Regular,07-08-2024,05-08-2024,BLK_KOL_011,8,4260.02
KOL_CUST_002968,Salt Lake,Salt Lake & New Town,Kolkata,Regular,15-02-2023,18-01-2023,BLK_KOL_030,6,3586.31
KOL_CUST_002969,Howrah,Howrah District,Kolkata,Regular,03-02-2024,29-01-2024,BLK_KOL_047,11,4651.58
KOL_CUST_002970,Santragachi,Howrah District,Kolkata,Regular,26-02-2023,08-02-2023,BLK_KOL_053,7,3152.64
KOL_CUST_002971,Shyambazar,North Kolkata,Kolkata,Regular,24-08-2024,19-08-2024,BLK_KOL_002,13,3769.67
KOL_CUST_002972,Baghbazar,North Kolkata,Kolkata,Regular,05-05-2023,01-05-2023,BLK_KOL_009,9,3827.92
KOL_CUST_002973,New Town,Salt Lake & New Town,Kolkata,Regular,20-07-2024,11-07-2024,BLK_KOL_031,8,5271.39
KOL_CUST_002974,Santragachi,Howrah District,Kolkata,Regular,07-05-2024,18-04-2024,BLK_KOL_053,5,2885.15
KOL_CUST_002975,Santragachi,Howrah District,Kolkata,Regular,18-03-2023,08-03-2023,BLK_KOL_052,4,2084.63
KOL_CUST_002976,Baghbazar,North Kolkata,Kolkata,Regular,04-02-2023,24-01-2023,BLK_KOL_008,7,3369.12
KOL_CUST_002977,Ultadanga,North Kolkata,Kolkata,Premium,22-01-2023,02-01-2023,BLK_KOL_004,10,2140.39
KOL_CUST_002978,Ultadanga,North Kolkata,Kolkata,New,01-09-2024,24-08-2024,BLK_KOL_006,11,5254.17
KOL_CUST_002979,EM Bypass,East Kolkata,Kolkata,Regular,23-01-2024,20-01-2024,BLK_KOL_038,11,6100.66
KOL_CUST_002980,Kasba,East Kolkata,Kolkata,Regular,01-02-2024,12-01-2024,BLK_KOL_040,11,6905.43
KOL_CUST_002981,Santragachi,Howrah District,Kolkata,Regular,16-04-2024,08-04-2024,BLK_KOL_052,8,3167.22
KOL_CUST_002982,Park Street,Central Kolkata,Kolkata,Regular,09-02-2023,28-01-2023,BLK_KOL_013,4,2241.85
KOL_CUST_002983,EM Bypass,East Kolkata,Kolkata,Premium,07-11-2023,17-10-2023,BLK_KOL_038,12,5708.94
KOL_CUST_002984,Salt Lake,Salt Lake & New Town,Kolkata,Regular,01-06-2024,13-05-2024,BLK_KOL_029,6,2348.45
KOL_CUST_002985,Ultadanga,North Kolkata,Kolkata,New,24-05-2023,02-05-2023,BLK_KOL_004,12,5990.44
KOL_CUST_002986,Santragachi,Howrah District,Kolkata,Regular,08-08-2024,06-08-2024,BLK_KOL_052,5,2456.94
KOL_CUST_002987,Kasba,East Kolkata,Kolkata,Regular,25-11-2023,26-10-2023,BLK_KOL_040,6,2699.08
KOL_CUST_002988,Kasba,East Kolkata,Kolkata,Regular,07-09-2024,27-08-2024,BLK_KOL_040,5,2408.56
KOL_CUST_002989,Shyambazar,North Kolkata,Kolkata,Regular,28-06-2023,20-06-2023,BLK_KOL_001,8,3059.46
KOL_CUST_002990,Shibpur,Howrah District,Kolkata,Regular,15-01-2024,07-01-2024,BLK_KOL_050,11,5208.95
KOL_CUST_002991,Rajarhat,Salt Lake & New Town,Kolkata,New,09-05-2023,13-04-2023,BLK_KOL_036,9,3402.23
KOL_CUST_002992,B.B.D. Bagh,Central Kolkata,Kolkata,Regular,21-06-2024,19-06-2024,BLK_KOL_018,9,4332.51
KOL_CUST_002993,New Town,Salt Lake & New Town,Kolkata,Regular,26-06-2024,24-06-2024,BLK_KOL_031,6,1919.94
KOL_CUST_002994,Kasba,East Kolkata,Kolkata,Premium,29-08-2023,24-08-2023,BLK_KOL_040,8,2857.96
KOL_CUST_002995,Behala,East Kolkata,Kolkata,Regular,02-04-2023,17-03-2023,BLK_KOL_043,11,5881.63
KOL_CUST_002996,Park Street,Central Kolkata,Kolkata,Regular,04-02-2024,31-01-2024,BLK_KOL_013,8,3087.72
KOL_CUST_002997,Tollygunge,South Kolkata,Kolkata,Premium,21-02-2024,22-01-2024,BLK_KOL_027,12,6253.43
KOL_CUST_002998,Shibpur,Howrah District,Kolkata,Regular,08-05-2024,21-04-2024,BLK_KOL_049,6,4005.08
KOL_CUST_002999,Ultadanga,North Kolkata,Kolkata,Premium,03-03-2023,15-02-2023,BLK_KOL_006,14,6540.87
KOL_CUST_003000,EM Bypass,East Kolkata,Kolkata,New,24-03-2023,19-03-2023,BLK_KOL_037,7,2187.92
KOL_CUST_003001,Baghbazar,North Kolkata,Kolkata,New,01-02-2023,20-01-2023,BLK_KOL_007,9,4909.81
KOL_CUST_003002,Shyambazar,North Kolkata,Kolkata,Regular,19-05-2024,26-04-2024,BLK_KOL_002,6,2839.37
KOL_CUST_003003,Tollygunge,South Kolkata,Kolkata,Premium,05-08-2024,12-07-2024,BLK_KOL_026,13,5043.89
KOL_CUST_003004,B.B.D. Bagh,Central Kolkata,Kolkata,Regular,07-03-2023,11-02-2023,BLK_KOL_016,7,3979.78
KOL_CUST_003005,Howrah,Howrah District,Kolkata,Regular,26-04-2023,07-04-2023,BLK_KOL_047,15,8464.1
KOL_CUST_003006,Santragachi,Howrah District,Kolkata,Regular,22-02-2023,26-01-2023,BLK_KOL_052,10,3309.38
KOL_CUST_003007,Rajarhat,Salt Lake & New Town,Kolkata,Premium,20-09-2024,15-09-2024,BLK_KOL_035,12,6526.38
KOL_CUST_003008,Santragachi,Howrah District,Kolkata,Regular,29-04-2024,31-03-2024,BLK_KOL_053,12,5339.6
KOL_CUST_003009,Tollygunge,South Kolkata,Kolkata,Regular,27-04-2023,06-04-2023,BLK_KOL_027,7,4354.53
KOL_CUST_003010,Behala,East Kolkata,Kolkata,New,19-09-2023,22-08-2023,BLK_KOL_044,9,5473.3
KOL_CUST_003011,Esplanade,Central Kolkata,Kolkata,Premium,25-08-2023,02-08-2023,BLK_KOL_011,15,7835.22
KOL_CUST_003012,Salt Lake,Salt Lake & New Town,Kolkata,Regular,08-09-2024,19-08-2024,BLK_KOL_030,5,2599.94
KOL_CUST_003013,Baghbazar,North Kolkata,Kolkata,Regular,13-05-2023,05-05-2023,BLK_KOL_008,7,3165.25
KOL_CUST_003014,B.B.D. Bagh,Central Kolkata,Kolkata,Premium,17-11-2023,21-10-2023,BLK_KOL_018,14,7364.18
KOL_CUST_003015,EM Bypass,East Kolkata,Kolkata,New,07-02-2024,26-01-2024,BLK_KOL_037,13,7688.7
KOL_CUST_003016,Santragachi,Howrah District,Kolkata,Regular,29-10-2023,16-10-2023,BLK_KOL_053,9,3708.18
KOL_CUST_003017,Ultadanga,North Kolkata,Kolkata,Premium,11-01-2023,29-12-2022,BLK_KOL_004,10,5794.015
KOL_CUST_003018,Gariahat,South Kolkata,Kolkata,Regular,26-02-2023,21-02-2023,BLK_KOL_023,11,2961.555
KOL_CUST_003019,Gariahat,South Kolkata,Kolkata,New,07-08-2023,06-08-2023,BLK_KOL_022,13,6022.27
KOL_CUST_003020,Esplanade,Central Kolkata,Kolkata,Regular,14-05-2023,27-04-2023,BLK_KOL_011,8,3769.62
KOL_CUST_003021,Baghbazar,North Kolkata,Kolkata,New,25-06-2024,16-06-2024,BLK_KOL_009,12,5446.03
KOL_CUST_003022,Rajarhat,Salt Lake & New Town,Kolkata,Premium,28-04-2023,10-04-2023,BLK_KOL_034,14,6174.13
KOL_CUST_003023,Santragachi,Howrah District,Kolkata,Regular,03-02-2024,14-01-2024,BLK_KOL_052,14,5320.06
KOL_CUST_003024,Santragachi,Howrah District,Kolkata,Regular,08-01-2023,14-12-2022,BLK_KOL_052,12,9684.87
KOL_CUST_003025,New Town,Salt Lake & New Town,Kolkata,Premium,31-01-2023,13-01-2023,BLK_KOL_031,9,3540.24
KOL_CUST_003026,Shibpur,Howrah District,Kolkata,New,25-07-2023,01-07-2023,BLK_KOL_049,6,2531.65
KOL_CUST_003027,Kasba,East Kolkata,Kolkata,Regular,27-09-2024,22-09-2024,BLK_KOL_040,16,6966.71
KOL_CUST_003028,Ultadanga,North Kolkata,Kolkata,Regular,24-06-2023,01-06-2023,BLK_KOL_005,17,8642.44
KOL_CUST_003029,Howrah,Howrah District,Kolkata,Regular,16-04-2023,07-04-2023,BLK_KOL_047,7,2945.585
KOL_CUST_003030,Ultadanga,North Kolkata,Kolkata,Regular,03-10-2024,20-09-2024,BLK_KOL_006,19,9400.7
KOL_CUST_003031,B.B.D. Bagh,Central Kolkata,Kolkata,Regular,20-08-2023,30-07-2023,BLK_KOL_016,6,2788.51
KOL_CUST_003032,Behala,East Kolkata,Kolkata,Regular,04-08-2023,09-07-2023,BLK_KOL_043,6,2597.83
KOL_CUST_003033,Esplanade,Central Kolkata,Kolkata,Regular,08-10-2024,25-09-2024,BLK_KOL_012,9,3682.62
KOL_CUST_003034,B.B.D. Bagh,Central Kolkata,Kolkata,Regular,17-10-2024,11-10-2024,BLK_KOL_018,8,3546.23
KOL_CUST_003035,Shibpur,Howrah District,Kolkata,Regular,22-10-2024,15-10-2024,BLK_KOL_051,9,3272.02
KOL_CUST_003036,Esplanade,Central Kolkata,Kolkata,Premium,04-10-2023,26-09-2023,BLK_KOL_011,11,4772
KOL_CUST_003037,Shyambazar,North Kolkata,Kolkata,Regular,10-03-2023,24-02-2023,BLK_KOL_003,4,1759.12
KOL_CUST_003038,Ultadanga,North Kolkata,Kolkata,Regular,17-09-2024,28-08-2024,BLK_KOL_004,6,1735.22
KOL_CUST_003039,Santragachi,Howrah District,Kolkata,Regular,03-09-2024,30-08-2024,BLK_KOL_052,7,2663.37
KOL_CUST_003040,Baghbazar,North Kolkata,Kolkata,Regular,06-04-2024,11-03-2024,BLK_KOL_009,6,2343.46
KOL_CUST_003041,Ultadanga,North Kolkata,Kolkata,New,30-04-2024,20-04-2024,BLK_KOL_004,9,3815.49
KOL_CUST_003042,Gariahat,South Kolkata,Kolkata,Regular,13-02-2024,19-01-2024,BLK_KOL_022,8,3730.835
KOL_CUST_003043,Howrah,Howrah District,Kolkata,Regular,24-02-2023,17-02-2023,BLK_KOL_048,10,4880.38
KOL_CUST_003044,Kasba,East Kolkata,Kolkata,Regular,10-06-2024,15-05-2024,BLK_KOL_041,7,2436.69
KOL_CUST_003045,Shyambazar,North Kolkata,Kolkata,Regular,24-11-2023,30-10-2023,BLK_KOL_001,8,3937.35
KOL_CUST_003046,B.B.D. Bagh,Central Kolkata,Kolkata,New,13-07-2023,19-06-2023,BLK_KOL_018,5,2418
KOL_CUST_003047,Behala,East Kolkata,Kolkata,Premium,18-06-2024,26-05-2024,BLK_KOL_043,5,2360.2
KOL_CUST_003048,Kasba,East Kolkata,Kolkata,Regular,18-07-2024,15-07-2024,BLK_KOL_040,15,6527.5
KOL_CUST_003049,EM Bypass,East Kolkata,Kolkata,New,02-06-2024,10-05-2024,BLK_KOL_037,10,2585.12
KOL_CUST_003050,Gariahat,South Kolkata,Kolkata,Regular,01-01-2024,14-12-2023,BLK_KOL_024,12,4973.2
KOL_CUST_003051,EM Bypass,East Kolkata,Kolkata,Regular,17-05-2024,01-05-2024,BLK_KOL_038,13,6232.17
KOL_CUST_003052,Shyambazar,North Kolkata,Kolkata,Regular,18-02-2023,04-02-2023,BLK_KOL_002,9,5317.5
KOL_CUST_003053,Ballygunge,South Kolkata,Kolkata,Regular,21-09-2023,28-08-2023,BLK_KOL_019,8,2310.48
KOL_CUST_003054,EM Bypass,East Kolkata,Kolkata,Regular,26-01-2023,25-01-2023,BLK_KOL_038,6,3921.32
KOL_CUST_003055,Santragachi,Howrah District,Kolkata,Regular,21-02-2023,31-01-2023,BLK_KOL_054,10,4341.5
KOL_CUST_003056,Howrah,Howrah District,Kolkata,Regular,08-01-2023,19-12-2022,BLK_KOL_048,10,3755.04
KOL_CUST_003057,Shyambazar,North Kolkata,Kolkata,Regular,03-02-2023,22-01-2023,BLK_KOL_003,8,6556.37
KOL_CUST_003058,Baghbazar,North Kolkata,Kolkata,Premium,23-05-2023,03-05-2023,BLK_KOL_009,10,3825.84
KOL_CUST_003059,Shyambazar,North Kolkata,Kolkata,Regular,08-03-2024,14-02-2024,BLK_KOL_003,5,2327.82
KOL_CUST_003060,Rajarhat,Salt Lake & New Town,Kolkata,Regular,13-01-2023,26-12-2022,BLK_KOL_035,2,1656.87
KOL_CUST_003061,B.B.D. Bagh,Central Kolkata,Kolkata,New,01-07-2023,13-06-2023,BLK_KOL_018,11,5610.64
KOL_CUST_003062,Rajarhat,Salt Lake & New Town,Kolkata,Regular,07-02-2024,26-01-2024,BLK_KOL_035,4,2799.43
KOL_CUST_003063,New Town,Salt Lake & New Town,Kolkata,Regular,01-03-2024,15-02-2024,BLK_KOL_032,11,3859.65
KOL_CUST_003064,Baghbazar,North Kolkata,Kolkata,Regular,11-03-2024,27-02-2024,BLK_KOL_008,8,2524.15
KOL_CUST_003065,Baghbazar,North Kolkata,Kolkata,Regular,06-01-2023,28-12-2022,BLK_KOL_009,8,2980.41
KOL_CUST_003066,EM Bypass,East Kolkata,Kolkata,Regular,11-08-2024,05-08-2024,BLK_KOL_039,10,4396.32
KOL_CUST_003067,Howrah,Howrah District,Kolkata,Premium,05-02-2023,03-02-2023,BLK_KOL_048,8,4873.02
KOL_CUST_003068,Tollygunge,South Kolkata,Kolkata,Regular,06-07-2024,01-07-2024,BLK_KOL_027,11,4107.24
KOL_CUST_003069,Santragachi,Howrah District,Kolkata,Regular,05-07-2023,08-06-2023,BLK_KOL_053,6,2283.58
KOL_CUST_003070,New Town,Salt Lake & New Town,Kolkata,Premium,19-03-2023,19-02-2023,BLK_KOL_033,9,3838.08
KOL_CUST_003071,Park Street,Central Kolkata,Kolkata,Regular,06-07-2024,05-07-2024,BLK_KOL_014,6,3359.95
KOL_CUST_003072,Shyambazar,North Kolkata,Kolkata,Premium,26-01-2024,13-01-2024,BLK_KOL_001,9,3557.32
KOL_CUST_003073,New Town,Salt Lake & New Town,Kolkata,Regular,05-11-2023,29-10-2023,BLK_KOL_031,8,4776.21
KOL_CUST_003074,Tollygunge,South Kolkata,Kolkata,New,28-08-2024,11-08-2024,BLK_KOL_026,12,3506.64
KOL_CUST_003075,Santragachi,Howrah District,Kolkata,Premium,23-05-2024,20-05-2024,BLK_KOL_053,11,6189.955
KOL_CUST_003076,Shibpur,Howrah District,Kolkata,Regular,21-07-2023,13-07-2023,BLK_KOL_049,13,5877.47
KOL_CUST_003077,Kasba,East Kolkata,Kolkata,New,28-02-2023,02-02-2023,BLK_KOL_041,9,5691.18
KOL_CUST_003078,Shyambazar,North Kolkata,Kolkata,Regular,02-11-2023,15-10-2023,BLK_KOL_002,11,4322.9
KOL_CUST_003079,Ultadanga,North Kolkata,Kolkata,Regular,11-02-2023,10-02-2023,BLK_KOL_006,10,3088.91
KOL_CUST_003080,Behala,East Kolkata,Kolkata,New,25-02-2024,03-02-2024,BLK_KOL_044,8,2702.64
KOL_CUST_003081,B.B.D. Bagh,Central Kolkata,Kolkata,Regular,10-11-2023,02-11-2023,BLK_KOL_018,10,4460.59
KOL_CUST_003082,Behala,East Kolkata,Kolkata,Premium,14-02-2023,12-02-2023,BLK_KOL_043,7,2189.06
KOL_CUST_003083,Baghbazar,North Kolkata,Kolkata,Regular,09-06-2024,08-06-2024,BLK_KOL_007,7,1759.6
KOL_CUST_003084,Tollygunge,South Kolkata,Kolkata,New,14-02-2024,26-01-2024,BLK_KOL_025,7,4125.74
KOL_CUST_003085,Santragachi,Howrah District,Kolkata,Regular,30-05-2024,09-05-2024,BLK_KOL_053,11,5215.11
KOL_CUST_003086,Shibpur,Howrah District,Kolkata,Regular,02-02-2023,26-01-2023,BLK_KOL_049,10,5196.16
KOL_CUST_003087,Kasba,East Kolkata,Kolkata,Regular,01-02-2023,16-01-2023,BLK_KOL_040,11,4234.74
KOL_CUST_003088,Kasba,East Kolkata,Kolkata,New,15-02-2024,20-01-2024,BLK_KOL_042,13,7648.13
KOL_CUST_003089,Park Street,Central Kolkata,Kolkata,Regular,13-04-2024,18-03-2024,BLK_KOL_013,6,3408.71
KOL_CUST_003090,Ballygunge,South Kolkata,Kolkata,Premium,06-02-2024,26-01-2024,BLK_KOL_020,8,2317.25
KOL_CUST_003091,Rajarhat,Salt Lake & New Town,Kolkata,Regular,25-07-2024,19-07-2024,BLK_KOL_034,14,6907.83
KOL_CUST_003092,Salt Lake,Salt Lake & New Town,Kolkata,Regular,01-06-2023,15-05-2023,BLK_KOL_028,9,4515.28
KOL_CUST_003093,Gariahat,South Kolkata,Kolkata,Regular,16-09-2023,14-09-2023,BLK_KOL_024,12,6902.27
KOL_CUST_003094,Tollygunge,South Kolkata,Kolkata,Premium,10-08-2024,27-07-2024,BLK_KOL_025,7,4950.92
KOL_CUST_003095,Santragachi,Howrah District,Kolkata,New,27-07-2023,27-06-2023,BLK_KOL_054,13,6419.13
KOL_CUST_003096,Ballygunge,South Kolkata,Kolkata,Regular,03-09-2023,26-08-2023,BLK_KOL_019,17,9306.31
KOL_CUST_003097,Salt Lake,Salt Lake & New Town,Kolkata,Regular,23-09-2023,12-09-2023,BLK_KOL_028,12,7153.41
KOL_CUST_003098,Behala,East Kolkata,Kolkata,Regular,21-05-2024,08-05-2024,BLK_KOL_043,8,4104.76
KOL_CUST_003099,New Town,Salt Lake & New Town,Kolkata,New,30-05-2023,24-05-2023,BLK_KOL_031,7,2522.33
KOL_CUST_003100,B.B.D. Bagh,Central Kolkata,Kolkata,Regular,05-01-2024,18-12-2023,BLK_KOL_017,9,5076.77
KOL_CUST_003101,New Town,Salt Lake & New Town,Kolkata,Regular,25-03-2023,15-03-2023,BLK_KOL_032,10,4741.49
KOL_CUST_003102,Esplanade,Central Kolkata,Kolkata,New,21-02-2024,17-02-2024,BLK_KOL_011,20,9258.27
KOL_CUST_003103,Shibpur,Howrah District,Kolkata,Regular,18-02-2024,27-01-2024,BLK_KOL_049,19,6719.565
KOL_CUST_003104,New Town,Salt Lake & New Town,Kolkata,Regular,15-08-2024,13-08-2024,BLK_KOL_032,12,5789.07
KOL_CUST_003105,B.B.D. Bagh,Central Kolkata,Kolkata,Regular,20-11-2023,31-10-2023,BLK_KOL_017,11,7058.57
KOL_CUST_003106,Gariahat,South Kolkata,Kolkata,Regular,18-07-2023,15-07-2023,BLK_KOL_024,6,3451.045
KOL_CUST_003107,Shyambazar,North Kolkata,Kolkata,Premium,10-03-2024,10-02-2024,BLK_KOL_001,6,3383.44
KOL_CUST_003108,Rajarhat,Salt Lake & New Town,Kolkata,Premium,31-01-2024,03-01-2024,BLK_KOL_035,4,2107.66
KOL_CUST_003109,Ultadanga,North Kolkata,Kolkata,Regular,07-10-2023,09-09-2023,BLK_KOL_004,9,4514.63
KOL_CUST_003110,B.B.D. Bagh,Central Kolkata,Kolkata,New,26-06-2024,05-06-2024,BLK_KOL_017,5,3211.64
KOL_CUST_003111,Tollygunge,South Kolkata,Kolkata,Regular,20-01-2023,05-01-2023,BLK_KOL_025,15,6216.52
KOL_CUST_003112,Howrah,Howrah District,Kolkata,Regular,20-04-2023,23-03-2023,BLK_KOL_048,12,3561.42
KOL_CUST_003113,Santragachi,Howrah District,Kolkata,Regular,04-06-2023,16-05-2023,BLK_KOL_053,8,5676.93
KOL_CUST_003114,Shyambazar,North Kolkata,Kolkata,Premium,03-02-2024,21-01-2024,BLK_KOL_001,19,6688.83
KOL_CUST_003115,Ballygunge,South Kolkata,Kolkata,Regular,07-01-2024,09-12-2023,BLK_KOL_020,13,6407.76
KOL_CUST_003116,Shyambazar,North Kolkata,Kolkata,New,29-09-2023,31-08-2023,BLK_KOL_002,7,3346.4
KOL_CUST_003117,Ultadanga,North Kolkata,Kolkata,Premium,10-07-2023,22-06-2023,BLK_KOL_006,12,4333.51
KOL_CUST_003118,Esplanade,Central Kolkata,Kolkata,New,21-06-2024,01-06-2024,BLK_KOL_010,14,4144.05
KOL_CUST_003119,Santragachi,Howrah District,Kolkata,New,31-07-2023,09-07-2023,BLK_KOL_054,7,3938.57
KOL_CUST_003120,Park Street,Central Kolkata,Kolkata,Premium,18-05-2023,16-05-2023,BLK_KOL_014,6,3326.7
KOL_CUST_003121,Howrah,Howrah District,Kolkata,Premium,10-02-2023,09-02-2023,BLK_KOL_046,9,4055.95
KOL_CUST_003122,Kasba,East Kolkata,Kolkata,Premium,07-10-2024,19-09-2024,BLK_KOL_040,4,1927.07
KOL_CUST_003123,Behala,East Kolkata,Kolkata,Regular,10-11-2023,12-10-2023,BLK_KOL_044,10,4870.41
KOL_CUST_003124,Howrah,Howrah District,Kolkata,Regular,29-09-2023,22-09-2023,BLK_KOL_047,9,6895.62
KOL_CUST_003125,Salt Lake,Salt Lake & New Town,Kolkata,New,25-05-2023,24-05-2023,BLK_KOL_029,10,3310.48
KOL_CUST_003126,Howrah,Howrah District,Kolkata,Regular,13-09-2023,12-09-2023,BLK_KOL_047,10,4046.64
KOL_CUST_003127,Rajarhat,Salt Lake & New Town,Kolkata,Regular,07-02-2024,25-01-2024,BLK_KOL_034,8,4600.51
KOL_CUST_003128,Park Street,Central Kolkata,Kolkata,Regular,04-04-2024,20-03-2024,BLK_KOL_013,7,3616.51
KOL_CUST_003129,B.B.D. Bagh,Central Kolkata,Kolkata,Premium,15-01-2023,27-12-2022,BLK_KOL_017,11,4673.38
KOL_CUST_003130,Park Street,Central Kolkata,Kolkata,Regular,11-08-2023,14-07-2023,BLK_KOL_015,11,4370.29
KOL_CUST_003131,Shyambazar,North Kolkata,Kolkata,Regular,17-01-2024,27-12-2023,BLK_KOL_003,12,5168.14
KOL_CUST_003132,Kasba,East Kolkata,Kolkata,Regular,24-01-2024,23-01-2024,BLK_KOL_042,17,12166.34
KOL_CUST_003133,Santragachi,Howrah District,Kolkata,Regular,05-05-2023,27-04-2023,BLK_KOL_052,10,4084.51
KOL_CUST_003134,Esplanade,Central Kolkata,Kolkata,Regular,15-05-2023,19-04-2023,BLK_KOL_012,13,5994.32
KOL_CUST_003135,Shyambazar,North Kolkata,Kolkata,New,14-06-2023,15-05-2023,BLK_KOL_002,12,7084.99
KOL_CUST_003136,New Town,Salt Lake & New Town,Kolkata,Regular,15-10-2024,27-09-2024,BLK_KOL_033,3,1332.17
KOL_CUST_003137,B.B.D. Bagh,Central Kolkata,Kolkata,Regular,02-02-2023,08-01-2023,BLK_KOL_017,12,8457.25
KOL_CUST_003138,B.B.D. Bagh,Central Kolkata,Kolkata,New,06-08-2023,29-07-2023,BLK_KOL_016,6,2506.52
KOL_CUST_003139,B.B.D. Bagh,Central Kolkata,Kolkata,Regular,13-03-2024,01-03-2024,BLK_KOL_017,4,2338.86
KOL_CUST_003140,Baghbazar,North Kolkata,Kolkata,New,09-04-2023,17-03-2023,BLK_KOL_007,5,2303.82
KOL_CUST_003141,Shyambazar,North Kolkata,Kolkata,Premium,28-02-2024,16-02-2024,BLK_KOL_002,8,4578.38
KOL_CUST_003142,Gariahat,South Kolkata,Kolkata,Premium,08-10-2024,01-10-2024,BLK_KOL_022,12,6423.43
KOL_CUST_003143,B.B.D. Bagh,Central Kolkata,Kolkata,Regular,25-01-2023,19-01-2023,BLK_KOL_018,9,4649.65
KOL_CUST_003144,Shibpur,Howrah District,Kolkata,Regular,24-09-2024,08-09-2024,BLK_KOL_051,5,2806.68
KOL_CUST_003145,Rajarhat,Salt Lake & New Town,Kolkata,Premium,24-04-2023,20-04-2023,BLK_KOL_036,11,7494.17
KOL_CUST_003146,Ballygunge,South Kolkata,Kolkata,Regular,15-06-2023,12-06-2023,BLK_KOL_020,12,8115.64
KOL_CUST_003147,New Town,Salt Lake & New Town,Kolkata,Regular,09-04-2023,24-03-2023,BLK_KOL_032,7,3453.19
KOL_CUST_003148,Esplanade,Central Kolkata,Kolkata,Premium,13-03-2023,11-03-2023,BLK_KOL_010,8,4292.09
KOL_CUST_003149,New Town,Salt Lake & New Town,Kolkata,Regular,02-09-2024,07-08-2024,BLK_KOL_033,13,7363.29
KOL_CUST_003150,Ballygunge,South Kolkata,Kolkata,Regular,24-05-2023,19-05-2023,BLK_KOL_019,9,5681.14
KOL_CUST_003151,Howrah,Howrah District,Kolkata,Regular,17-09-2024,19-08-2024,BLK_KOL_047,13,5151.92
KOL_CUST_003152,Ultadanga,North Kolkata,Kolkata,Premium,20-09-2024,27-08-2024,BLK_KOL_006,10,5522.97
KOL_CUST_003153,B.B.D. Bagh,Central Kolkata,Kolkata,Regular,03-09-2023,14-08-2023,BLK_KOL_018,12,5171.26
KOL_CUST_003154,Park Street,Central Kolkata,Kolkata,Premium,27-04-2024,22-04-2024,BLK_KOL_013,7,2505.49
KOL_CUST_003155,Baghbazar,North Kolkata,Kolkata,New,28-03-2023,07-03-2023,BLK_KOL_008,12,6993.5
KOL_CUST_003156,Park Street,Central Kolkata,Kolkata,Regular,25-09-2024,22-09-2024,BLK_KOL_013,9,5208.12
KOL_CUST_003157,Rajarhat,Salt Lake & New Town,Kolkata,Regular,24-08-2023,02-08-2023,BLK_KOL_035,14,5990.56
KOL_CUST_003158,Shyambazar,North Kolkata,Kolkata,Regular,12-01-2023,10-01-2023,BLK_KOL_002,8,2958.67
KOL_CUST_003159,Park Street,Central Kolkata,Kolkata,Premium,26-09-2023,11-09-2023,BLK_KOL_014,9,5763.54
KOL_CUST_003160,Park Street,Central Kolkata,Kolkata,Regular,22-02-2024,30-01-2024,BLK_KOL_015,10,5199.28
KOL_CUST_003161,Park Street,Central Kolkata,Kolkata,Regular,03-05-2023,01-05-2023,BLK_KOL_015,9,5721.5
KOL_CUST_003162,EM Bypass,East Kolkata,Kolkata,Regular,03-11-2023,08-10-2023,BLK_KOL_038,13,4957.41
KOL_CUST_003163,Behala,East Kolkata,Kolkata,Regular,03-06-2023,15-05-2023,BLK_KOL_043,10,3207.11
KOL_CUST_003164,Santragachi,Howrah District,Kolkata,Regular,27-10-2023,06-10-2023,BLK_KOL_052,4,2270.86
KOL_CUST_003165,Baghbazar,North Kolkata,Kolkata,Regular,26-10-2023,13-10-2023,BLK_KOL_007,7,3886.02
KOL_CUST_003166,Ultadanga,North Kolkata,Kolkata,Regular,22-03-2024,05-03-2024,BLK_KOL_005,5,1683.37
KOL_CUST_003167,Shyambazar,North Kolkata,Kolkata,Regular,28-02-2023,25-02-2023,BLK_KOL_001,6,4226.52
KOL_CUST_003168,EM Bypass,East Kolkata,Kolkata,Premium,15-02-2023,18-01-2023,BLK_KOL_038,7,2306.18
KOL_CUST_003169,Esplanade,Central Kolkata,Kolkata,Regular,25-11-2023,13-11-2023,BLK_KOL_011,10,3805.85
KOL_CUST_003170,Rajarhat,Salt Lake & New Town,Kolkata,Regular,01-08-2024,02-07-2024,BLK_KOL_034,7,3516.48
KOL_CUST_003171,Ultadanga,North Kolkata,Kolkata,New,15-05-2023,12-05-2023,BLK_KOL_005,6,3769.16
KOL_CUST_003172,EM Bypass,East Kolkata,Kolkata,Regular,02-11-2023,23-10-2023,BLK_KOL_037,7,2919.85
KOL_CUST_003173,Tollygunge,South Kolkata,Kolkata,Regular,14-11-2023,31-10-2023,BLK_KOL_025,15,7121.37
KOL_CUST_003174,Ballygunge,South Kolkata,Kolkata,Regular,06-04-2024,18-03-2024,BLK_KOL_020,10,3455.31
KOL_CUST_003175,Shyambazar,North Kolkata,Kolkata,Regular,27-01-2023,12-01-2023,BLK_KOL_002,8,3841.28
KOL_CUST_003176,B.B.D. Bagh,Central Kolkata,Kolkata,New,24-04-2023,20-04-2023,BLK_KOL_018,10,3537.95
KOL_CUST_003177,Park Street,Central Kolkata,Kolkata,Regular,06-05-2023,06-04-2023,BLK_KOL_013,10,5079.53
KOL_CUST_003178,New Town,Salt Lake & New Town,Kolkata,Regular,11-10-2024,02-10-2024,BLK_KOL_031,7,2827.1
KOL_CUST_003179,Esplanade,Central Kolkata,Kolkata,Regular,19-09-2024,17-09-2024,BLK_KOL_011,12,4671.22
KOL_CUST_003180,Howrah,Howrah District,Kolkata,Regular,20-02-2024,21-01-2024,BLK_KOL_046,13,6539.62
KOL_CUST_003181,Gariahat,South Kolkata,Kolkata,Regular,13-02-2024,25-01-2024,BLK_KOL_022,12,6580.79
KOL_CUST_003182,Tollygunge,South Kolkata,Kolkata,Regular,19-02-2023,11-02-2023,BLK_KOL_026,7,3670.35
KOL_CUST_003183,Salt Lake,Salt Lake & New Town,Kolkata,New,05-04-2024,14-03-2024,BLK_KOL_030,10,3242.19
KOL_CUST_003184,Santragachi,Howrah District,Kolkata,Regular,30-07-2023,23-07-2023,BLK_KOL_052,13,6731.17
KOL_CUST_003185,Ultadanga,North Kolkata,Kolkata,Premium,03-05-2024,10-04-2024,BLK_KOL_005,8,2804.17
KOL_CUST_003186,Shibpur,Howrah District,Kolkata,Regular,18-11-2023,25-10-2023,BLK_KOL_049,7,2902.17
KOL_CUST_003187,Behala,East Kolkata,Kolkata,New,18-07-2024,29-06-2024,BLK_KOL_045,11,5185.34
KOL_CUST_003188,Howrah,Howrah District,Kolkata,Regular,14-04-2023,22-03-2023,BLK_KOL_046,11,6146.54
KOL_CUST_003189,Tollygunge,South Kolkata,Kolkata,New,20-06-2024,08-06-2024,BLK_KOL_025,15,6469.25
KOL_CUST_003190,Kasba,East Kolkata,Kolkata,New,05-04-2023,27-03-2023,BLK_KOL_040,13,5739.84
KOL_CUST_003191,Shibpur,Howrah District,Kolkata,Regular,31-10-2023,02-10-2023,BLK_KOL_051,13,4647.87
KOL_CUST_003192,Baghbazar,North Kolkata,Kolkata,Regular,09-07-2023,21-06-2023,BLK_KOL_007,6,4241.77
KOL_CUST_003193,Shyambazar,North Kolkata,Kolkata,New,20-01-2023,10-01-2023,BLK_KOL_002,6,1744.6
KOL_CUST_003194,New Town,Salt Lake & New Town,Kolkata,Regular,12-05-2023,01-05-2023,BLK_KOL_031,6,2845.21
KOL_CUST_003195,Rajarhat,Salt Lake & New Town,Kolkata,Regular,13-05-2023,28-04-2023,BLK_KOL_034,6,3392.29
KOL_CUST_003196,Gariahat,South Kolkata,Kolkata,Premium,14-07-2023,02-07-2023,BLK_KOL_023,10,6010.94
KOL_CUST_003197,Esplanade,Central Kolkata,Kolkata,Premium,19-05-2023,22-04-2023,BLK_KOL_010,8,3281.25
KOL_CUST_003198,Tollygunge,South Kolkata,Kolkata,Premium,25-10-2024,29-09-2024,BLK_KOL_025,12,4994.335
KOL_CUST_003199,Kasba,East Kolkata,Kolkata,Regular,03-06-2024,05-05-2024,BLK_KOL_040,11,4896.93
KOL_CUST_003200,Ultadanga,North Kolkata,Kolkata,Regular,05-05-2023,10-04-2023,BLK_KOL_005,11,5130.55
KOL_CUST_003201,Esplanade,Central Kolkata,Kolkata,Premium,10-01-2024,20-12-2023,BLK_KOL_010,13,6835.7
KOL_CUST_003202,Esplanade,Central Kolkata,Kolkata,Regular,06-03-2023,04-02-2023,BLK_KOL_010,12,5315.5
KOL_CUST_003203,Esplanade,Central Kolkata,Kolkata,Regular,24-02-2023,25-01-2023,BLK_KOL_010,6,3991.94
KOL_CUST_003204,Tollygunge,South Kolkata,Kolkata,Regular,17-08-2023,26-07-2023,BLK_KOL_027,3,936.4
KOL_CUST_003205,B.B.D. Bagh,Central Kolkata,Kolkata,Regular,19-03-2023,10-03-2023,BLK_KOL_016,11,3378.74
KOL_CUST_003206,Howrah,Howrah District,Kolkata,Premium,23-03-2023,17-03-2023,BLK_KOL_048,7,3807.04
KOL_CUST_003207,Shyambazar,North Kolkata,Kolkata,Regular,29-07-2024,30-06-2024,BLK_KOL_001,6,3455.12
KOL_CUST_003208,Park Street,Central Kolkata,Kolkata,Regular,19-04-2023,14-04-2023,BLK_KOL_014,11,6025.465
KOL_CUST_003209,EM Bypass,East Kolkata,Kolkata,Premium,27-07-2024,12-07-2024,BLK_KOL_039,6,1381.25
KOL_CUST_003210,Tollygunge,South Kolkata,Kolkata,New,24-01-2024,03-01-2024,BLK_KOL_026,6,3447.94
KOL_CUST_003211,Park Street,Central Kolkata,Kolkata,Premium,01-10-2024,01-09-2024,BLK_KOL_013,4,962.96
KOL_CUST_003212,New Town,Salt Lake & New Town,Kolkata,Premium,24-01-2024,25-12-2023,BLK_KOL_032,7,3356.43
KOL_CUST_003213,B.B.D. Bagh,Central Kolkata,Kolkata,Regular,03-02-2024,23-01-2024,BLK_KOL_018,11,4854.5
KOL_CUST_003214,Ballygunge,South Kolkata,Kolkata,Regular,19-11-2023,11-11-2023,BLK_KOL_021,10,6740.915
KOL_CUST_003215,Esplanade,Central Kolkata,Kolkata,Regular,21-04-2024,04-04-2024,BLK_KOL_010,10,5964.065
KOL_CUST_003216,Baghbazar,North Kolkata,Kolkata,New,09-09-2023,02-09-2023,BLK_KOL_007,4,1187.79
KOL_CUST_003217,EM Bypass,East Kolkata,Kolkata,Regular,28-06-2024,11-06-2024,BLK_KOL_037,9,4782.34
KOL_CUST_003218,B.B.D. Bagh,Central Kolkata,Kolkata,Regular,14-01-2024,08-01-2024,BLK_KOL_016,14,6914.2
KOL_CUST_003219,Howrah,Howrah District,Kolkata,Premium,25-06-2024,13-06-2024,BLK_KOL_048,8,3421
KOL_CUST_003220,Rajarhat,Salt Lake & New Town,Kolkata,New,19-04-2024,14-04-2024,BLK_KOL_036,10,4283.38
KOL_CUST_003221,Behala,East Kolkata,Kolkata,Premium,21-01-2023,04-01-2023,BLK_KOL_045,5,3623.05
KOL_CUST_003222,B.B.D. Bagh,Central Kolkata,Kolkata,New,30-05-2023,07-05-2023,BLK_KOL_018,13,4649.88
KOL_CUST_003223,Gariahat,South Kolkata,Kolkata,Premium,25-04-2024,11-04-2024,BLK_KOL_024,7,3912.51
KOL_CUST_003224,Shibpur,Howrah District,Kolkata,Regular,15-11-2023,12-11-2023,BLK_KOL_051,13,5719.04
KOL_CUST_003225,Santragachi,Howrah District,Kolkata,Regular,24-01-2024,11-01-2024,BLK_KOL_054,8,4656.84
KOL_CUST_003226,Esplanade,Central Kolkata,Kolkata,Regular,22-03-2024,15-03-2024,BLK_KOL_012,15,6920.28
KOL_CUST_003227,Esplanade,Central Kolkata,Kolkata,Premium,30-09-2023,26-09-2023,BLK_KOL_012,10,5237.61
KOL_CUST_003228,Santragachi,Howrah District,Kolkata,Regular,20-02-2023,30-01-2023,BLK_KOL_054,11,5158.34
KOL_CUST_003229,Baghbazar,North Kolkata,Kolkata,Regular,09-09-2024,13-08-2024,BLK_KOL_007,12,6418.24
KOL_CUST_003230,Tollygunge,South Kolkata,Kolkata,Regular,23-07-2023,07-07-2023,BLK_KOL_025,10,3388.57
KOL_CUST_003231,Behala,East Kolkata,Kolkata,Premium,08-03-2024,01-03-2024,BLK_KOL_043,5,3387.71
KOL_CUST_003232,Park Street,Central Kolkata,Kolkata,New,11-09-2023,25-08-2023,BLK_KOL_014,9,3909.88
KOL_CUST_003233,Esplanade,Central Kolkata,Kolkata,Regular,29-05-2024,24-05-2024,BLK_KOL_012,10,5971.74
KOL_CUST_003234,Park Street,Central Kolkata,Kolkata,Premium,04-04-2024,23-03-2024,BLK_KOL_015,8,3140.35
KOL_CUST_003235,EM Bypass,East Kolkata,Kolkata,New,20-01-2023,09-01-2023,BLK_KOL_038,4,1568.06
KOL_CUST_003236,Ultadanga,North Kolkata,Kolkata,Regular,04-05-2024,13-04-2024,BLK_KOL_005,11,6703.355
KOL_CUST_003237,Howrah,Howrah District,Kolkata,Premium,05-05-2024,14-04-2024,BLK_KOL_046,13,5160.77
KOL_CUST_003238,Ultadanga,North Kolkata,Kolkata,Regular,26-03-2023,27-02-2023,BLK_KOL_006,12,4500.56
KOL_CUST_003239,Howrah,Howrah District,Kolkata,New,27-04-2024,17-04-2024,BLK_KOL_046,12,6107.01
KOL_CUST_003240,Santragachi,Howrah District,Kolkata,New,26-11-2023,23-11-2023,BLK_KOL_052,6,1228.775
KOL_CUST_003241,EM Bypass,East Kolkata,Kolkata,Regular,03-11-2023,24-10-2023,BLK_KOL_037,5,2525.3
KOL_CUST_003242,Gariahat,South Kolkata,Kolkata,Regular,04-04-2023,22-03-2023,BLK_KOL_022,5,1805.82
KOL_CUST_003243,Tollygunge,South Kolkata,Kolkata,Regular,24-01-2024,15-01-2024,BLK_KOL_027,7,3717.81
KOL_CUST_003244,B.B.D. Bagh,Central Kolkata,Kolkata,Regular,04-02-2024,21-01-2024,BLK_KOL_018,6,3247.9
KOL_CUST_003245,Tollygunge,South Kolkata,Kolkata,Regular,16-02-2023,25-01-2023,BLK_KOL_026,6,3204.22
KOL_CUST_003246,Kasba,East Kolkata,Kolkata,New,14-02-2023,11-02-2023,BLK_KOL_042,11,7717.26
KOL_CUST_003247,EM Bypass,East Kolkata,Kolkata,Regular,16-08-2023,01-08-2023,BLK_KOL_039,10,4600.18
KOL_CUST_003248,Rajarhat,Salt Lake & New Town,Kolkata,Regular,31-01-2024,30-01-2024,BLK_KOL_035,11,5459.98
KOL_CUST_003249,Shyambazar,North Kolkata,Kolkata,New,24-04-2023,02-04-2023,BLK_KOL_002,6,2487.86
KOL_CUST_003250,Howrah,Howrah District,Kolkata,Premium,18-10-2023,15-10-2023,BLK_KOL_047,9,3499.02
KOL_CUST_003251,Gariahat,South Kolkata,Kolkata,New,08-08-2024,19-07-2024,BLK_KOL_024,9,4018.28
KOL_CUST_003252,Santragachi,Howrah District,Kolkata,Regular,14-04-2023,26-03-2023,BLK_KOL_053,3,2196.57
KOL_CUST_003253,Howrah,Howrah District,Kolkata,Regular,09-09-2023,11-08-2023,BLK_KOL_046,10,5901.78
KOL_CUST_003254,Baghbazar,North Kolkata,Kolkata,Premium,04-04-2024,14-03-2024,BLK_KOL_009,12,6098.68
KOL_CUST_003255,Shyambazar,North Kolkata,Kolkata,Regular,12-06-2023,26-05-2023,BLK_KOL_001,9,3579.29
KOL_CUST_003256,Howrah,Howrah District,Kolkata,Regular,03-08-2024,07-07-2024,BLK_KOL_046,9,4074.8
KOL_CUST_003257,Ballygunge,South Kolkata,Kolkata,New,19-10-2024,26-09-2024,BLK_KOL_019,9,5473.27
KOL_CUST_003258,Ballygunge,South Kolkata,Kolkata,Regular,17-10-2023,04-10-2023,BLK_KOL_020,12,6099.63
KOL_CUST_003259,Ballygunge,South Kolkata,Kolkata,Regular,15-03-2023,17-02-2023,BLK_KOL_019,7,2386.17
KOL_CUST_003260,New Town,Salt Lake & New Town,Kolkata,Premium,30-09-2023,24-09-2023,BLK_KOL_032,10,4089.73
KOL_CUST_003261,Baghbazar,North Kolkata,Kolkata,Regular,20-11-2023,04-11-2023,BLK_KOL_007,17,9413.57
KOL_CUST_003262,Tollygunge,South Kolkata,Kolkata,Regular,15-10-2024,19-09-2024,BLK_KOL_025,8,2854.54
KOL_CUST_003263,Howrah,Howrah District,Kolkata,Premium,07-11-2023,24-10-2023,BLK_KOL_047,7,4354.8
KOL_CUST_003264,Behala,East Kolkata,Kolkata,Regular,27-06-2023,02-06-2023,BLK_KOL_043,5,2224.46
KOL_CUST_003265,EM Bypass,East Kolkata,Kolkata,Regular,17-04-2023,18-03-2023,BLK_KOL_039,9,5936.78
KOL_CUST_003266,Baghbazar,North Kolkata,Kolkata,Regular,21-08-2023,09-08-2023,BLK_KOL_007,4,2857.96
KOL_CUST_003267,Ultadanga,North Kolkata,Kolkata,Premium,16-06-2023,02-06-2023,BLK_KOL_005,8,2692.31
KOL_CUST_003268,New Town,Salt Lake & New Town,Kolkata,Premium,28-08-2024,09-08-2024,BLK_KOL_033,11,6183.045
KOL_CUST_003269,Tollygunge,South Kolkata,Kolkata,Premium,21-01-2023,06-01-2023,BLK_KOL_026,7,3348.81
KOL_CUST_003270,Esplanade,Central Kolkata,Kolkata,Regular,16-10-2024,11-10-2024,BLK_KOL_010,6,2221.05
KOL_CUST_003271,EM Bypass,East Kolkata,Kolkata,Premium,19-08-2023,07-08-2023,BLK_KOL_038,8,2947.18
KOL_CUST_003272,Shyambazar,North Kolkata,Kolkata,Premium,06-06-2023,20-05-2023,BLK_KOL_002,8,2315.86
KOL_CUST_003273,Kasba,East Kolkata,Kolkata,Regular,06-08-2024,03-08-2024,BLK_KOL_041,12,7335.19
KOL_CUST_003274,Salt Lake,Salt Lake & New Town,Kolkata,Regular,13-10-2024,18-09-2024,BLK_KOL_028,12,6891.36
KOL_CUST_003275,EM Bypass,East Kolkata,Kolkata,Regular,11-07-2023,27-06-2023,BLK_KOL_039,12,4527.77
KOL_CUST_003276,New Town,Salt Lake & New Town,Kolkata,Regular,29-05-2024,19-05-2024,BLK_KOL_032,11,7177.34
KOL_CUST_003277,Baghbazar,North Kolkata,Kolkata,Regular,05-06-2024,23-05-2024,BLK_KOL_007,9,4825.57
KOL_CUST_003278,Gariahat,South Kolkata,Kolkata,Regular,04-05-2024,06-04-2024,BLK_KOL_023,11,5842.39
KOL_CUST_003279,Behala,East Kolkata,Kolkata,New,11-02-2023,13-01-2023,BLK_KOL_045,8,3695.58
KOL_CUST_003280,Shyambazar,North Kolkata,Kolkata,Premium,18-02-2023,10-02-2023,BLK_KOL_002,8,3261.51
KOL_CUST_003281,New Town,Salt Lake & New Town,Kolkata,Regular,28-09-2023,12-09-2023,BLK_KOL_031,4,2514.95
KOL_CUST_003282,Ballygunge,South Kolkata,Kolkata,Regular,29-09-2024,31-08-2024,BLK_KOL_020,7,2390.13
KOL_CUST_003283,Tollygunge,South Kolkata,Kolkata,Premium,13-09-2023,12-09-2023,BLK_KOL_027,7,3069.99
KOL_CUST_003284,Behala,East Kolkata,Kolkata,Premium,05-09-2023,20-08-2023,BLK_KOL_045,7,5180.08
KOL_CUST_003285,Howrah,Howrah District,Kolkata,Regular,12-03-2023,02-03-2023,BLK_KOL_048,12,6492.26
KOL_CUST_003286,Kasba,East Kolkata,Kolkata,Regular,05-04-2023,31-03-2023,BLK_KOL_040,10,5644.765
KOL_CUST_003287,Park Street,Central Kolkata,Kolkata,Premium,27-11-2023,18-11-2023,BLK_KOL_013,9,5054.3
KOL_CUST_003288,Salt Lake,Salt Lake & New Town,Kolkata,Premium,31-10-2023,11-10-2023,BLK_KOL_029,13,5593.09
KOL_CUST_003289,Ultadanga,North Kolkata,Kolkata,New,13-03-2024,14-02-2024,BLK_KOL_006,10,4814.46
KOL_CUST_003290,Park Street,Central Kolkata,Kolkata,Regular,14-04-2024,30-03-2024,BLK_KOL_014,11,7344.2
KOL_CUST_003291,EM Bypass,East Kolkata,Kolkata,Regular,27-09-2024,14-09-2024,BLK_KOL_038,3,1055.08
KOL_CUST_003292,New Town,Salt Lake & New Town,Kolkata,New,29-08-2024,11-08-2024,BLK_KOL_033,2,1201.19
KOL_CUST_003293,Baghbazar,North Kolkata,Kolkata,New,21-04-2024,12-04-2024,BLK_KOL_007,7,3684.26
KOL_CUST_003294,Santragachi,Howrah District,Kolkata,Regular,23-07-2023,10-07-2023,BLK_KOL_054,8,3587.96
KOL_CUST_003295,Baghbazar,North Kolkata,Kolkata,Regular,28-02-2023,26-02-2023,BLK_KOL_007,6,3344.18
KOL_CUST_003296,Salt Lake,Salt Lake & New Town,Kolkata,Regular,07-04-2024,01-04-2024,BLK_KOL_029,7,4961.87
KOL_CUST_003297,Park Street,Central Kolkata,Kolkata,Premium,28-07-2023,13-07-2023,BLK_KOL_015,7,1373.79
KOL_CUST_003298,Tollygunge,South Kolkata,Kolkata,Premium,01-01-2023,22-12-2022,BLK_KOL_027,7,1675.69
KOL_CUST_003299,Behala,East Kolkata,Kolkata,Regular,31-07-2024,08-07-2024,BLK_KOL_045,8,6783.44
KOL_CUST_003300,EM Bypass,East Kolkata,Kolkata,Regular,03-10-2024,01-10-2024,BLK_KOL_037,13,8363.69
KOL_CUST_003301,New Town,Salt Lake & New Town,Kolkata,Regular,13-03-2024,04-03-2024,BLK_KOL_031,12,7118.59
KOL_CUST_003302,Ultadanga,North Kolkata,Kolkata,Premium,02-01-2023,11-12-2022,BLK_KOL_004,6,2130.13
KOL_CUST_003303,Behala,East Kolkata,Kolkata,Regular,02-02-2024,26-01-2024,BLK_KOL_044,5,1731.72
KOL_CUST_003304,Salt Lake,Salt Lake & New Town,Kolkata,Premium,22-06-2023,14-06-2023,BLK_KOL_028,11,5787.67
KOL_CUST_003305,Rajarhat,Salt Lake & New Town,Kolkata,Premium,24-03-2024,06-03-2024,BLK_KOL_035,13,8458.53
KOL_CUST_003306,Tollygunge,South Kolkata,Kolkata,Premium,12-06-2023,18-05-2023,BLK_KOL_026,6,3221.39
KOL_CUST_003307,B.B.D. Bagh,Central Kolkata,Kolkata,Regular,25-09-2023,20-09-2023,BLK_KOL_017,5,2462.02
KOL_CUST_003308,Gariahat,South Kolkata,Kolkata,Premium,24-11-2023,11-11-2023,BLK_KOL_023,11,5621.18
KOL_CUST_003309,Esplanade,Central Kolkata,Kolkata,Regular,27-11-2023,19-11-2023,BLK_KOL_011,10,3651.46
KOL_CUST_003310,Kasba,East Kolkata,Kolkata,Regular,29-10-2023,25-10-2023,BLK_KOL_041,12,5657.59
KOL_CUST_003311,Kasba,East Kolkata,Kolkata,New,05-07-2024,04-07-2024,BLK_KOL_040,5,2948.14
KOL_CUST_003312,Kasba,East Kolkata,Kolkata,Regular,02-04-2023,21-03-2023,BLK_KOL_040,5,2696.22
KOL_CUST_003313,New Town,Salt Lake & New Town,Kolkata,Premium,03-11-2023,13-10-2023,BLK_KOL_032,6,4521.07
KOL_CUST_003314,Ultadanga,North Kolkata,Kolkata,New,05-09-2023,12-08-2023,BLK_KOL_005,10,4570.79
KOL_CUST_003315,Tollygunge,South Kolkata,Kolkata,Regular,28-03-2024,21-03-2024,BLK_KOL_025,5,2439.96
KOL_CUST_003316,Park Street,Central Kolkata,Kolkata,Regular,01-03-2023,26-02-2023,BLK_KOL_014,8,4640.17
KOL_CUST_003317,Shyambazar,North Kolkata,Kolkata,New,10-09-2023,19-08-2023,BLK_KOL_003,13,8270.54
KOL_CUST_003318,Salt Lake,Salt Lake & New Town,Kolkata,Premium,25-05-2023,28-04-2023,BLK_KOL_028,11,6408.08
KOL_CUST_003319,Kasba,East Kolkata,Kolkata,Regular,12-05-2024,24-04-2024,BLK_KOL_042,8,3449.35
KOL_CUST_003320,Esplanade,Central Kolkata,Kolkata,Regular,31-08-2024,08-08-2024,BLK_KOL_011,9,3853.44
KOL_CUST_003321,Tollygunge,South Kolkata,Kolkata,Regular,18-01-2023,29-12-2022,BLK_KOL_025,11,6619.49
KOL_CUST_003322,B.B.D. Bagh,Central Kolkata,Kolkata,Regular,26-01-2024,05-01-2024,BLK_KOL_016,9,4719.19
KOL_CUST_003323,Santragachi,Howrah District,Kolkata,Premium,13-08-2024,22-07-2024,BLK_KOL_052,9,4616.29
KOL_CUST_003324,Park Street,Central Kolkata,Kolkata,Premium,31-10-2023,20-10-2023,BLK_KOL_015,5,2936.14
KOL_CUST_003325,New Town,Salt Lake & New Town,Kolkata,Regular,04-03-2023,23-02-2023,BLK_KOL_033,6,2115.84
KOL_CUST_003326,Park Street,Central Kolkata,Kolkata,Regular,05-09-2024,29-08-2024,BLK_KOL_014,6,3921.61
KOL_CUST_003327,Baghbazar,North Kolkata,Kolkata,Premium,21-02-2024,18-02-2024,BLK_KOL_007,10,4576.45
KOL_CUST_003328,Esplanade,Central Kolkata,Kolkata,Premium,15-03-2023,20-02-2023,BLK_KOL_011,5,2406.29
KOL_CUST_003329,Santragachi,Howrah District,Kolkata,Premium,22-01-2023,23-12-2022,BLK_KOL_053,9,3750.02
KOL_CUST_003330,Baghbazar,North Kolkata,Kolkata,New,07-11-2023,22-10-2023,BLK_KOL_008,9,3438.74
KOL_CUST_003331,Ultadanga,North Kolkata,Kolkata,Regular,25-04-2024,13-04-2024,BLK_KOL_004,7,3229.35
KOL_CUST_003332,Tollygunge,South Kolkata,Kolkata,Regular,01-04-2024,08-03-2024,BLK_KOL_025,5,2894.42
KOL_CUST_003333,Esplanade,Central Kolkata,Kolkata,Premium,05-09-2023,07-08-2023,BLK_KOL_011,7,2920.57
KOL_CUST_003334,EM Bypass,East Kolkata,Kolkata,Regular,07-05-2024,22-04-2024,BLK_KOL_039,7,2185.93
KOL_CUST_003335,Shyambazar,North Kolkata,Kolkata,Premium,07-07-2023,03-07-2023,BLK_KOL_003,9,5626.35
KOL_CUST_003336,EM Bypass,East Kolkata,Kolkata,Regular,13-05-2024,22-04-2024,BLK_KOL_037,8,4806.67
KOL_CUST_003337,Ballygunge,South Kolkata,Kolkata,Regular,01-01-2024,05-12-2023,BLK_KOL_019,11,5211.94
KOL_CUST_003338,Salt Lake,Salt Lake & New Town,Kolkata,New,20-04-2023,24-03-2023,BLK_KOL_028,13,3841.68
KOL_CUST_003339,Shibpur,Howrah District,Kolkata,Regular,12-09-2024,24-08-2024,BLK_KOL_050,11,5328.08
KOL_CUST_003340,Shyambazar,North Kolkata,Kolkata,Regular,22-11-2023,21-11-2023,BLK_KOL_002,10,4157.26
KOL_CUST_003341,EM Bypass,East Kolkata,Kolkata,Premium,27-06-2024,02-06-2024,BLK_KOL_039,7,3719.4
KOL_CUST_003342,Ballygunge,South Kolkata,Kolkata,Regular,17-08-2024,28-07-2024,BLK_KOL_021,7,4233.28
KOL_CUST_003343,B.B.D. Bagh,Central Kolkata,Kolkata,Regular,12-01-2023,06-01-2023,BLK_KOL_017,9,3090.07
KOL_CUST_003344,New Town,Salt Lake & New Town,Kolkata,Premium,18-07-2023,18-06-2023,BLK_KOL_031,4,1187.03
KOL_CUST_003345,New Town,Salt Lake & New Town,Kolkata,New,22-03-2024,03-03-2024,BLK_KOL_033,5,1172.26
KOL_CUST_003346,Kasba,East Kolkata,Kolkata,Regular,12-05-2023,09-05-2023,BLK_KOL_040,13,2973.915
KOL_CUST_003347,Park Street,Central Kolkata,Kolkata,Regular,28-05-2023,28-04-2023,BLK_KOL_014,11,3881.96
KOL_CUST_003348,Salt Lake,Salt Lake & New Town,Kolkata,New,20-06-2023,21-05-2023,BLK_KOL_028,3,1546.6
KOL_CUST_003349,Ballygunge,South Kolkata,Kolkata,Regular,03-02-2023,09-01-2023,BLK_KOL_019,10,5401.68
KOL_CUST_003350,EM Bypass,East Kolkata,Kolkata,Regular,30-07-2023,06-07-2023,BLK_KOL_037,11,6680.86
KOL_CUST_003351,Kasba,East Kolkata,Kolkata,Regular,18-01-2023,27-12-2022,BLK_KOL_040,15,8443.16
KOL_CUST_003352,B.B.D. Bagh,Central Kolkata,Kolkata,Premium,23-05-2023,01-05-2023,BLK_KOL_017,10,3833.05
KOL_CUST_003353,Shibpur,Howrah District,Kolkata,Regular,23-02-2023,16-02-2023,BLK_KOL_049,7,3768.82
KOL_CUST_003354,Esplanade,Central Kolkata,Kolkata,Regular,02-03-2023,28-02-2023,BLK_KOL_010,6,2501.49
KOL_CUST_003355,Santragachi,Howrah District,Kolkata,Regular,24-04-2024,18-04-2024,BLK_KOL_053,7,2623.92
KOL_CUST_003356,Baghbazar,North Kolkata,Kolkata,Premium,16-09-2023,20-08-2023,BLK_KOL_007,8,3479.78
KOL_CUST_003357,Baghbazar,North Kolkata,Kolkata,Regular,04-07-2023,04-06-2023,BLK_KOL_008,12,4713.61
KOL_CUST_003358,Rajarhat,Salt Lake & New Town,Kolkata,Regular,24-04-2023,06-04-2023,BLK_KOL_036,6,3971.12
KOL_CUST_003359,EM Bypass,East Kolkata,Kolkata,Premium,28-11-2023,09-11-2023,BLK_KOL_037,13,5060.09
KOL_CUST_003360,New Town,Salt Lake & New Town,Kolkata,Premium,02-03-2023,20-02-2023,BLK_KOL_032,10,6249.61
KOL_CUST_003361,Park Street,Central Kolkata,Kolkata,Premium,01-01-2024,19-12-2023,BLK_KOL_014,11,4670.31
KOL_CUST_003362,Shibpur,Howrah District,Kolkata,Regular,11-09-2024,25-08-2024,BLK_KOL_049,8,5996.05
KOL_CUST_003363,New Town,Salt Lake & New Town,Kolkata,Regular,18-05-2023,08-05-2023,BLK_KOL_033,8,4205.93
KOL_CUST_003364,EM Bypass,East Kolkata,Kolkata,Regular,01-03-2024,06-02-2024,BLK_KOL_039,10,3341.41
KOL_CUST_003365,Salt Lake,Salt Lake & New Town,Kolkata,Regular,27-02-2024,04-02-2024,BLK_KOL_028,16,5960.08
KOL_CUST_003366,Park Street,Central Kolkata,Kolkata,Premium,26-08-2023,16-08-2023,BLK_KOL_014,8,4274.02
KOL_CUST_003367,Ultadanga,North Kolkata,Kolkata,Regular,23-01-2023,16-01-2023,BLK_KOL_005,12,6321.68
KOL_CUST_003368,Esplanade,Central Kolkata,Kolkata,New,29-03-2023,27-02-2023,BLK_KOL_012,6,4838.54
KOL_CUST_003369,Esplanade,Central Kolkata,Kolkata,Regular,22-01-2023,26-12-2022,BLK_KOL_012,6,3655.6
KOL_CUST_003370,Tollygunge,South Kolkata,Kolkata,Premium,08-03-2023,02-03-2023,BLK_KOL_025,8,2784.68
KOL_CUST_003371,Ballygunge,South Kolkata,Kolkata,Premium,24-02-2023,16-02-2023,BLK_KOL_021,9,4283.79
KOL_CUST_003372,Kasba,East Kolkata,Kolkata,Regular,07-09-2023,05-09-2023,BLK_KOL_041,7,2922.71
KOL_CUST_003373,Ballygunge,South Kolkata,Kolkata,Regular,03-10-2024,15-09-2024,BLK_KOL_020,4,3240.26
KOL_CUST_003374,Esplanade,Central Kolkata,Kolkata,Premium,13-01-2023,18-12-2022,BLK_KOL_010,13,3302.27
KOL_CUST_003375,Gariahat,South Kolkata,Kolkata,Regular,30-04-2024,29-04-2024,BLK_KOL_023,7,4222.16
KOL_CUST_003376,Santragachi,Howrah District,Kolkata,Regular,01-08-2024,12-07-2024,BLK_KOL_053,8,3015.21
KOL_CUST_003377,Ultadanga,North Kolkata,Kolkata,Regular,13-05-2023,29-04-2023,BLK_KOL_004,11,5721.89
KOL_CUST_003378,Behala,East Kolkata,Kolkata,New,04-05-2024,28-04-2024,BLK_KOL_043,10,4713.46
KOL_CUST_003379,Ballygunge,South Kolkata,Kolkata,Regular,13-09-2024,31-08-2024,BLK_KOL_021,10,5569.98
KOL_CUST_003380,Ballygunge,South Kolkata,Kolkata,Regular,30-03-2023,06-03-2023,BLK_KOL_021,11,4051.36
KOL_CUST_003381,New Town,Salt Lake & New Town,Kolkata,New,04-10-2024,09-09-2024,BLK_KOL_032,5,2502.36
KOL_CUST_003382,EM Bypass,East Kolkata,Kolkata,Premium,14-04-2023,31-03-2023,BLK_KOL_037,5,2702.47
KOL_CUST_003383,Esplanade,Central Kolkata,Kolkata,Premium,25-10-2023,03-10-2023,BLK_KOL_012,7,2947.43
KOL_CUST_003384,B.B.D. Bagh,Central Kolkata,Kolkata,Regular,09-08-2023,04-08-2023,BLK_KOL_016,10,3631.3
KOL_CUST_003385,Santragachi,Howrah District,Kolkata,Regular,24-04-2024,18-04-2024,BLK_KOL_054,8,3505.36
KOL_CUST_003386,Baghbazar,North Kolkata,Kolkata,Regular,19-06-2023,25-05-2023,BLK_KOL_008,10,5443.4
KOL_CUST_003387,Shyambazar,North Kolkata,Kolkata,Regular,31-03-2023,27-03-2023,BLK_KOL_003,10,5610.57
KOL_CUST_003388,Kasba,East Kolkata,Kolkata,Regular,08-07-2024,02-07-2024,BLK_KOL_040,6,1867.24
KOL_CUST_003389,Santragachi,Howrah District,Kolkata,Regular,02-01-2023,25-12-2022,BLK_KOL_052,8,4186.32
KOL_CUST_003390,Park Street,Central Kolkata,Kolkata,New,19-04-2023,15-04-2023,BLK_KOL_014,7,3358.12
KOL_CUST_003391,Shibpur,Howrah District,Kolkata,New,29-06-2024,15-06-2024,BLK_KOL_050,7,4352.12
KOL_CUST_003392,Santragachi,Howrah District,Kolkata,Regular,04-10-2024,22-09-2024,BLK_KOL_054,9,4402.61
KOL_CUST_003393,B.B.D. Bagh,Central Kolkata,Kolkata,New,09-01-2024,13-12-2023,BLK_KOL_017,15,8212.91
KOL_CUST_003394,EM Bypass,East Kolkata,Kolkata,Regular,12-05-2023,17-04-2023,BLK_KOL_038,8,3795.9
KOL_CUST_003395,Rajarhat,Salt Lake & New Town,Kolkata,Premium,15-10-2023,30-09-2023,BLK_KOL_034,13,4505.9
KOL_CUST_003396,Shibpur,Howrah District,Kolkata,Regular,10-09-2023,02-09-2023,BLK_KOL_049,9,4833.38
KOL_CUST_003397,Kasba,East Kolkata,Kolkata,Regular,05-01-2024,12-12-2023,BLK_KOL_042,13,4719.6
KOL_CUST_003398,Park Street,Central Kolkata,Kolkata,Premium,25-01-2023,16-01-2023,BLK_KOL_013,7,1995.06
KOL_CUST_003399,Park Street,Central Kolkata,Kolkata,Regular,29-07-2024,19-07-2024,BLK_KOL_014,8,3662.5
KOL_CUST_003400,Behala,East Kolkata,Kolkata,Regular,14-05-2023,26-04-2023,BLK_KOL_044,10,2802.74
KOL_CUST_003401,Behala,East Kolkata,Kolkata,Regular,23-03-2023,11-03-2023,BLK_KOL_045,14,7976.01
KOL_CUST_003402,Salt Lake,Salt Lake & New Town,Kolkata,New,25-10-2023,18-10-2023,BLK_KOL_029,9,5044
KOL_CUST_003403,Shibpur,Howrah District,Kolkata,Regular,27-02-2024,19-02-2024,BLK_KOL_049,11,3309.04
KOL_CUST_003404,Behala,East Kolkata,Kolkata,Regular,14-01-2023,01-01-2023,BLK_KOL_045,8,4968.74
KOL_CUST_003405,Santragachi,Howrah District,Kolkata,New,24-02-2024,14-02-2024,BLK_KOL_053,8,2254.055
KOL_CUST_003406,Santragachi,Howrah District,Kolkata,Regular,07-07-2023,11-06-2023,BLK_KOL_052,7,2693.45
KOL_CUST_003407,Shibpur,Howrah District,Kolkata,Regular,06-01-2024,31-12-2023,BLK_KOL_049,7,3174.88
KOL_CUST_003408,Ultadanga,North Kolkata,Kolkata,New,22-09-2023,20-09-2023,BLK_KOL_006,8,2412.24
KOL_CUST_003409,Salt Lake,Salt Lake & New Town,Kolkata,Premium,01-11-2023,14-10-2023,BLK_KOL_028,8,3637.83
KOL_CUST_003410,Santragachi,Howrah District,Kolkata,Regular,02-07-2024,07-06-2024,BLK_KOL_052,10,5773.36
KOL_CUST_003411,Santragachi,Howrah District,Kolkata,Regular,20-10-2024,22-09-2024,BLK_KOL_053,11,7290.67
KOL_CUST_003412,Ultadanga,North Kolkata,Kolkata,Regular,29-06-2023,11-06-2023,BLK_KOL_005,9,4878.74
KOL_CUST_003413,Howrah,Howrah District,Kolkata,Regular,09-10-2023,25-09-2023,BLK_KOL_046,10,3649.2
KOL_CUST_003414,Gariahat,South Kolkata,Kolkata,Regular,18-04-2023,19-03-2023,BLK_KOL_023,5,2233.11
KOL_CUST_003415,Shyambazar,North Kolkata,Kolkata,Regular,09-06-2023,15-05-2023,BLK_KOL_002,6,2267.56
KOL_CUST_003416,Esplanade,Central Kolkata,Kolkata,Regular,31-01-2023,24-01-2023,BLK_KOL_012,7,2995.44
KOL_CUST_003417,Rajarhat,Salt Lake & New Town,Kolkata,Regular,14-10-2023,19-09-2023,BLK_KOL_036,10,5002.04
KOL_CUST_003418,Behala,East Kolkata,Kolkata,Regular,30-05-2024,11-05-2024,BLK_KOL_044,8,3729.45
KOL_CUST_003419,Howrah,Howrah District,Kolkata,Regular,10-01-2024,24-12-2023,BLK_KOL_047,7,2319.88
KOL_CUST_003420,Kasba,East Kolkata,Kolkata,Premium,18-01-2024,28-12-2023,BLK_KOL_042,6,1979.55
KOL_CUST_003421,Kasba,East Kolkata,Kolkata,Premium,01-10-2023,22-09-2023,BLK_KOL_042,6,2509.175
KOL_CUST_003422,Salt Lake,Salt Lake & New Town,Kolkata,Premium,09-05-2024,19-04-2024,BLK_KOL_030,9,4190.95
KOL_CUST_003423,EM Bypass,East Kolkata,Kolkata,New,10-06-2023,23-05-2023,BLK_KOL_039,7,4318.36
KOL_CUST_003424,EM Bypass,East Kolkata,Kolkata,Premium,10-07-2024,08-07-2024,BLK_KOL_037,6,2811.14
KOL_CUST_003425,Park Street,Central Kolkata,Kolkata,Regular,09-06-2023,26-05-2023,BLK_KOL_015,9,4206.43
KOL_CUST_003426,Park Street,Central Kolkata,Kolkata,Regular,29-04-2023,23-04-2023,BLK_KOL_013,6,3932.65
KOL_CUST_003427,B.B.D. Bagh,Central Kolkata,Kolkata,Regular,28-11-2023,21-11-2023,BLK_KOL_016,11,5547.3
KOL_CUST_003428,Salt Lake,Salt Lake & New Town,Kolkata,Regular,17-11-2023,07-11-2023,BLK_KOL_029,12,5588.94
KOL_CUST_003429,EM Bypass,East Kolkata,Kolkata,Regular,08-07-2023,27-06-2023,BLK_KOL_038,13,5612.35
KOL_CUST_003430,Gariahat,South Kolkata,Kolkata,Premium,16-06-2024,19-05-2024,BLK_KOL_023,3,1793.99
KOL_CUST_003431,Gariahat,South Kolkata,Kolkata,Premium,25-06-2023,29-05-2023,BLK_KOL_022,9,3167.75
KOL_CUST_003432,Park Street,Central Kolkata,Kolkata,Regular,07-06-2023,01-06-2023,BLK_KOL_013,9,4832.91
KOL_CUST_003433,Ultadanga,North Kolkata,Kolkata,Regular,28-07-2023,06-07-2023,BLK_KOL_005,12,4718.04
KOL_CUST_003434,Baghbazar,North Kolkata,Kolkata,New,04-02-2024,10-01-2024,BLK_KOL_009,7,3396.31
KOL_CUST_003435,Park Street,Central Kolkata,Kolkata,Regular,25-08-2024,11-08-2024,BLK_KOL_014,9,3807.82
KOL_CUST_003436,Santragachi,Howrah District,Kolkata,Regular,06-05-2024,18-04-2024,BLK_KOL_052,9,5572.7
KOL_CUST_003437,New Town,Salt Lake & New Town,Kolkata,Premium,06-09-2023,15-08-2023,BLK_KOL_033,7,4798.5
KOL_CUST_003438,Rajarhat,Salt Lake & New Town,Kolkata,Premium,25-06-2023,21-06-2023,BLK_KOL_036,5,1777.77
KOL_CUST_003439,New Town,Salt Lake & New Town,Kolkata,Premium,22-01-2023,19-01-2023,BLK_KOL_031,8,3798.29
KOL_CUST_003440,Ultadanga,North Kolkata,Kolkata,Premium,10-01-2023,31-12-2022,BLK_KOL_004,8,4299.06
KOL_CUST_003441,Tollygunge,South Kolkata,Kolkata,Regular,28-06-2023,20-06-2023,BLK_KOL_027,8,3264.68
KOL_CUST_003442,Ballygunge,South Kolkata,Kolkata,Regular,21-09-2023,24-08-2023,BLK_KOL_019,13,5300.33
KOL_CUST_003443,Salt Lake,Salt Lake & New Town,Kolkata,Premium,10-04-2023,22-03-2023,BLK_KOL_030,12,4983.38
KOL_CUST_003444,Behala,East Kolkata,Kolkata,Regular,07-07-2023,17-06-2023,BLK_KOL_044,7,2838.67
KOL_CUST_003445,New Town,Salt Lake & New Town,Kolkata,Regular,16-03-2023,08-03-2023,BLK_KOL_033,4,1262.46
KOL_CUST_003446,Shibpur,Howrah District,Kolkata,New,21-10-2023,18-10-2023,BLK_KOL_049,4,1165.14
KOL_CUST_003447,Gariahat,South Kolkata,Kolkata,New,23-09-2024,17-09-2024,BLK_KOL_024,9,3918.92
KOL_CUST_003448,Ultadanga,North Kolkata,Kolkata,Regular,18-03-2023,12-03-2023,BLK_KOL_004,9,3527.11
KOL_CUST_003449,Santragachi,Howrah District,Kolkata,Regular,04-09-2023,19-08-2023,BLK_KOL_052,3,1465.59
KOL_CUST_003450,Salt Lake,Salt Lake & New Town,Kolkata,Premium,10-08-2024,19-07-2024,BLK_KOL_029,13,5159.76
KOL_CUST_003451,B.B.D. Bagh,Central Kolkata,Kolkata,Regular,29-06-2023,02-06-2023,BLK_KOL_017,12,6298.75
KOL_CUST_003452,New Town,Salt Lake & New Town,Kolkata,Regular,04-09-2024,09-08-2024,BLK_KOL_031,5,1944.13
KOL_CUST_003453,Esplanade,Central Kolkata,Kolkata,Regular,09-10-2023,17-09-2023,BLK_KOL_011,10,3601.71
KOL_CUST_003454,Salt Lake,Salt Lake & New Town,Kolkata,Regular,21-05-2023,27-04-2023,BLK_KOL_030,7,1033.31
KOL_CUST_003455,EM Bypass,East Kolkata,Kolkata,Regular,22-07-2024,19-07-2024,BLK_KOL_039,4,1426.43
KOL_CUST_003456,Gariahat,South Kolkata,Kolkata,Premium,14-05-2023,24-04-2023,BLK_KOL_022,10,6575.66
KOL_CUST_003457,EM Bypass,East Kolkata,Kolkata,Regular,08-08-2024,10-07-2024,BLK_KOL_039,8,4519.63
KOL_CUST_003458,Shyambazar,North Kolkata,Kolkata,Premium,27-02-2024,07-02-2024,BLK_KOL_001,8,3162.86
KOL_CUST_003459,Howrah,Howrah District,Kolkata,Regular,24-11-2023,16-11-2023,BLK_KOL_047,6,3004.95
KOL_CUST_003460,New Town,Salt Lake & New Town,Kolkata,Regular,20-10-2023,06-10-2023,BLK_KOL_031,7,4330.05
KOL_CUST_003461,Salt Lake,Salt Lake & New Town,Kolkata,Regular,28-03-2024,15-03-2024,BLK_KOL_030,8,3585.07
KOL_CUST_003462,Shibpur,Howrah District,Kolkata,Regular,01-06-2024,03-05-2024,BLK_KOL_051,11,6882.87
KOL_CUST_003463,Behala,East Kolkata,Kolkata,Premium,22-04-2023,23-03-2023,BLK_KOL_045,12,5665.16
KOL_CUST_003464,Howrah,Howrah District,Kolkata,Regular,13-02-2023,27-01-2023,BLK_KOL_048,11,2921.28
KOL_CUST_003465,Shibpur,Howrah District,Kolkata,Premium,27-01-2024,24-01-2024,BLK_KOL_049,13,5164.11
KOL_CUST_003466,Behala,East Kolkata,Kolkata,Regular,07-02-2024,28-01-2024,BLK_KOL_043,10,5024.34
KOL_CUST_003467,Ballygunge,South Kolkata,Kolkata,New,19-08-2024,04-08-2024,BLK_KOL_021,11,2924.61
KOL_CUST_003468,New Town,Salt Lake & New Town,Kolkata,Regular,27-09-2024,18-09-2024,BLK_KOL_032,10,5102.92
KOL_CUST_003469,Esplanade,Central Kolkata,Kolkata,Regular,15-04-2024,21-03-2024,BLK_KOL_011,12,6617.71
KOL_CUST_003470,Shibpur,Howrah District,Kolkata,Premium,24-09-2024,18-09-2024,BLK_KOL_050,8,4233.81
KOL_CUST_003471,Shyambazar,North Kolkata,Kolkata,Regular,20-03-2023,06-03-2023,BLK_KOL_002,6,3049.57
KOL_CUST_003472,Esplanade,Central Kolkata,Kolkata,Regular,22-10-2024,06-10-2024,BLK_KOL_012,12,7058.89
KOL_CUST_003473,Baghbazar,North Kolkata,Kolkata,Regular,13-06-2023,15-05-2023,BLK_KOL_007,9,6010.49
KOL_CUST_003474,B.B.D. Bagh,Central Kolkata,Kolkata,Regular,15-08-2024,13-08-2024,BLK_KOL_016,5,2951.96
KOL_CUST_003475,Park Street,Central Kolkata,Kolkata,New,29-04-2023,10-04-2023,BLK_KOL_015,13,5197.21
KOL_CUST_003476,Rajarhat,Salt Lake & New Town,Kolkata,Regular,25-06-2023,07-06-2023,BLK_KOL_036,9,5086.21
KOL_CUST_003477,Behala,East Kolkata,Kolkata,Regular,07-01-2024,16-12-2023,BLK_KOL_044,11,6950.84
KOL_CUST_003478,Park Street,Central Kolkata,Kolkata,Regular,11-01-2024,07-01-2024,BLK_KOL_013,8,2696.7
KOL_CUST_003479,Gariahat,South Kolkata,Kolkata,Premium,10-02-2024,13-01-2024,BLK_KOL_023,7,4442.83
KOL_CUST_003480,Howrah,Howrah District,Kolkata,New,06-01-2023,25-12-2022,BLK_KOL_047,4,1500.44
KOL_CUST_003481,Kasba,East Kolkata,Kolkata,Regular,02-11-2023,22-10-2023,BLK_KOL_040,8,3448.47
KOL_CUST_003482,Esplanade,Central Kolkata,Kolkata,Premium,03-03-2024,21-02-2024,BLK_KOL_010,13,3949
KOL_CUST_003483,Park Street,Central Kolkata,Kolkata,Regular,10-04-2023,07-04-2023,BLK_KOL_014,5,4465.67
KOL_CUST_003484,Shibpur,Howrah District,Kolkata,Regular,22-05-2023,17-05-2023,BLK_KOL_050,11,4812.12
KOL_CUST_003485,Baghbazar,North Kolkata,Kolkata,Regular,07-06-2023,18-05-2023,BLK_KOL_008,9,5225.22
KOL_CUST_003486,Gariahat,South Kolkata,Kolkata,Regular,01-08-2023,30-07-2023,BLK_KOL_024,11,6370.16
KOL_CUST_003487,New Town,Salt Lake & New Town,Kolkata,Premium,26-04-2023,05-04-2023,BLK_KOL_031,4,2068.07
KOL_CUST_003488,Behala,East Kolkata,Kolkata,Regular,14-02-2024,17-01-2024,BLK_KOL_043,10,3491.935
KOL_CUST_003489,EM Bypass,East Kolkata,Kolkata,Regular,28-03-2023,16-03-2023,BLK_KOL_037,10,4425.75
KOL_CUST_003490,Esplanade,Central Kolkata,Kolkata,Regular,07-07-2023,15-06-2023,BLK_KOL_010,8,4506.21
KOL_CUST_003491,Park Street,Central Kolkata,Kolkata,Regular,02-05-2024,26-04-2024,BLK_KOL_015,9,3323.52
KOL_CUST_003492,B.B.D. Bagh,Central Kolkata,Kolkata,New,01-05-2023,10-04-2023,BLK_KOL_017,19,11372.85
KOL_CUST_003493,Shyambazar,North Kolkata,Kolkata,Regular,28-07-2023,11-07-2023,BLK_KOL_001,5,2571.1
KOL_CUST_003494,Tollygunge,South Kolkata,Kolkata,Premium,05-05-2023,06-04-2023,BLK_KOL_025,8,3033.06
KOL_CUST_003495,Behala,East Kolkata,Kolkata,Regular,14-06-2024,07-06-2024,BLK_KOL_044,8,3860.46
KOL_CUST_003496,Salt Lake,Salt Lake & New Town,Kolkata,Premium,20-07-2023,08-07-2023,BLK_KOL_028,12,5878.83
KOL_CUST_003497,Ultadanga,North Kolkata,Kolkata,Regular,19-02-2023,14-02-2023,BLK_KOL_006,10,6489.85
KOL_CUST_003498,Ballygunge,South Kolkata,Kolkata,Regular,20-09-2023,13-09-2023,BLK_KOL_019,7,3492.63
KOL_CUST_003499,Shibpur,Howrah District,Kolkata,Regular,14-05-2024,22-04-2024,BLK_KOL_049,13,5120.02
KOL_CUST_003500,Esplanade,Central Kolkata,Kolkata,Regular,09-02-2023,29-01-2023,BLK_KOL_010,16,7511.77
KOL_CUST_003501,Shyambazar,North Kolkata,Kolkata,Regular,11-02-2023,28-01-2023,BLK_KOL_003,6,2087.09
KOL_CUST_003502,Tollygunge,South Kolkata,Kolkata,Regular,02-01-2024,27-12-2023,BLK_KOL_027,11,6455.74
KOL_CUST_003503,Tollygunge,South Kolkata,Kolkata,Regular,17-09-2024,08-09-2024,BLK_KOL_025,11,6301.53
KOL_CUST_003504,Rajarhat,Salt Lake & New Town,Kolkata,Regular,03-08-2023,09-07-2023,BLK_KOL_035,9,5048.655
KOL_CUST_003505,Behala,East Kolkata,Kolkata,Premium,26-03-2023,17-03-2023,BLK_KOL_045,9,3512.95
KOL_CUST_003506,Shyambazar,North Kolkata,Kolkata,Regular,05-08-2024,18-07-2024,BLK_KOL_003,10,7017.84
KOL_CUST_003507,Esplanade,Central Kolkata,Kolkata,Regular,18-05-2024,23-04-2024,BLK_KOL_012,13,7387.01
KOL_CUST_003508,Ballygunge,South Kolkata,Kolkata,Regular,18-08-2023,24-07-2023,BLK_KOL_021,8,4274.28
KOL_CUST_003509,Baghbazar,North Kolkata,Kolkata,Regular,19-08-2023,04-08-2023,BLK_KOL_009,11,5569.33
KOL_CUST_003510,Rajarhat,Salt Lake & New Town,Kolkata,Regular,23-04-2024,16-04-2024,BLK_KOL_036,9,4484.065
KOL_CUST_003511,Howrah,Howrah District,Kolkata,Premium,27-07-2023,04-07-2023,BLK_KOL_047,10,4417.45
KOL_CUST_003512,Shyambazar,North Kolkata,Kolkata,New,27-02-2024,15-02-2024,BLK_KOL_001,6,1765.09
KOL_CUST_003513,Kasba,East Kolkata,Kolkata,Regular,05-04-2024,23-03-2024,BLK_KOL_042,13,6479.32
KOL_CUST_003514,Tollygunge,South Kolkata,Kolkata,New,21-01-2024,18-01-2024,BLK_KOL_025,7,5653.55
KOL_CUST_003515,B.B.D. Bagh,Central Kolkata,Kolkata,New,29-04-2024,09-04-2024,BLK_KOL_018,7,2002.63
KOL_CUST_003516,Rajarhat,Salt Lake & New Town,Kolkata,Premium,25-09-2023,31-08-2023,BLK_KOL_036,4,1976.82
KOL_CUST_003517,Shyambazar,North Kolkata,Kolkata,Regular,24-03-2023,25-02-2023,BLK_KOL_001,6,2659.88
KOL_CUST_003518,Esplanade,Central Kolkata,Kolkata,Regular,12-09-2023,18-08-2023,BLK_KOL_012,11,4467.37
KOL_CUST_003519,Santragachi,Howrah District,Kolkata,Regular,31-01-2024,08-01-2024,BLK_KOL_052,7,4655.35
KOL_CUST_003520,Esplanade,Central Kolkata,Kolkata,Premium,14-03-2024,05-03-2024,BLK_KOL_012,16,9334.46
KOL_CUST_003521,Behala,East Kolkata,Kolkata,Regular,20-02-2023,27-01-2023,BLK_KOL_043,9,5342.95
KOL_CUST_003522,Tollygunge,South Kolkata,Kolkata,Regular,21-10-2024,15-10-2024,BLK_KOL_027,13,6946.33
KOL_CUST_003523,Baghbazar,North Kolkata,Kolkata,Regular,01-06-2024,26-05-2024,BLK_KOL_009,10,4614.15
KOL_CUST_003524,Tollygunge,South Kolkata,Kolkata,Premium,19-04-2024,15-04-2024,BLK_KOL_027,12,5338.99
KOL_CUST_003525,Ultadanga,North Kolkata,Kolkata,Regular,29-06-2023,15-06-2023,BLK_KOL_006,14,7764.75
KOL_CUST_003526,EM Bypass,East Kolkata,Kolkata,Premium,03-04-2023,16-03-2023,BLK_KOL_037,8,3936.58
KOL_CUST_003527,B.B.D. Bagh,Central Kolkata,Kolkata,Regular,16-09-2023,14-09-2023,BLK_KOL_018,9,5859.52
KOL_CUST_003528,Gariahat,South Kolkata,Kolkata,Regular,04-05-2023,01-05-2023,BLK_KOL_023,11,4689.19
KOL_CUST_003529,Ballygunge,South Kolkata,Kolkata,Regular,27-02-2023,26-02-2023,BLK_KOL_021,16,8124.56
KOL_CUST_003530,Howrah,Howrah District,Kolkata,Premium,16-01-2024,31-12-2023,BLK_KOL_046,10,4301.84
KOL_CUST_003531,New Town,Salt Lake & New Town,Kolkata,New,15-10-2024,14-10-2024,BLK_KOL_033,12,4798.5
KOL_CUST_003532,Ballygunge,South Kolkata,Kolkata,Premium,15-02-2024,21-01-2024,BLK_KOL_019,10,5792.54
KOL_CUST_003533,Behala,East Kolkata,Kolkata,Premium,16-10-2023,28-09-2023,BLK_KOL_043,7,2796.02
KOL_CUST_003534,Ultadanga,North Kolkata,Kolkata,New,29-08-2024,08-08-2024,BLK_KOL_004,12,5008.6
KOL_CUST_003535,Park Street,Central Kolkata,Kolkata,Regular,20-11-2023,11-11-2023,BLK_KOL_013,8,5009.49
KOL_CUST_003536,Tollygunge,South Kolkata,Kolkata,New,27-02-2024,23-02-2024,BLK_KOL_027,1,688.59
KOL_CUST_003537,Santragachi,Howrah District,Kolkata,Regular,05-02-2024,04-02-2024,BLK_KOL_052,8,3312.75
KOL_CUST_003538,Salt Lake,Salt Lake & New Town,Kolkata,New,05-11-2023,31-10-2023,BLK_KOL_028,6,3434.25
KOL_CUST_003539,Salt Lake,Salt Lake & New Town,Kolkata,Premium,26-09-2023,21-09-2023,BLK_KOL_030,17,7323.48
KOL_CUST_003540,EM Bypass,East Kolkata,Kolkata,Premium,10-06-2023,11-05-2023,BLK_KOL_039,6,4325.73
KOL_CUST_003541,Baghbazar,North Kolkata,Kolkata,Regular,24-11-2023,14-11-2023,BLK_KOL_008,6,4112
KOL_CUST_003542,Behala,East Kolkata,Kolkata,New,30-08-2024,17-08-2024,BLK_KOL_043,6,3483.12
KOL_CUST_003543,Ballygunge,South Kolkata,Kolkata,Regular,03-08-2024,22-07-2024,BLK_KOL_020,9,3380.42
KOL_CUST_003544,Gariahat,South Kolkata,Kolkata,Regular,28-08-2024,07-08-2024,BLK_KOL_023,9,3255.94
KOL_CUST_003545,Salt Lake,Salt Lake & New Town,Kolkata,New,13-01-2024,22-12-2023,BLK_KOL_029,11,5396.2
KOL_CUST_003546,Rajarhat,Salt Lake & New Town,Kolkata,Regular,02-07-2024,20-06-2024,BLK_KOL_036,10,3318.39
KOL_CUST_003547,Ultadanga,North Kolkata,Kolkata,Regular,09-10-2023,05-10-2023,BLK_KOL_004,12,6091.49
KOL_CUST_003548,Santragachi,Howrah District,Kolkata,Premium,17-10-2023,03-10-2023,BLK_KOL_053,7,3498.42
KOL_CUST_003549,EM Bypass,East Kolkata,Kolkata,Regular,26-05-2024,30-04-2024,BLK_KOL_037,10,4795.31
KOL_CUST_003550,Kasba,East Kolkata,Kolkata,Regular,21-02-2023,23-01-2023,BLK_KOL_041,11,3560.93
KOL_CUST_003551,Shibpur,Howrah District,Kolkata,Regular,05-03-2024,21-02-2024,BLK_KOL_049,8,3155.97
KOL_CUST_003552,Shyambazar,North Kolkata,Kolkata,Regular,18-07-2023,09-07-2023,BLK_KOL_002,4,1051.47
KOL_CUST_003553,Gariahat,South Kolkata,Kolkata,New,20-02-2023,01-02-2023,BLK_KOL_022,6,2541.81
KOL_CUST_003554,Ultadanga,North Kolkata,Kolkata,Regular,19-01-2023,14-01-2023,BLK_KOL_004,11,5177.03
KOL_CUST_003555,Salt Lake,Salt Lake & New Town,Kolkata,Regular,10-05-2023,16-04-2023,BLK_KOL_029,11,5673.46
KOL_CUST_003556,Ballygunge,South Kolkata,Kolkata,Premium,16-01-2023,09-01-2023,BLK_KOL_021,8,4502.98
KOL_CUST_003557,Gariahat,South Kolkata,Kolkata,Regular,18-07-2023,09-07-2023,BLK_KOL_024,4,2933.56
KOL_CUST_003558,Ultadanga,North Kolkata,Kolkata,Regular,03-10-2023,16-09-2023,BLK_KOL_005,10,5421.31
KOL_CUST_003559,Tollygunge,South Kolkata,Kolkata,Regular,18-09-2023,17-09-2023,BLK_KOL_025,12,5316.43
KOL_CUST_003560,B.B.D. Bagh,Central Kolkata,Kolkata,Regular,26-03-2023,02-03-2023,BLK_KOL_016,9,4038.18
KOL_CUST_003561,Shyambazar,North Kolkata,Kolkata,Premium,17-06-2023,10-06-2023,BLK_KOL_002,8,4477.18
KOL_CUST_003562,Shyambazar,North Kolkata,Kolkata,Regular,23-11-2023,10-11-2023,BLK_KOL_002,7,2198.7
KOL_CUST_003563,Salt Lake,Salt Lake & New Town,Kolkata,Regular,25-07-2024,06-07-2024,BLK_KOL_029,6,1580.03
KOL_CUST_003564,Shyambazar,North Kolkata,Kolkata,Regular,11-03-2023,14-02-2023,BLK_KOL_003,13,8395.83
KOL_CUST_003565,Baghbazar,North Kolkata,Kolkata,Regular,03-10-2023,02-10-2023,BLK_KOL_007,10,3312.4
KOL_CUST_003566,Baghbazar,North Kolkata,Kolkata,Premium,15-01-2023,07-01-2023,BLK_KOL_007,9,4766.18
KOL_CUST_003567,Howrah,Howrah District,Kolkata,Regular,13-04-2023,25-03-2023,BLK_KOL_046,8,3980.26
KOL_CUST_003568,Behala,East Kolkata,Kolkata,Regular,23-01-2024,05-01-2024,BLK_KOL_044,7,5995.11
KOL_CUST_003569,New Town,Salt Lake & New Town,Kolkata,New,21-10-2023,23-09-2023,BLK_KOL_032,14,5262.77
KOL_CUST_003570,Kasba,East Kolkata,Kolkata,Regular,23-07-2023,21-07-2023,BLK_KOL_041,11,4212.26
KOL_CUST_003571,Shibpur,Howrah District,Kolkata,Regular,12-08-2023,08-08-2023,BLK_KOL_051,19,9651.49
KOL_CUST_003572,Gariahat,South Kolkata,Kolkata,New,12-02-2024,26-01-2024,BLK_KOL_023,11,5484.48
KOL_CUST_003573,New Town,Salt Lake & New Town,Kolkata,Regular,27-01-2023,15-01-2023,BLK_KOL_031,13,6015.47
KOL_CUST_003574,New Town,Salt Lake & New Town,Kolkata,New,12-02-2023,02-02-2023,BLK_KOL_032,5,2180.355
KOL_CUST_003575,Shyambazar,North Kolkata,Kolkata,Regular,22-07-2023,30-06-2023,BLK_KOL_002,13,4061.5
KOL_CUST_003576,Rajarhat,Salt Lake & New Town,Kolkata,Regular,02-08-2023,19-07-2023,BLK_KOL_035,5,1891.47
KOL_CUST_003577,New Town,Salt Lake & New Town,Kolkata,Regular,11-02-2023,02-02-2023,BLK_KOL_031,11,4351.97
KOL_CUST_003578,Tollygunge,South Kolkata,Kolkata,Regular,09-08-2024,17-07-2024,BLK_KOL_026,7,3541.92
KOL_CUST_003579,Ultadanga,North Kolkata,Kolkata,New,19-07-2023,25-06-2023,BLK_KOL_004,12,4271.47
KOL_CUST_003580,Park Street,Central Kolkata,Kolkata,New,03-10-2024,10-09-2024,BLK_KOL_014,4,2559.06
KOL_CUST_003581,Park Street,Central Kolkata,Kolkata,Regular,19-09-2024,20-08-2024,BLK_KOL_013,8,1802.54
KOL_CUST_003582,Shyambazar,North Kolkata,Kolkata,Premium,16-05-2023,29-04-2023,BLK_KOL_001,13,6962.03
KOL_CUST_003583,Baghbazar,North Kolkata,Kolkata,New,19-06-2023,04-06-2023,BLK_KOL_009,7,3034.07
KOL_CUST_003584,Rajarhat,Salt Lake & New Town,Kolkata,Regular,08-04-2024,02-04-2024,BLK_KOL_035,7,3917.2
KOL_CUST_003585,Gariahat,South Kolkata,Kolkata,Premium,14-04-2023,04-04-2023,BLK_KOL_024,11,3815.06
KOL_CUST_003586,Esplanade,Central Kolkata,Kolkata,New,13-10-2024,25-09-2024,BLK_KOL_011,11,5834.635
KOL_CUST_003587,Esplanade,Central Kolkata,Kolkata,New,02-05-2023,11-04-2023,BLK_KOL_012,3,756.1
KOL_CUST_003588,New Town,Salt Lake & New Town,Kolkata,Regular,23-11-2023,26-10-2023,BLK_KOL_033,6,2001.78
KOL_CUST_003589,Esplanade,Central Kolkata,Kolkata,Regular,01-02-2024,26-01-2024,BLK_KOL_010,6,1194.54
KOL_CUST_003590,Tollygunge,South Kolkata,Kolkata,Premium,20-11-2023,15-11-2023,BLK_KOL_027,8,3215.21
KOL_CUST_003591,Shibpur,Howrah District,Kolkata,Premium,19-10-2023,25-09-2023,BLK_KOL_050,10,4967.84
KOL_CUST_003592,B.B.D. Bagh,Central Kolkata,Kolkata,Regular,28-09-2023,29-08-2023,BLK_KOL_016,9,4949.38
KOL_CUST_003593,Baghbazar,North Kolkata,Kolkata,Premium,29-09-2023,31-08-2023,BLK_KOL_008,8,3722.66
KOL_CUST_003594,Santragachi,Howrah District,Kolkata,Regular,06-01-2024,23-12-2023,BLK_KOL_052,8,4847.29
KOL_CUST_003595,New Town,Salt Lake & New Town,Kolkata,Regular,23-07-2023,29-06-2023,BLK_KOL_033,9,4030.01
KOL_CUST_003596,Salt Lake,Salt Lake & New Town,Kolkata,New,14-03-2024,29-02-2024,BLK_KOL_029,7,4136.845
KOL_CUST_003597,Salt Lake,Salt Lake & New Town,Kolkata,Premium,20-11-2023,17-11-2023,BLK_KOL_028,6,4447.59
KOL_CUST_003598,Shyambazar,North Kolkata,Kolkata,New,16-01-2023,23-12-2022,BLK_KOL_001,13,8104.69
KOL_CUST_003599,Park Street,Central Kolkata,Kolkata,Regular,06-06-2023,23-05-2023,BLK_KOL_014,6,3078.95
KOL_CUST_003600,Kasba,East Kolkata,Kolkata,New,10-09-2023,16-08-2023,BLK_KOL_041,8,3274.03
KOL_CUST_003601,Park Street,Central Kolkata,Kolkata,Regular,03-04-2024,02-04-2024,BLK_KOL_015,13,3468.75
KOL_CUST_003602,Kasba,East Kolkata,Kolkata,New,17-07-2024,17-06-2024,BLK_KOL_042,9,3046.37
KOL_CUST_003603,EM Bypass,East Kolkata,Kolkata,Regular,07-03-2024,04-03-2024,BLK_KOL_038,10,6611.45
KOL_CUST_003604,Behala,East Kolkata,Kolkata,New,28-07-2024,13-07-2024,BLK_KOL_045,10,3476.98
KOL_CUST_003605,Tollygunge,South Kolkata,Kolkata,Regular,30-05-2024,03-05-2024,BLK_KOL_026,6,2833.42
KOL_CUST_003606,B.B.D. Bagh,Central Kolkata,Kolkata,Regular,09-01-2023,08-01-2023,BLK_KOL_016,10,5243.4
KOL_CUST_003607,Esplanade,Central Kolkata,Kolkata,Regular,04-06-2024,19-05-2024,BLK_KOL_010,5,2616
KOL_CUST_003608,Park Street,Central Kolkata,Kolkata,New,25-06-2023,30-05-2023,BLK_KOL_014,8,3627.96
KOL_CUST_003609,Ultadanga,North Kolkata,Kolkata,New,02-05-2023,07-04-2023,BLK_KOL_006,9,5524.61
KOL_CUST_003610,Park Street,Central Kolkata,Kolkata,Premium,18-03-2024,21-02-2024,BLK_KOL_015,10,6005.67
KOL_CUST_003611,Tollygunge,South Kolkata,Kolkata,Premium,01-07-2024,22-06-2024,BLK_KOL_025,10,6706.91
KOL_CUST_003612,B.B.D. Bagh,Central Kolkata,Kolkata,Regular,12-05-2023,03-05-2023,BLK_KOL_017,13,4791.74
KOL_CUST_003613,Baghbazar,North Kolkata,Kolkata,Regular,21-02-2024,01-02-2024,BLK_KOL_008,14,6620.67
KOL_CUST_003614,Ballygunge,South Kolkata,Kolkata,Regular,22-10-2023,07-10-2023,BLK_KOL_019,7,3468.19
KOL_CUST_003615,Kasba,East Kolkata,Kolkata,Regular,09-08-2023,21-07-2023,BLK_KOL_040,5,2465.71
KOL_CUST_003616,Shibpur,Howrah District,Kolkata,Regular,14-09-2024,21-08-2024,BLK_KOL_051,7,3925.27
KOL_CUST_003617,Shibpur,Howrah District,Kolkata,Regular,02-05-2023,19-04-2023,BLK_KOL_049,13,7792.81
KOL_CUST_003618,Shyambazar,North Kolkata,Kolkata,Regular,13-10-2023,11-10-2023,BLK_KOL_003,9,3385.9
KOL_CUST_003619,B.B.D. Bagh,Central Kolkata,Kolkata,Regular,08-07-2024,16-06-2024,BLK_KOL_016,7,1760.79
KOL_CUST_003620,Baghbazar,North Kolkata,Kolkata,Regular,05-04-2024,04-04-2024,BLK_KOL_007,7,2801.23
KOL_CUST_003621,EM Bypass,East Kolkata,Kolkata,Regular,24-01-2023,07-01-2023,BLK_KOL_039,6,2671.97
KOL_CUST_003622,Gariahat,South Kolkata,Kolkata,Regular,12-10-2023,21-09-2023,BLK_KOL_022,10,5157.23
KOL_CUST_003623,EM Bypass,East Kolkata,Kolkata,Regular,03-11-2023,01-11-2023,BLK_KOL_038,6,2633.58
KOL_CUST_003624,Ballygunge,South Kolkata,Kolkata,Regular,18-04-2023,30-03-2023,BLK_KOL_019,18,11518.55
KOL_CUST_003625,Ultadanga,North Kolkata,Kolkata,Premium,14-07-2023,13-07-2023,BLK_KOL_006,14,6898.69
KOL_CUST_003626,Howrah,Howrah District,Kolkata,Premium,03-05-2024,10-04-2024,BLK_KOL_047,3,921.38
KOL_CUST_003627,Esplanade,Central Kolkata,Kolkata,Regular,08-04-2023,21-03-2023,BLK_KOL_011,14,7674.56
KOL_CUST_003628,Esplanade,Central Kolkata,Kolkata,New,17-07-2024,12-07-2024,BLK_KOL_012,15,6200.23
KOL_CUST_003629,Rajarhat,Salt Lake & New Town,Kolkata,Regular,27-01-2024,18-01-2024,BLK_KOL_034,9,3747.76
KOL_CUST_003630,Salt Lake,Salt Lake & New Town,Kolkata,Regular,26-08-2024,15-08-2024,BLK_KOL_028,11,6162.89
KOL_CUST_003631,Shyambazar,North Kolkata,Kolkata,Regular,09-02-2024,25-01-2024,BLK_KOL_002,13,6448.11
KOL_CUST_003632,New Town,Salt Lake & New Town,Kolkata,Premium,02-10-2023,02-09-2023,BLK_KOL_032,9,3117.99
KOL_CUST_003633,Shibpur,Howrah District,Kolkata,Regular,15-08-2024,14-08-2024,BLK_KOL_051,9,5213.19
KOL_CUST_003634,Behala,East Kolkata,Kolkata,Regular,04-11-2023,20-10-2023,BLK_KOL_044,8,3829.53
KOL_CUST_003635,Kasba,East Kolkata,Kolkata,Regular,18-11-2023,01-11-2023,BLK_KOL_041,9,3296.11
KOL_CUST_003636,Howrah,Howrah District,Kolkata,Premium,20-03-2024,13-03-2024,BLK_KOL_046,4,1589.93
KOL_CUST_003637,EM Bypass,East Kolkata,Kolkata,Regular,26-03-2023,08-03-2023,BLK_KOL_039,10,3375.36
KOL_CUST_003638,New Town,Salt Lake & New Town,Kolkata,Regular,21-01-2024,07-01-2024,BLK_KOL_031,5,2879.69
KOL_CUST_003639,Esplanade,Central Kolkata,Kolkata,Premium,04-01-2024,25-12-2023,BLK_KOL_010,11,5448.59
KOL_CUST_003640,Santragachi,Howrah District,Kolkata,Regular,05-06-2023,19-05-2023,BLK_KOL_053,5,3481.05
KOL_CUST_003641,B.B.D. Bagh,Central Kolkata,Kolkata,Premium,30-05-2024,05-05-2024,BLK_KOL_016,7,3203.06
KOL_CUST_003642,EM Bypass,East Kolkata,Kolkata,New,24-03-2024,20-03-2024,BLK_KOL_037,10,2658.42
KOL_CUST_003643,Ultadanga,North Kolkata,Kolkata,Regular,15-07-2024,20-06-2024,BLK_KOL_006,9,3803.62
KOL_CUST_003644,Rajarhat,Salt Lake & New Town,Kolkata,Regular,12-05-2024,26-04-2024,BLK_KOL_035,5,1789.15
KOL_CUST_003645,Behala,East Kolkata,Kolkata,Premium,01-07-2024,11-06-2024,BLK_KOL_043,8,4514.6
KOL_CUST_003646,Gariahat,South Kolkata,Kolkata,Regular,30-05-2023,01-05-2023,BLK_KOL_023,6,3485.74
KOL_CUST_003647,Baghbazar,North Kolkata,Kolkata,Regular,04-10-2023,05-09-2023,BLK_KOL_009,11,4463.76
KOL_CUST_003648,Park Street,Central Kolkata,Kolkata,Regular,30-11-2023,29-11-2023,BLK_KOL_015,4,967.24
KOL_CUST_003649,Rajarhat,Salt Lake & New Town,Kolkata,Regular,04-01-2023,26-12-2022,BLK_KOL_035,9,5547.01
KOL_CUST_003650,B.B.D. Bagh,Central Kolkata,Kolkata,Regular,16-08-2023,24-07-2023,BLK_KOL_018,8,2661.79
KOL_CUST_003651,Santragachi,Howrah District,Kolkata,Premium,22-10-2024,04-10-2024,BLK_KOL_052,12,6123.81
KOL_CUST_003652,Shibpur,Howrah District,Kolkata,Premium,20-11-2023,21-10-2023,BLK_KOL_049,8,2877.25
KOL_CUST_003653,Kasba,East Kolkata,Kolkata,Regular,08-02-2024,28-01-2024,BLK_KOL_041,8,4065.03
KOL_CUST_003654,Ultadanga,North Kolkata,Kolkata,New,28-05-2023,15-05-2023,BLK_KOL_004,17,4692.45
KOL_CUST_003655,Rajarhat,Salt Lake & New Town,Kolkata,New,08-10-2024,15-09-2024,BLK_KOL_035,8,3958.9
KOL_CUST_003656,Gariahat,South Kolkata,Kolkata,New,22-01-2023,14-01-2023,BLK_KOL_022,4,2875.45
KOL_CUST_003657,Baghbazar,North Kolkata,Kolkata,Premium,19-06-2023,15-06-2023,BLK_KOL_008,6,3328.94
KOL_CUST_003658,Tollygunge,South Kolkata,Kolkata,Regular,03-08-2024,29-07-2024,BLK_KOL_025,6,3224.26
KOL_CUST_003659,Kasba,East Kolkata,Kolkata,Regular,03-03-2024,24-02-2024,BLK_KOL_041,9,5327.71
KOL_CUST_003660,New Town,Salt Lake & New Town,Kolkata,Premium,26-02-2024,01-02-2024,BLK_KOL_033,6,2365.79
KOL_CUST_003661,Behala,East Kolkata,Kolkata,Regular,17-06-2024,12-06-2024,BLK_KOL_043,7,2166.3
KOL_CUST_003662,Rajarhat,Salt Lake & New Town,Kolkata,Regular,11-09-2024,31-08-2024,BLK_KOL_034,5,2963.08
KOL_CUST_003663,Park Street,Central Kolkata,Kolkata,Premium,09-01-2023,18-12-2022,BLK_KOL_014,11,3288.93
KOL_CUST_003664,Behala,East Kolkata,Kolkata,Premium,20-05-2023,10-05-2023,BLK_KOL_045,7,3675.46
KOL_CUST_003665,Kasba,East Kolkata,Kolkata,Regular,08-07-2024,24-06-2024,BLK_KOL_042,9,3846.48
KOL_CUST_003666,Behala,East Kolkata,Kolkata,Premium,02-06-2023,29-05-2023,BLK_KOL_045,10,4119.38
KOL_CUST_003667,Ballygunge,South Kolkata,Kolkata,Regular,21-03-2023,09-03-2023,BLK_KOL_021,6,2639.66
KOL_CUST_003668,Tollygunge,South Kolkata,Kolkata,Regular,03-09-2024,13-08-2024,BLK_KOL_027,8,4882.16
KOL_CUST_003669,Howrah,Howrah District,Kolkata,Regular,01-02-2024,16-01-2024,BLK_KOL_046,15,11257.52
KOL_CUST_003670,Gariahat,South Kolkata,Kolkata,New,29-08-2023,19-08-2023,BLK_KOL_024,11,5371.41
KOL_CUST_003671,Salt Lake,Salt Lake & New Town,Kolkata,Regular,19-06-2023,28-05-2023,BLK_KOL_030,15,5921.98
KOL_CUST_003672,Ultadanga,North Kolkata,Kolkata,Regular,05-09-2023,11-08-2023,BLK_KOL_005,10,5832.3
KOL_CUST_003673,Shibpur,Howrah District,Kolkata,New,18-09-2023,12-09-2023,BLK_KOL_051,10,4721.72
KOL_CUST_003674,Salt Lake,Salt Lake & New Town,Kolkata,Regular,17-08-2024,08-08-2024,BLK_KOL_028,9,3183.27
KOL_CUST_003675,Behala,East Kolkata,Kolkata,Regular,12-07-2024,07-07-2024,BLK_KOL_045,13,7062.74
KOL_CUST_003676,Baghbazar,North Kolkata,Kolkata,New,15-04-2024,08-04-2024,BLK_KOL_007,13,5540.36
KOL_CUST_003677,EM Bypass,East Kolkata,Kolkata,Regular,23-09-2023,18-09-2023,BLK_KOL_037,6,1959.29
KOL_CUST_003678,Shibpur,Howrah District,Kolkata,Regular,19-03-2023,27-02-2023,BLK_KOL_050,10,4886.01
KOL_CUST_003679,Shyambazar,North Kolkata,Kolkata,New,21-09-2024,04-09-2024,BLK_KOL_001,7,4049.135
KOL_CUST_003680,Gariahat,South Kolkata,Kolkata,Regular,14-06-2023,20-05-2023,BLK_KOL_023,4,1125.84
KOL_CUST_003681,Shyambazar,North Kolkata,Kolkata,Regular,19-11-2023,23-10-2023,BLK_KOL_001,8,4897
KOL_CUST_003682,Park Street,Central Kolkata,Kolkata,Regular,10-02-2023,07-02-2023,BLK_KOL_015,8,4223.01
KOL_CUST_003683,New Town,Salt Lake & New Town,Kolkata,Regular,16-04-2023,07-04-2023,BLK_KOL_031,14,6667.5
KOL_CUST_003684,New Town,Salt Lake & New Town,Kolkata,Regular,01-01-2023,18-12-2022,BLK_KOL_031,6,3478.38
KOL_CUST_003685,Howrah,Howrah District,Kolkata,Regular,09-04-2023,29-03-2023,BLK_KOL_047,7,3844.67
KOL_CUST_003686,B.B.D. Bagh,Central Kolkata,Kolkata,Regular,24-10-2023,26-09-2023,BLK_KOL_016,16,7629.04
KOL_CUST_003687,Shibpur,Howrah District,Kolkata,Regular,01-09-2023,04-08-2023,BLK_KOL_051,8,4030.22
KOL_CUST_003688,Park Street,Central Kolkata,Kolkata,Premium,19-08-2023,27-07-2023,BLK_KOL_013,8,2741.21
KOL_CUST_003689,Park Street,Central Kolkata,Kolkata,Regular,09-10-2023,12-09-2023,BLK_KOL_015,8,3736.505
KOL_CUST_003690,Rajarhat,Salt Lake & New Town,Kolkata,Regular,07-09-2024,03-09-2024,BLK_KOL_035,8,4577.45
KOL_CUST_003691,Esplanade,Central Kolkata,Kolkata,Regular,03-11-2023,28-10-2023,BLK_KOL_011,7,3518.06
KOL_CUST_003692,Santragachi,Howrah District,Kolkata,Regular,08-07-2023,20-06-2023,BLK_KOL_052,14,7166.89
KOL_CUST_003693,Santragachi,Howrah District,Kolkata,Premium,25-05-2023,21-05-2023,BLK_KOL_053,6,2443.855
KOL_CUST_003694,Shyambazar,North Kolkata,Kolkata,Premium,02-09-2023,04-08-2023,BLK_KOL_001,11,3647.36
KOL_CUST_003695,Kasba,East Kolkata,Kolkata,Regular,18-10-2024,17-10-2024,BLK_KOL_040,9,3589.86
KOL_CUST_003696,Tollygunge,South Kolkata,Kolkata,Regular,13-05-2023,16-04-2023,BLK_KOL_026,7,3480.38
KOL_CUST_003697,Kasba,East Kolkata,Kolkata,Regular,27-10-2023,28-09-2023,BLK_KOL_040,10,6461.32
KOL_CUST_003698,Shyambazar,North Kolkata,Kolkata,Regular,11-02-2024,04-02-2024,BLK_KOL_003,10,6211.5
KOL_CUST_003699,Ultadanga,North Kolkata,Kolkata,New,06-01-2024,27-12-2023,BLK_KOL_004,4,3174.49
KOL_CUST_003700,Ballygunge,South Kolkata,Kolkata,Premium,12-04-2023,13-03-2023,BLK_KOL_019,8,3735.51
KOL_CUST_003701,Gariahat,South Kolkata,Kolkata,Premium,13-08-2024,04-08-2024,BLK_KOL_022,11,7293.99
KOL_CUST_003702,Kasba,East Kolkata,Kolkata,Premium,11-10-2024,03-10-2024,BLK_KOL_041,7,2474.09
KOL_CUST_003703,Ultadanga,North Kolkata,Kolkata,Regular,15-06-2024,09-06-2024,BLK_KOL_005,7,3267.23
KOL_CUST_003704,Santragachi,Howrah District,Kolkata,Regular,27-01-2023,07-01-2023,BLK_KOL_053,7,2363.25
KOL_CUST_003705,Behala,East Kolkata,Kolkata,Premium,09-09-2024,12-08-2024,BLK_KOL_043,10,3616.69
KOL_CUST_003706,Esplanade,Central Kolkata,Kolkata,Regular,23-04-2024,21-04-2024,BLK_KOL_010,8,3243.18
KOL_CUST_003707,Kasba,East Kolkata,Kolkata,Regular,26-04-2023,11-04-2023,BLK_KOL_042,13,5595.77
KOL_CUST_003708,New Town,Salt Lake & New Town,Kolkata,New,20-08-2024,02-08-2024,BLK_KOL_031,16,11103.59
KOL_CUST_003709,Rajarhat,Salt Lake & New Town,Kolkata,Regular,07-09-2024,14-08-2024,BLK_KOL_036,6,2767.49
KOL_CUST_003710,Rajarhat,Salt Lake & New Town,Kolkata,Regular,02-12-2023,14-11-2023,BLK_KOL_036,10,6550.54
KOL_CUST_003711,Shyambazar,North Kolkata,Kolkata,New,24-03-2023,27-02-2023,BLK_KOL_001,8,4489.14
KOL_CUST_003712,Shyambazar,North Kolkata,Kolkata,Premium,26-02-2023,03-02-2023,BLK_KOL_003,12,4995.74
KOL_CUST_003713,B.B.D. Bagh,Central Kolkata,Kolkata,Premium,09-09-2023,06-09-2023,BLK_KOL_018,6,2121.85
KOL_CUST_003714,Salt Lake,Salt Lake & New Town,Kolkata,Regular,01-05-2024,22-04-2024,BLK_KOL_030,6,2726.68
KOL_CUST_003715,Ultadanga,North Kolkata,Kolkata,New,05-09-2023,24-08-2023,BLK_KOL_006,16,7708.26
KOL_CUST_003716,Gariahat,South Kolkata,Kolkata,New,29-11-2023,21-11-2023,BLK_KOL_022,13,6433.25
KOL_CUST_003717,Ultadanga,North Kolkata,Kolkata,New,25-05-2023,29-04-2023,BLK_KOL_005,12,6631.31
KOL_CUST_003718,Ultadanga,North Kolkata,Kolkata,New,09-08-2023,30-07-2023,BLK_KOL_006,17,5239.2
KOL_CUST_003719,Ultadanga,North Kolkata,Kolkata,Regular,09-05-2023,12-04-2023,BLK_KOL_006,6,3155.3
KOL_CUST_003720,Santragachi,Howrah District,Kolkata,Regular,18-08-2023,24-07-2023,BLK_KOL_053,11,5015.36
KOL_CUST_003721,Ballygunge,South Kolkata,Kolkata,Regular,30-05-2024,17-05-2024,BLK_KOL_020,13,5913.76
KOL_CUST_003722,Kasba,East Kolkata,Kolkata,Premium,02-03-2023,11-02-2023,BLK_KOL_042,9,6378.4
KOL_CUST_003723,Santragachi,Howrah District,Kolkata,Premium,28-04-2024,01-04-2024,BLK_KOL_052,4,1556.39
KOL_CUST_003724,Tollygunge,South Kolkata,Kolkata,Premium,16-02-2024,28-01-2024,BLK_KOL_026,11,3643.65
KOL_CUST_003725,New Town,Salt Lake & New Town,Kolkata,Regular,20-07-2024,22-06-2024,BLK_KOL_031,8,4415.63
KOL_CUST_003726,Park Street,Central Kolkata,Kolkata,Premium,01-03-2024,14-02-2024,BLK_KOL_014,7,5571.8
KOL_CUST_003727,Baghbazar,North Kolkata,Kolkata,Regular,27-06-2023,18-06-2023,BLK_KOL_007,6,4294.91
KOL_CUST_003728,Shyambazar,North Kolkata,Kolkata,Regular,01-02-2023,23-01-2023,BLK_KOL_003,7,5194.01
KOL_CUST_003729,Ballygunge,South Kolkata,Kolkata,Regular,24-06-2024,29-05-2024,BLK_KOL_021,11,5759.81
KOL_CUST_003730,Park Street,Central Kolkata,Kolkata,Premium,18-04-2023,10-04-2023,BLK_KOL_014,10,4625.81
KOL_CUST_003731,Rajarhat,Salt Lake & New Town,Kolkata,Premium,11-05-2023,27-04-2023,BLK_KOL_036,9,4298.23
KOL_CUST_003732,Tollygunge,South Kolkata,Kolkata,Regular,16-09-2023,30-08-2023,BLK_KOL_025,8,2653.37
KOL_CUST_003733,EM Bypass,East Kolkata,Kolkata,New,11-10-2023,06-10-2023,BLK_KOL_039,9,3128.1
KOL_CUST_003734,Kasba,East Kolkata,Kolkata,Premium,07-08-2023,19-07-2023,BLK_KOL_042,6,3422.21
KOL_CUST_003735,Santragachi,Howrah District,Kolkata,New,10-06-2024,01-06-2024,BLK_KOL_052,7,1254.17
KOL_CUST_003736,B.B.D. Bagh,Central Kolkata,Kolkata,Regular,02-02-2024,25-01-2024,BLK_KOL_016,9,5118.65
KOL_CUST_003737,Rajarhat,Salt Lake & New Town,Kolkata,Regular,15-10-2023,21-09-2023,BLK_KOL_036,5,2009.86
KOL_CUST_003738,Esplanade,Central Kolkata,Kolkata,Regular,10-10-2023,18-09-2023,BLK_KOL_011,9,4579.5
KOL_CUST_003739,Shibpur,Howrah District,Kolkata,New,05-09-2024,21-08-2024,BLK_KOL_050,10,4509.3
KOL_CUST_003740,Tollygunge,South Kolkata,Kolkata,Regular,29-09-2023,05-09-2023,BLK_KOL_025,7,2729.56
KOL_CUST_003741,Park Street,Central Kolkata,Kolkata,Regular,16-10-2023,08-10-2023,BLK_KOL_013,13,6445.83
KOL_CUST_003742,Tollygunge,South Kolkata,Kolkata,Regular,13-06-2024,26-05-2024,BLK_KOL_025,7,3193.78
KOL_CUST_003743,B.B.D. Bagh,Central Kolkata,Kolkata,Regular,04-01-2024,17-12-2023,BLK_KOL_017,8,3244.21
KOL_CUST_003744,Ultadanga,North Kolkata,Kolkata,Regular,12-01-2023,24-12-2022,BLK_KOL_005,10,3766.65
KOL_CUST_003745,Ballygunge,South Kolkata,Kolkata,Regular,28-03-2024,10-03-2024,BLK_KOL_021,10,4421.8
KOL_CUST_003746,Esplanade,Central Kolkata,Kolkata,New,20-01-2023,14-01-2023,BLK_KOL_010,4,2428.23
KOL_CUST_003747,Santragachi,Howrah District,Kolkata,Regular,09-08-2024,11-07-2024,BLK_KOL_053,10,4473.85
KOL_CUST_003748,Shibpur,Howrah District,Kolkata,Regular,02-07-2024,15-06-2024,BLK_KOL_051,12,4084.8
KOL_CUST_003749,Santragachi,Howrah District,Kolkata,Regular,21-06-2023,29-05-2023,BLK_KOL_054,8,3756.79
KOL_CUST_003750,Park Street,Central Kolkata,Kolkata,Premium,05-09-2023,19-08-2023,BLK_KOL_013,10,3227.2
KOL_CUST_003751,Howrah,Howrah District,Kolkata,Regular,06-02-2023,25-01-2023,BLK_KOL_047,16,9259.8
KOL_CUST_003752,Ballygunge,South Kolkata,Kolkata,Regular,12-06-2024,09-06-2024,BLK_KOL_021,15,6857.07
KOL_CUST_003753,EM Bypass,East Kolkata,Kolkata,Premium,12-09-2023,15-08-2023,BLK_KOL_038,9,4517.55
KOL_CUST_003754,Esplanade,Central Kolkata,Kolkata,Regular,05-06-2023,14-05-2023,BLK_KOL_011,10,5754.38
KOL_CUST_003755,EM Bypass,East Kolkata,Kolkata,Regular,02-07-2023,14-06-2023,BLK_KOL_038,12,7053.725
KOL_CUST_003756,Tollygunge,South Kolkata,Kolkata,Premium,07-01-2024,01-01-2024,BLK_KOL_025,9,3746.06
KOL_CUST_003757,Gariahat,South Kolkata,Kolkata,Regular,14-02-2024,26-01-2024,BLK_KOL_023,6,2507.37
KOL_CUST_003758,Shyambazar,North Kolkata,Kolkata,Regular,01-08-2024,05-07-2024,BLK_KOL_001,7,3900.37
KOL_CUST_003759,Ultadanga,North Kolkata,Kolkata,Premium,12-05-2023,12-04-2023,BLK_KOL_004,10,4363.83
KOL_CUST_003760,New Town,Salt Lake & New Town,Kolkata,New,27-01-2024,15-01-2024,BLK_KOL_032,13,6170.45
KOL_CUST_003761,B.B.D. Bagh,Central Kolkata,Kolkata,Regular,10-07-2023,09-07-2023,BLK_KOL_017,8,5791.16
KOL_CUST_003762,Baghbazar,North Kolkata,Kolkata,Regular,20-10-2023,12-10-2023,BLK_KOL_007,11,6673.92
KOL_CUST_003763,Ballygunge,South Kolkata,Kolkata,Premium,03-09-2023,24-08-2023,BLK_KOL_019,11,6038.63
KOL_CUST_003764,Baghbazar,North Kolkata,Kolkata,Regular,02-02-2023,05-01-2023,BLK_KOL_008,10,3301.19
KOL_CUST_003765,Ultadanga,North Kolkata,Kolkata,New,22-11-2023,17-11-2023,BLK_KOL_005,15,6159.59
KOL_CUST_003766,Ultadanga,North Kolkata,Kolkata,Regular,12-07-2023,12-06-2023,BLK_KOL_004,13,5952.96
KOL_CUST_003767,Kasba,East Kolkata,Kolkata,Regular,29-01-2024,15-01-2024,BLK_KOL_041,12,3418.55
KOL_CUST_003768,EM Bypass,East Kolkata,Kolkata,Regular,08-03-2023,24-02-2023,BLK_KOL_039,11,2533.23
KOL_CUST_003769,New Town,Salt Lake & New Town,Kolkata,Premium,05-09-2023,22-08-2023,BLK_KOL_033,11,4738.24
KOL_CUST_003770,Kasba,East Kolkata,Kolkata,Regular,24-04-2024,17-04-2024,BLK_KOL_041,9,4273.09
KOL_CUST_003771,Ballygunge,South Kolkata,Kolkata,Premium,28-02-2024,29-01-2024,BLK_KOL_020,9,4761.15
KOL_CUST_003772,Tollygunge,South Kolkata,Kolkata,New,16-10-2023,06-10-2023,BLK_KOL_025,5,1830.58
KOL_CUST_003773,Ballygunge,South Kolkata,Kolkata,Regular,18-07-2024,19-06-2024,BLK_KOL_021,13,6138.45
KOL_CUST_003774,Esplanade,Central Kolkata,Kolkata,Regular,10-04-2024,26-03-2024,BLK_KOL_010,10,4396.88
KOL_CUST_003775,EM Bypass,East Kolkata,Kolkata,New,02-04-2023,04-03-2023,BLK_KOL_038,6,2822.74
KOL_CUST_003776,Ultadanga,North Kolkata,Kolkata,Regular,18-08-2023,29-07-2023,BLK_KOL_006,9,4786.04
KOL_CUST_003777,Ultadanga,North Kolkata,Kolkata,Regular,07-08-2024,22-07-2024,BLK_KOL_004,14,7127.33
KOL_CUST_003778,New Town,Salt Lake & New Town,Kolkata,Regular,24-02-2023,21-02-2023,BLK_KOL_031,13,6180.51
KOL_CUST_003779,Howrah,Howrah District,Kolkata,Premium,16-10-2024,06-10-2024,BLK_KOL_047,9,5528.63
KOL_CUST_003780,Ultadanga,North Kolkata,Kolkata,Regular,26-05-2024,11-05-2024,BLK_KOL_004,10,3649.06
KOL_CUST_003781,Tollygunge,South Kolkata,Kolkata,Premium,23-03-2023,14-03-2023,BLK_KOL_026,9,4710.17
KOL_CUST_003782,New Town,Salt Lake & New Town,Kolkata,Regular,13-09-2024,25-08-2024,BLK_KOL_031,15,5258.56
KOL_CUST_003783,Shyambazar,North Kolkata,Kolkata,Regular,05-07-2023,23-06-2023,BLK_KOL_003,9,5055.01
KOL_CUST_003784,EM Bypass,East Kolkata,Kolkata,Regular,11-03-2024,21-02-2024,BLK_KOL_038,12,3160.94
KOL_CUST_003785,Behala,East Kolkata,Kolkata,Regular,13-03-2023,18-02-2023,BLK_KOL_043,7,2785.99
KOL_CUST_003786,Shyambazar,North Kolkata,Kolkata,Regular,02-01-2024,25-12-2023,BLK_KOL_002,9,3999.06
KOL_CUST_003787,New Town,Salt Lake & New Town,Kolkata,Regular,09-06-2024,31-05-2024,BLK_KOL_032,10,3487.89
KOL_CUST_003788,EM Bypass,East Kolkata,Kolkata,Regular,30-04-2024,11-04-2024,BLK_KOL_037,10,4113.69
KOL_CUST_003789,Ultadanga,North Kolkata,Kolkata,Regular,12-08-2023,09-08-2023,BLK_KOL_005,6,1281.32
KOL_CUST_003790,Kasba,East Kolkata,Kolkata,Regular,27-03-2023,06-03-2023,BLK_KOL_040,16,7039.93
KOL_CUST_003791,Esplanade,Central Kolkata,Kolkata,Regular,13-04-2023,14-03-2023,BLK_KOL_012,14,6501.52
KOL_CUST_003792,Tollygunge,South Kolkata,Kolkata,Regular,06-11-2023,24-10-2023,BLK_KOL_026,10,3830.91
KOL_CUST_003793,Behala,East Kolkata,Kolkata,New,28-06-2024,19-06-2024,BLK_KOL_043,7,4659.47
KOL_CUST_003794,Behala,East Kolkata,Kolkata,Regular,18-05-2023,05-05-2023,BLK_KOL_043,6,2543.37
KOL_CUST_003795,Baghbazar,North Kolkata,Kolkata,New,03-07-2023,30-06-2023,BLK_KOL_008,9,4125.57
KOL_CUST_003796,Shibpur,Howrah District,Kolkata,Premium,19-10-2024,17-10-2024,BLK_KOL_051,6,1823.58
KOL_CUST_003797,Howrah,Howrah District,Kolkata,Regular,26-03-2024,22-03-2024,BLK_KOL_048,7,3293.07
KOL_CUST_003798,Shibpur,Howrah District,Kolkata,Regular,12-11-2023,22-10-2023,BLK_KOL_049,15,8100.21
KOL_CUST_003799,Santragachi,Howrah District,Kolkata,New,07-07-2023,25-06-2023,BLK_KOL_052,10,4569.33
KOL_CUST_003800,Kasba,East Kolkata,Kolkata,Regular,14-11-2023,06-11-2023,BLK_KOL_040,8,4565.76
KOL_CUST_003801,Kasba,East Kolkata,Kolkata,Regular,30-07-2023,17-07-2023,BLK_KOL_040,12,4909.21
KOL_CUST_003802,Behala,East Kolkata,Kolkata,Regular,12-01-2024,27-12-2023,BLK_KOL_044,9,4516.07
KOL_CUST_003803,Esplanade,Central Kolkata,Kolkata,Premium,24-09-2023,18-09-2023,BLK_KOL_011,10,2619.13
KOL_CUST_003804,Howrah,Howrah District,Kolkata,Regular,23-05-2024,03-05-2024,BLK_KOL_046,8,1947.83
KOL_CUST_003805,Shibpur,Howrah District,Kolkata,Regular,05-01-2023,25-12-2022,BLK_KOL_049,8,3348.43
KOL_CUST_003806,New Town,Salt Lake & New Town,Kolkata,Regular,24-01-2024,30-12-2023,BLK_KOL_031,7,2375.4
KOL_CUST_003807,Kasba,East Kolkata,Kolkata,Regular,07-09-2023,15-08-2023,BLK_KOL_041,9,4942.48
KOL_CUST_003808,Shibpur,Howrah District,Kolkata,Premium,23-07-2024,25-06-2024,BLK_KOL_051,11,7802.51
KOL_CUST_003809,New Town,Salt Lake & New Town,Kolkata,Regular,03-06-2024,29-05-2024,BLK_KOL_031,9,5304.35
KOL_CUST_003810,Behala,East Kolkata,Kolkata,New,05-01-2023,22-12-2022,BLK_KOL_044,16,10693
KOL_CUST_003811,Baghbazar,North Kolkata,Kolkata,Regular,11-05-2023,26-04-2023,BLK_KOL_009,8,2760.45
KOL_CUST_003812,EM Bypass,East Kolkata,Kolkata,Regular,01-11-2023,19-10-2023,BLK_KOL_038,15,5084.54
KOL_CUST_003813,Shyambazar,North Kolkata,Kolkata,Regular,08-02-2023,14-01-2023,BLK_KOL_002,9,3560.86
KOL_CUST_003814,Baghbazar,North Kolkata,Kolkata,Regular,17-10-2024,17-09-2024,BLK_KOL_008,6,2829.54
KOL_CUST_003815,Esplanade,Central Kolkata,Kolkata,Regular,02-05-2023,03-04-2023,BLK_KOL_012,19,15130.7
KOL_CUST_003816,Gariahat,South Kolkata,Kolkata,Regular,12-04-2023,13-03-2023,BLK_KOL_022,4,1955.08
KOL_CUST_003817,Kasba,East Kolkata,Kolkata,Regular,06-06-2024,31-05-2024,BLK_KOL_042,5,3918.56
KOL_CUST_003818,Salt Lake,Salt Lake & New Town,Kolkata,Regular,19-08-2023,31-07-2023,BLK_KOL_029,15,8414.27
KOL_CUST_003819,Gariahat,South Kolkata,Kolkata,Regular,14-02-2024,06-02-2024,BLK_KOL_023,9,2804.94
KOL_CUST_003820,Salt Lake,Salt Lake & New Town,Kolkata,Premium,10-01-2024,29-12-2023,BLK_KOL_028,14,6766.93
KOL_CUST_003821,Kasba,East Kolkata,Kolkata,Regular,22-05-2023,19-05-2023,BLK_KOL_040,6,2459.37
KOL_CUST_003822,Santragachi,Howrah District,Kolkata,Regular,01-12-2023,11-11-2023,BLK_KOL_054,12,6337.08
KOL_CUST_003823,Tollygunge,South Kolkata,Kolkata,Regular,15-03-2023,06-03-2023,BLK_KOL_025,12,5734.08
KOL_CUST_003824,Gariahat,South Kolkata,Kolkata,Regular,16-03-2024,22-02-2024,BLK_KOL_022,11,5185.2
KOL_CUST_003825,Baghbazar,North Kolkata,Kolkata,Premium,02-03-2023,14-02-2023,BLK_KOL_008,10,6948.81
KOL_CUST_003826,Shyambazar,North Kolkata,Kolkata,New,24-05-2023,15-05-2023,BLK_KOL_001,7,4208.13
KOL_CUST_003827,Esplanade,Central Kolkata,Kolkata,Regular,06-01-2023,09-12-2022,BLK_KOL_010,10,6994.75
KOL_CUST_003828,Ultadanga,North Kolkata,Kolkata,New,03-01-2023,05-12-2022,BLK_KOL_006,7,3241.91
KOL_CUST_003829,Park Street,Central Kolkata,Kolkata,Premium,18-09-2024,17-09-2024,BLK_KOL_014,10,3566.44
KOL_CUST_003830,Behala,East Kolkata,Kolkata,Regular,28-02-2024,29-01-2024,BLK_KOL_045,6,3765
KOL_CUST_003831,Park Street,Central Kolkata,Kolkata,Premium,03-07-2023,04-06-2023,BLK_KOL_015,9,4017.01
KOL_CUST_003832,Shyambazar,North Kolkata,Kolkata,Premium,01-03-2023,08-02-2023,BLK_KOL_001,6,3617.51
KOL_CUST_003833,Baghbazar,North Kolkata,Kolkata,Premium,11-05-2023,05-05-2023,BLK_KOL_009,7,3785.13
KOL_CUST_003834,Kasba,East Kolkata,Kolkata,New,03-01-2023,24-12-2022,BLK_KOL_042,12,5144.17
KOL_CUST_003835,Shibpur,Howrah District,Kolkata,Regular,17-11-2023,16-11-2023,BLK_KOL_049,11,6961.67
KOL_CUST_003836,Shibpur,Howrah District,Kolkata,New,09-02-2023,21-01-2023,BLK_KOL_049,5,2370.21
KOL_CUST_003837,Behala,East Kolkata,Kolkata,Premium,15-02-2024,28-01-2024,BLK_KOL_045,8,2813.16
KOL_CUST_003838,Esplanade,Central Kolkata,Kolkata,New,16-07-2024,10-07-2024,BLK_KOL_011,10,7237.97
KOL_CUST_003839,EM Bypass,East Kolkata,Kolkata,Regular,25-11-2023,08-11-2023,BLK_KOL_039,12,5704.86
KOL_CUST_003840,Shyambazar,North Kolkata,Kolkata,Regular,02-10-2023,11-09-2023,BLK_KOL_001,9,5911.24
KOL_CUST_003841,B.B.D. Bagh,Central Kolkata,Kolkata,Premium,03-08-2024,05-07-2024,BLK_KOL_017,11,4388.91
KOL_CUST_003842,Tollygunge,South Kolkata,Kolkata,Regular,19-06-2023,06-06-2023,BLK_KOL_026,8,4361.96
KOL_CUST_003843,B.B.D. Bagh,Central Kolkata,Kolkata,New,20-06-2024,29-05-2024,BLK_KOL_018,6,2101.04
KOL_CUST_003844,Howrah,Howrah District,Kolkata,Premium,11-02-2024,18-01-2024,BLK_KOL_046,12,6373.21
KOL_CUST_003845,Park Street,Central Kolkata,Kolkata,Regular,25-05-2023,05-05-2023,BLK_KOL_014,7,3099.135
KOL_CUST_003846,Baghbazar,North Kolkata,Kolkata,New,20-03-2024,05-03-2024,BLK_KOL_008,8,4503.485
KOL_CUST_003847,Shyambazar,North Kolkata,Kolkata,Regular,19-07-2023,06-07-2023,BLK_KOL_003,7,3491.9
KOL_CUST_003848,Ultadanga,North Kolkata,Kolkata,Regular,24-05-2023,09-05-2023,BLK_KOL_004,8,2922.44
KOL_CUST_003849,Salt Lake,Salt Lake & New Town,Kolkata,Premium,23-06-2023,29-05-2023,BLK_KOL_029,13,5496
KOL_CUST_003850,Salt Lake,Salt Lake & New Town,Kolkata,Regular,04-06-2023,10-05-2023,BLK_KOL_029,11,6737.84
KOL_CUST_003851,Shibpur,Howrah District,Kolkata,Regular,29-09-2024,03-09-2024,BLK_KOL_050,8,5121.1
KOL_CUST_003852,Tollygunge,South Kolkata,Kolkata,New,04-05-2024,07-04-2024,BLK_KOL_026,4,2585.41
KOL_CUST_003853,Shibpur,Howrah District,Kolkata,Regular,03-10-2023,10-09-2023,BLK_KOL_051,13,6357.98
KOL_CUST_003854,Howrah,Howrah District,Kolkata,Regular,27-05-2023,04-05-2023,BLK_KOL_046,9,4239.49
KOL_CUST_003855,Park Street,Central Kolkata,Kolkata,Regular,06-03-2024,04-03-2024,BLK_KOL_014,11,6355.82
KOL_CUST_003856,Behala,East Kolkata,Kolkata,Regular,27-09-2024,08-09-2024,BLK_KOL_043,6,1447.42
KOL_CUST_003857,Rajarhat,Salt Lake & New Town,Kolkata,Regular,15-02-2023,16-01-2023,BLK_KOL_034,6,3887.59
KOL_CUST_003858,B.B.D. Bagh,Central Kolkata,Kolkata,New,07-11-2023,01-11-2023,BLK_KOL_016,8,4291.76
KOL_CUST_003859,EM Bypass,East Kolkata,Kolkata,Regular,06-05-2023,01-05-2023,BLK_KOL_038,11,5651.35
KOL_CUST_003860,Kasba,East Kolkata,Kolkata,New,14-04-2023,26-03-2023,BLK_KOL_041,9,4329.85
KOL_CUST_003861,B.B.D. Bagh,Central Kolkata,Kolkata,Regular,09-06-2023,21-05-2023,BLK_KOL_017,10,2899.17
KOL_CUST_003862,Park Street,Central Kolkata,Kolkata,Regular,28-01-2023,04-01-2023,BLK_KOL_015,7,4501.9
KOL_CUST_003863,Ballygunge,South Kolkata,Kolkata,Regular,22-02-2023,25-01-2023,BLK_KOL_020,9,3986.04
KOL_CUST_003864,Santragachi,Howrah District,Kolkata,Regular,24-03-2023,18-03-2023,BLK_KOL_053,4,1360.95
KOL_CUST_003865,Kasba,East Kolkata,Kolkata,Regular,01-10-2023,14-09-2023,BLK_KOL_042,15,4855.35
KOL_CUST_003866,Shibpur,Howrah District,Kolkata,New,08-05-2024,11-04-2024,BLK_KOL_051,6,2169.72
KOL_CUST_003867,New Town,Salt Lake & New Town,Kolkata,Regular,07-03-2023,10-02-2023,BLK_KOL_033,9,4578.76
KOL_CUST_003868,Park Street,Central Kolkata,Kolkata,Premium,25-07-2024,24-07-2024,BLK_KOL_015,17,10496.39
KOL_CUST_003869,Salt Lake,Salt Lake & New Town,Kolkata,New,02-01-2023,10-12-2022,BLK_KOL_030,16,5200.34
KOL_CUST_003870,EM Bypass,East Kolkata,Kolkata,Regular,21-01-2023,18-01-2023,BLK_KOL_039,4,2460.09
KOL_CUST_003871,Salt Lake,Salt Lake & New Town,Kolkata,New,26-04-2024,29-03-2024,BLK_KOL_030,10,4194.99
KOL_CUST_003872,Baghbazar,North Kolkata,Kolkata,Premium,03-10-2023,16-09-2023,BLK_KOL_008,11,4374.32
KOL_CUST_003873,Howrah,Howrah District,Kolkata,Regular,11-01-2023,26-12-2022,BLK_KOL_046,11,4919.98
KOL_CUST_003874,Santragachi,Howrah District,Kolkata,Regular,18-06-2023,05-06-2023,BLK_KOL_053,10,4610.85
KOL_CUST_003875,Park Street,Central Kolkata,Kolkata,Regular,27-11-2023,04-11-2023,BLK_KOL_013,10,6042.21
KOL_CUST_003876,Ultadanga,North Kolkata,Kolkata,Regular,05-08-2023,28-07-2023,BLK_KOL_005,14,4861.33
KOL_CUST_003877,Howrah,Howrah District,Kolkata,Regular,07-08-2024,12-07-2024,BLK_KOL_047,12,3828.68
KOL_CUST_003878,Tollygunge,South Kolkata,Kolkata,Regular,19-01-2023,20-12-2022,BLK_KOL_027,12,6099.77
KOL_CUST_003879,Santragachi,Howrah District,Kolkata,Regular,18-01-2024,21-12-2023,BLK_KOL_052,7,3440.14
KOL_CUST_003880,Santragachi,Howrah District,Kolkata,Premium,30-11-2023,08-11-2023,BLK_KOL_054,8,3517.46
KOL_CUST_003881,Shyambazar,North Kolkata,Kolkata,Regular,07-05-2023,07-04-2023,BLK_KOL_003,13,7437.62
KOL_CUST_003882,New Town,Salt Lake & New Town,Kolkata,Regular,19-03-2024,27-02-2024,BLK_KOL_032,7,1750.94
KOL_CUST_003883,Salt Lake,Salt Lake & New Town,Kolkata,Regular,04-01-2024,09-12-2023,BLK_KOL_030,15,10821.85
KOL_CUST_003884,Howrah,Howrah District,Kolkata,Regular,10-09-2023,07-09-2023,BLK_KOL_047,9,7132.92
KOL_CUST_003885,Howrah,Howrah District,Kolkata,New,10-06-2024,06-06-2024,BLK_KOL_048,6,2037.23
KOL_CUST_003886,Howrah,Howrah District,Kolkata,Regular,24-08-2023,21-08-2023,BLK_KOL_048,7,5028.08
KOL_CUST_003887,Rajarhat,Salt Lake & New Town,Kolkata,Premium,02-05-2023,13-04-2023,BLK_KOL_036,11,6037.59
KOL_CUST_003888,B.B.D. Bagh,Central Kolkata,Kolkata,Regular,16-03-2024,18-02-2024,BLK_KOL_018,8,5044.16
KOL_CUST_003889,Baghbazar,North Kolkata,Kolkata,Regular,13-03-2023,06-03-2023,BLK_KOL_008,7,3690.16
KOL_CUST_003890,Ballygunge,South Kolkata,Kolkata,Regular,30-08-2023,02-08-2023,BLK_KOL_020,15,8936.62
KOL_CUST_003891,Tollygunge,South Kolkata,Kolkata,Regular,26-05-2024,25-05-2024,BLK_KOL_027,9,4965.32
KOL_CUST_003892,Howrah,Howrah District,Kolkata,Regular,19-04-2023,01-04-2023,BLK_KOL_047,6,3705.2
KOL_CUST_003893,Park Street,Central Kolkata,Kolkata,New,10-06-2024,11-05-2024,BLK_KOL_015,4,2113.95
KOL_CUST_003894,Shyambazar,North Kolkata,Kolkata,Regular,28-08-2024,25-08-2024,BLK_KOL_003,10,4897.66
KOL_CUST_003895,Baghbazar,North Kolkata,Kolkata,New,18-01-2024,26-12-2023,BLK_KOL_007,11,4773.29
KOL_CUST_003896,Rajarhat,Salt Lake & New Town,Kolkata,New,02-08-2023,27-07-2023,BLK_KOL_036,11,6503.44
KOL_CUST_003897,Rajarhat,Salt Lake & New Town,Kolkata,Regular,05-06-2023,27-05-2023,BLK_KOL_035,7,2312.75
KOL_CUST_003898,Baghbazar,North Kolkata,Kolkata,Regular,04-06-2023,23-05-2023,BLK_KOL_009,15,6676.21
KOL_CUST_003899,Baghbazar,North Kolkata,Kolkata,Regular,18-02-2024,22-01-2024,BLK_KOL_007,8,4440.13
KOL_CUST_003900,Tollygunge,South Kolkata,Kolkata,Regular,19-07-2024,11-07-2024,BLK_KOL_027,9,2325.01
KOL_CUST_003901,Esplanade,Central Kolkata,Kolkata,Regular,25-01-2024,29-12-2023,BLK_KOL_011,10,4675.51
KOL_CUST_003902,Ultadanga,North Kolkata,Kolkata,Regular,05-02-2023,09-01-2023,BLK_KOL_004,7,2681.085
KOL_CUST_003903,Salt Lake,Salt Lake & New Town,Kolkata,Premium,26-06-2023,17-06-2023,BLK_KOL_028,10,3861.4
KOL_CUST_003904,Gariahat,South Kolkata,Kolkata,Premium,06-10-2024,03-10-2024,BLK_KOL_024,11,6145.84
KOL_CUST_003905,Shyambazar,North Kolkata,Kolkata,Regular,14-07-2024,08-07-2024,BLK_KOL_001,13,4833.01
KOL_CUST_003906,Ultadanga,North Kolkata,Kolkata,New,26-05-2023,08-05-2023,BLK_KOL_005,8,4455.88
KOL_CUST_003907,Tollygunge,South Kolkata,Kolkata,Regular,11-01-2024,24-12-2023,BLK_KOL_026,9,5151.4
KOL_CUST_003908,Park Street,Central Kolkata,Kolkata,Regular,13-09-2023,02-09-2023,BLK_KOL_013,8,2694.19
KOL_CUST_003909,EM Bypass,East Kolkata,Kolkata,Regular,23-04-2023,16-04-2023,BLK_KOL_038,10,5426.6
KOL_CUST_003910,Gariahat,South Kolkata,Kolkata,Premium,03-05-2023,01-05-2023,BLK_KOL_024,12,6727.13
KOL_CUST_003911,Behala,East Kolkata,Kolkata,Regular,22-11-2023,05-11-2023,BLK_KOL_045,6,4546.89
KOL_CUST_003912,Kasba,East Kolkata,Kolkata,Regular,19-03-2023,27-02-2023,BLK_KOL_041,15,9389.47
KOL_CUST_003913,Ultadanga,North Kolkata,Kolkata,New,11-11-2023,19-10-2023,BLK_KOL_006,6,2385.7
KOL_CUST_003914,Baghbazar,North Kolkata,Kolkata,New,14-01-2023,04-01-2023,BLK_KOL_008,9,2891.19
KOL_CUST_003915,Baghbazar,North Kolkata,Kolkata,Regular,19-09-2023,06-09-2023,BLK_KOL_009,8,4184.44
KOL_CUST_003916,New Town,Salt Lake & New Town,Kolkata,Regular,22-02-2023,20-02-2023,BLK_KOL_031,7,3523.54
KOL_CUST_003917,EM Bypass,East Kolkata,Kolkata,Premium,02-10-2023,11-09-2023,BLK_KOL_037,4,1654.37
KOL_CUST_003918,Salt Lake,Salt Lake & New Town,Kolkata,Premium,22-03-2024,11-03-2024,BLK_KOL_029,7,2997.66
KOL_CUST_003919,Howrah,Howrah District,Kolkata,Regular,31-08-2024,22-08-2024,BLK_KOL_048,11,6252.86
KOL_CUST_003920,Tollygunge,South Kolkata,Kolkata,New,03-11-2023,12-10-2023,BLK_KOL_027,12,7445.57
KOL_CUST_003921,Park Street,Central Kolkata,Kolkata,Premium,10-04-2024,16-03-2024,BLK_KOL_014,8,3427.37
KOL_CUST_003922,EM Bypass,East Kolkata,Kolkata,Regular,20-10-2024,12-10-2024,BLK_KOL_037,7,4117.05
KOL_CUST_003923,Kasba,East Kolkata,Kolkata,Regular,05-09-2024,22-08-2024,BLK_KOL_040,8,3549.36
KOL_CUST_003924,Kasba,East Kolkata,Kolkata,Regular,18-06-2023,30-05-2023,BLK_KOL_042,6,5626.82
KOL_CUST_003925,Shyambazar,North Kolkata,Kolkata,Premium,26-11-2023,13-11-2023,BLK_KOL_002,6,2246.82
KOL_CUST_003926,Santragachi,Howrah District,Kolkata,Regular,27-09-2023,31-08-2023,BLK_KOL_053,7,3575.1
KOL_CUST_003927,Behala,East Kolkata,Kolkata,Regular,18-05-2023,16-05-2023,BLK_KOL_045,12,5397.68
KOL_CUST_003928,Ultadanga,North Kolkata,Kolkata,Regular,11-11-2023,03-11-2023,BLK_KOL_006,8,3686.29
KOL_CUST_003929,Shyambazar,North Kolkata,Kolkata,Regular,27-09-2023,29-08-2023,BLK_KOL_003,14,5429.9
KOL_CUST_003930,Kasba,East Kolkata,Kolkata,Regular,28-11-2023,09-11-2023,BLK_KOL_042,15,6277.53
KOL_CUST_003931,Ballygunge,South Kolkata,Kolkata,Premium,02-02-2023,27-01-2023,BLK_KOL_021,4,993.02
KOL_CUST_003932,Gariahat,South Kolkata,Kolkata,Regular,14-03-2024,13-03-2024,BLK_KOL_022,7,5159.08
KOL_CUST_003933,New Town,Salt Lake & New Town,Kolkata,Regular,22-08-2023,07-08-2023,BLK_KOL_031,9,5172.36
KOL_CUST_003934,Behala,East Kolkata,Kolkata,Regular,06-07-2024,02-07-2024,BLK_KOL_044,14,6928
KOL_CUST_003935,B.B.D. Bagh,Central Kolkata,Kolkata,Premium,22-01-2024,30-12-2023,BLK_KOL_017,8,5994.11
KOL_CUST_003936,Ultadanga,North Kolkata,Kolkata,Regular,09-04-2023,13-03-2023,BLK_KOL_005,11,5522.22
KOL_CUST_003937,Salt Lake,Salt Lake & New Town,Kolkata,Regular,11-05-2024,20-04-2024,BLK_KOL_028,7,3666.89
KOL_CUST_003938,Park Street,Central Kolkata,Kolkata,Regular,09-07-2023,19-06-2023,BLK_KOL_014,6,1584.99
KOL_CUST_003939,Salt Lake,Salt Lake & New Town,Kolkata,Regular,25-04-2024,21-04-2024,BLK_KOL_029,12,5697.72
KOL_CUST_003940,Santragachi,Howrah District,Kolkata,Regular,25-02-2023,13-02-2023,BLK_KOL_053,9,4234.64
KOL_CUST_003941,Shibpur,Howrah District,Kolkata,Regular,11-07-2023,28-06-2023,BLK_KOL_049,10,5312.85
KOL_CUST_003942,B.B.D. Bagh,Central Kolkata,Kolkata,Premium,08-07-2024,22-06-2024,BLK_KOL_017,11,5917.43
KOL_CUST_003943,Ultadanga,North Kolkata,Kolkata,Regular,08-05-2023,30-04-2023,BLK_KOL_006,12,5190.29
KOL_CUST_003944,Kasba,East Kolkata,Kolkata,Regular,01-05-2023,21-04-2023,BLK_KOL_041,11,6740.84
KOL_CUST_003945,Shyambazar,North Kolkata,Kolkata,Regular,04-07-2023,13-06-2023,BLK_KOL_003,16,5916.52
KOL_CUST_003946,Kasba,East Kolkata,Kolkata,Premium,26-07-2024,19-07-2024,BLK_KOL_042,10,4061.02
KOL_CUST_003947,Baghbazar,North Kolkata,Kolkata,Premium,30-05-2023,18-05-2023,BLK_KOL_009,10,4882.94
KOL_CUST_003948,Shyambazar,North Kolkata,Kolkata,Regular,07-08-2023,17-07-2023,BLK_KOL_003,12,5902.02
KOL_CUST_003949,Kasba,East Kolkata,Kolkata,Regular,15-10-2023,13-10-2023,BLK_KOL_042,5,2862.575
KOL_CUST_003950,Behala,East Kolkata,Kolkata,Premium,25-05-2023,16-05-2023,BLK_KOL_043,7,2115.85
KOL_CUST_003951,Ballygunge,South Kolkata,Kolkata,Regular,18-06-2023,30-05-2023,BLK_KOL_020,5,2034.97
KOL_CUST_003952,EM Bypass,East Kolkata,Kolkata,Regular,06-07-2024,14-06-2024,BLK_KOL_039,10,5518.24
KOL_CUST_003953,Behala,East Kolkata,Kolkata,Regular,22-06-2023,18-06-2023,BLK_KOL_043,8,4570.86
KOL_CUST_003954,Baghbazar,North Kolkata,Kolkata,Regular,25-09-2024,07-09-2024,BLK_KOL_007,9,6059.75
KOL_CUST_003955,Salt Lake,Salt Lake & New Town,Kolkata,Regular,26-07-2024,12-07-2024,BLK_KOL_030,8,3591.45
KOL_CUST_003956,Esplanade,Central Kolkata,Kolkata,New,25-08-2023,02-08-2023,BLK_KOL_011,13,6134.44
KOL_CUST_003957,Tollygunge,South Kolkata,Kolkata,Regular,13-10-2024,25-09-2024,BLK_KOL_026,14,6947.5
KOL_CUST_003958,Rajarhat,Salt Lake & New Town,Kolkata,Regular,26-01-2024,18-01-2024,BLK_KOL_034,6,1492.175
KOL_CUST_003959,Howrah,Howrah District,Kolkata,Regular,15-02-2024,07-02-2024,BLK_KOL_047,10,5253.26
KOL_CUST_003960,Esplanade,Central Kolkata,Kolkata,Premium,10-09-2023,29-08-2023,BLK_KOL_010,5,1779.2
KOL_CUST_003961,Gariahat,South Kolkata,Kolkata,Regular,20-09-2023,31-08-2023,BLK_KOL_022,6,1575.62
KOL_CUST_003962,Ballygunge,South Kolkata,Kolkata,Regular,09-03-2024,10-02-2024,BLK_KOL_020,14,6642.26
KOL_CUST_003963,Tollygunge,South Kolkata,Kolkata,New,18-02-2023,07-02-2023,BLK_KOL_027,13,3453.83
KOL_CUST_003964,B.B.D. Bagh,Central Kolkata,Kolkata,Regular,23-08-2024,26-07-2024,BLK_KOL_016,9,3654.75
KOL_CUST_003965,B.B.D. Bagh,Central Kolkata,Kolkata,Regular,22-04-2023,14-04-2023,BLK_KOL_016,11,5903.33
KOL_CUST_003966,B.B.D. Bagh,Central Kolkata,Kolkata,New,04-03-2023,11-02-2023,BLK_KOL_016,11,5157.58
KOL_CUST_003967,Park Street,Central Kolkata,Kolkata,Premium,31-08-2023,27-08-2023,BLK_KOL_013,10,4267.57
KOL_CUST_003968,Shyambazar,North Kolkata,Kolkata,Premium,21-01-2023,27-12-2022,BLK_KOL_002,9,4974.46
KOL_CUST_003969,Shibpur,Howrah District,Kolkata,Regular,23-09-2023,13-09-2023,BLK_KOL_050,14,8569.77
KOL_CUST_003970,Baghbazar,North Kolkata,Kolkata,Premium,25-09-2024,05-09-2024,BLK_KOL_008,12,3827.06
KOL_CUST_003971,Howrah,Howrah District,Kolkata,New,21-06-2023,10-06-2023,BLK_KOL_046,14,5382.31
KOL_CUST_003972,New Town,Salt Lake & New Town,Kolkata,Premium,17-05-2023,17-04-2023,BLK_KOL_033,13,6809.625
KOL_CUST_003973,Kasba,East Kolkata,Kolkata,Regular,25-01-2023,18-01-2023,BLK_KOL_042,7,4192.93
KOL_CUST_003974,Gariahat,South Kolkata,Kolkata,Regular,01-12-2023,18-11-2023,BLK_KOL_024,7,3663.32
KOL_CUST_003975,Gariahat,South Kolkata,Kolkata,Premium,14-09-2023,20-08-2023,BLK_KOL_024,11,6444.13
KOL_CUST_003976,Park Street,Central Kolkata,Kolkata,Regular,09-09-2024,25-08-2024,BLK_KOL_014,11,4951.04
KOL_CUST_003977,Baghbazar,North Kolkata,Kolkata,Regular,18-03-2023,16-03-2023,BLK_KOL_007,11,3114.26
KOL_CUST_003978,EM Bypass,East Kolkata,Kolkata,Premium,01-09-2024,06-08-2024,BLK_KOL_037,7,2414.34
KOL_CUST_003979,Ballygunge,South Kolkata,Kolkata,Regular,06-11-2023,11-10-2023,BLK_KOL_020,11,3987.3
KOL_CUST_003980,New Town,Salt Lake & New Town,Kolkata,Regular,20-03-2023,15-03-2023,BLK_KOL_031,7,2487.82
KOL_CUST_003981,Baghbazar,North Kolkata,Kolkata,Regular,20-01-2024,25-12-2023,BLK_KOL_008,7,3128.19
KOL_CUST_003982,Ultadanga,North Kolkata,Kolkata,Regular,24-03-2023,02-03-2023,BLK_KOL_006,14,6507.92
KOL_CUST_003983,Kasba,East Kolkata,Kolkata,Regular,29-05-2023,15-05-2023,BLK_KOL_042,4,1451.29
KOL_CUST_003984,Park Street,Central Kolkata,Kolkata,Regular,01-12-2023,17-11-2023,BLK_KOL_013,17,11233.46
KOL_CUST_003985,Shyambazar,North Kolkata,Kolkata,Regular,05-05-2024,28-04-2024,BLK_KOL_003,7,2795.66
KOL_CUST_003986,Rajarhat,Salt Lake & New Town,Kolkata,New,25-07-2024,29-06-2024,BLK_KOL_034,5,1807.06
KOL_CUST_003987,Kasba,East Kolkata,Kolkata,Regular,24-05-2024,15-05-2024,BLK_KOL_040,4,1345.38
KOL_CUST_003988,Howrah,Howrah District,Kolkata,Premium,16-04-2024,17-03-2024,BLK_KOL_046,11,4936.33
KOL_CUST_003989,Howrah,Howrah District,Kolkata,Regular,04-10-2024,07-09-2024,BLK_KOL_048,7,4408.58
KOL_CUST_003990,Baghbazar,North Kolkata,Kolkata,Regular,18-03-2023,27-02-2023,BLK_KOL_008,9,4076.29
KOL_CUST_003991,New Town,Salt Lake & New Town,Kolkata,New,08-01-2024,19-12-2023,BLK_KOL_032,11,5723.01
KOL_CUST_003992,Ballygunge,South Kolkata,Kolkata,Regular,03-05-2023,19-04-2023,BLK_KOL_020,13,6389.01
KOL_CUST_003993,Park Street,Central Kolkata,Kolkata,New,11-08-2023,02-08-2023,BLK_KOL_013,9,5403.77
KOL_CUST_003994,Esplanade,Central Kolkata,Kolkata,Regular,13-09-2023,25-08-2023,BLK_KOL_011,16,7805.885
KOL_CUST_003995,Santragachi,Howrah District,Kolkata,Regular,08-02-2024,09-01-2024,BLK_KOL_052,4,1410.73
KOL_CUST_003996,Salt Lake,Salt Lake & New Town,Kolkata,Regular,12-06-2023,11-06-2023,BLK_KOL_030,14,5072.3
KOL_CUST_003997,Baghbazar,North Kolkata,Kolkata,Regular,16-04-2023,24-03-2023,BLK_KOL_008,8,4038.16
KOL_CUST_003998,B.B.D. Bagh,Central Kolkata,Kolkata,Regular,26-08-2023,09-08-2023,BLK_KOL_017,8,5965.91
KOL_CUST_003999,Salt Lake,Salt Lake & New Town,Kolkata,Premium,02-06-2024,04-05-2024,BLK_KOL_030,11,4743.49
KOL_CUST_004000,B.B.D. Bagh,Central Kolkata,Kolkata,Regular,10-04-2023,18-03-2023,BLK_KOL_017,12,8528.37
KOL_CUST_004001,Shibpur,Howrah District,Kolkata,Premium,26-09-2024,21-09-2024,BLK_KOL_050,18,5742.23
KOL_CUST_004002,Shibpur,Howrah District,Kolkata,Premium,04-09-2024,13-08-2024,BLK_KOL_051,8,2685.3
KOL_CUST_004003,Salt Lake,Salt Lake & New Town,Kolkata,Premium,10-03-2023,15-02-2023,BLK_KOL_030,5,1770.95
KOL_CUST_004004,Ballygunge,South Kolkata,Kolkata,Regular,10-05-2024,28-04-2024,BLK_KOL_019,11,5737.26
KOL_CUST_004005,Behala,East Kolkata,Kolkata,Regular,21-10-2024,23-09-2024,BLK_KOL_044,7,4671.69
KOL_CUST_004006,EM Bypass,East Kolkata,Kolkata,Regular,19-06-2023,28-05-2023,BLK_KOL_038,8,5418.12
KOL_CUST_004007,Tollygunge,South Kolkata,Kolkata,Premium,18-05-2023,26-04-2023,BLK_KOL_026,9,5373.68
KOL_CUST_004008,Shyambazar,North Kolkata,Kolkata,Premium,15-08-2024,02-08-2024,BLK_KOL_003,5,1775.13
KOL_CUST_004009,Ultadanga,North Kolkata,Kolkata,Regular,31-01-2024,26-01-2024,BLK_KOL_004,7,5760.86
KOL_CUST_004010,EM Bypass,East Kolkata,Kolkata,Premium,29-11-2023,18-11-2023,BLK_KOL_037,7,2744.37
KOL_CUST_004011,New Town,Salt Lake & New Town,Kolkata,Regular,16-09-2024,07-09-2024,BLK_KOL_031,9,5971.85
KOL_CUST_004012,Shibpur,Howrah District,Kolkata,Regular,14-06-2024,20-05-2024,BLK_KOL_051,8,4023.07
KOL_CUST_004013,Howrah,Howrah District,Kolkata,Regular,05-09-2023,22-08-2023,BLK_KOL_047,10,4172.66
KOL_CUST_004014,Shyambazar,North Kolkata,Kolkata,Regular,09-03-2023,20-02-2023,BLK_KOL_002,5,3291.77
KOL_CUST_004015,Kasba,East Kolkata,Kolkata,Regular,08-03-2024,06-03-2024,BLK_KOL_042,10,6577.11
KOL_CUST_004016,Kasba,East Kolkata,Kolkata,Regular,25-07-2023,20-07-2023,BLK_KOL_040,10,2562.89
KOL_CUST_004017,Tollygunge,South Kolkata,Kolkata,Premium,13-05-2024,26-04-2024,BLK_KOL_025,14,6394.84
KOL_CUST_004018,Howrah,Howrah District,Kolkata,Premium,03-01-2024,06-12-2023,BLK_KOL_046,3,812.2
KOL_CUST_004019,Ballygunge,South Kolkata,Kolkata,New,04-03-2023,03-03-2023,BLK_KOL_020,9,4536.6
KOL_CUST_004020,Gariahat,South Kolkata,Kolkata,New,28-08-2024,04-08-2024,BLK_KOL_024,8,2482.495
KOL_CUST_004021,Shyambazar,North Kolkata,Kolkata,Premium,28-07-2024,29-06-2024,BLK_KOL_001,8,2846.19
KOL_CUST_004022,Tollygunge,South Kolkata,Kolkata,Regular,16-08-2023,02-08-2023,BLK_KOL_025,10,3422.4
KOL_CUST_004023,Ultadanga,North Kolkata,Kolkata,Regular,19-06-2024,01-06-2024,BLK_KOL_005,6,4553.74
KOL_CUST_004024,Santragachi,Howrah District,Kolkata,Regular,25-01-2023,16-01-2023,BLK_KOL_054,7,3814.45
KOL_CUST_004025,Ballygunge,South Kolkata,Kolkata,Premium,09-02-2023,15-01-2023,BLK_KOL_020,9,3663.3
KOL_CUST_004026,Baghbazar,North Kolkata,Kolkata,Regular,31-08-2024,03-08-2024,BLK_KOL_007,5,3157.08
KOL_CUST_004027,Howrah,Howrah District,Kolkata,Regular,16-07-2023,11-07-2023,BLK_KOL_048,15,6598.78
KOL_CUST_004028,Esplanade,Central Kolkata,Kolkata,Regular,17-05-2023,30-04-2023,BLK_KOL_010,9,3784.43
KOL_CUST_004029,New Town,Salt Lake & New Town,Kolkata,Regular,25-08-2024,31-07-2024,BLK_KOL_032,7,2848.49
KOL_CUST_004030,Howrah,Howrah District,Kolkata,New,17-03-2023,16-03-2023,BLK_KOL_048,7,3430.5
KOL_CUST_004031,Howrah,Howrah District,Kolkata,Regular,24-04-2024,02-04-2024,BLK_KOL_048,5,1946.19
KOL_CUST_004032,New Town,Salt Lake & New Town,Kolkata,Regular,15-01-2023,13-01-2023,BLK_KOL_033,10,4221.64
KOL_CUST_004033,Kasba,East Kolkata,Kolkata,Regular,21-01-2023,16-01-2023,BLK_KOL_042,11,3632.23
KOL_CUST_004034,Ultadanga,North Kolkata,Kolkata,Regular,16-02-2024,30-01-2024,BLK_KOL_004,14,9590.05
KOL_CUST_004035,Park Street,Central Kolkata,Kolkata,Regular,12-07-2023,14-06-2023,BLK_KOL_014,7,2130.31
KOL_CUST_004036,Ballygunge,South Kolkata,Kolkata,Premium,19-03-2024,15-03-2024,BLK_KOL_020,15,8541.1
KOL_CUST_004037,Behala,East Kolkata,Kolkata,Regular,29-08-2024,15-08-2024,BLK_KOL_044,9,4516.47
KOL_CUST_004038,Rajarhat,Salt Lake & New Town,Kolkata,Regular,28-02-2024,25-02-2024,BLK_KOL_034,10,5635.43
KOL_CUST_004039,Kasba,East Kolkata,Kolkata,Regular,24-09-2024,17-09-2024,BLK_KOL_040,7,3798.66
KOL_CUST_004040,Shibpur,Howrah District,Kolkata,Regular,07-03-2024,25-02-2024,BLK_KOL_051,13,6109.12
KOL_CUST_004041,Shibpur,Howrah District,Kolkata,Regular,20-09-2024,11-09-2024,BLK_KOL_051,17,6782.36
KOL_CUST_004042,Kasba,East Kolkata,Kolkata,Regular,05-01-2023,30-12-2022,BLK_KOL_042,11,6696.97
KOL_CUST_004043,Kasba,East Kolkata,Kolkata,Regular,07-01-2023,20-12-2022,BLK_KOL_042,6,1358.96
KOL_CUST_004044,Tollygunge,South Kolkata,Kolkata,Regular,01-05-2023,21-04-2023,BLK_KOL_026,9,3470.65
KOL_CUST_004045,Ballygunge,South Kolkata,Kolkata,Premium,19-04-2023,18-04-2023,BLK_KOL_021,13,6447.52
KOL_CUST_004046,B.B.D. Bagh,Central Kolkata,Kolkata,Regular,19-04-2024,29-03-2024,BLK_KOL_017,7,2666.51
KOL_CUST_004047,Baghbazar,North Kolkata,Kolkata,New,06-03-2023,08-02-2023,BLK_KOL_007,9,3230.5
KOL_CUST_004048,Behala,East Kolkata,Kolkata,Regular,17-09-2023,12-09-2023,BLK_KOL_044,2,907.19
KOL_CUST_004049,Rajarhat,Salt Lake & New Town,Kolkata,Regular,15-10-2024,25-09-2024,BLK_KOL_036,10,5598.39
KOL_CUST_004050,Shyambazar,North Kolkata,Kolkata,Regular,19-03-2024,04-03-2024,BLK_KOL_003,12,5613.43
KOL_CUST_004051,Gariahat,South Kolkata,Kolkata,Regular,01-03-2024,13-02-2024,BLK_KOL_022,10,5545.51
KOL_CUST_004052,Shyambazar,North Kolkata,Kolkata,Regular,28-03-2024,06-03-2024,BLK_KOL_002,11,5596.75
KOL_CUST_004053,Ultadanga,North Kolkata,Kolkata,Regular,27-04-2023,18-04-2023,BLK_KOL_004,6,3656.63
KOL_CUST_004054,Santragachi,Howrah District,Kolkata,Premium,17-08-2024,19-07-2024,BLK_KOL_054,10,4278.57
KOL_CUST_004055,Behala,East Kolkata,Kolkata,Regular,24-10-2024,15-10-2024,BLK_KOL_044,13,4346.19
KOL_CUST_004056,Behala,East Kolkata,Kolkata,Regular,25-06-2023,06-06-2023,BLK_KOL_044,11,5914.44
KOL_CUST_004057,Santragachi,Howrah District,Kolkata,Regular,12-11-2023,19-10-2023,BLK_KOL_053,8,2219.67
KOL_CUST_004058,Shibpur,Howrah District,Kolkata,Premium,07-02-2023,22-01-2023,BLK_KOL_051,10,5585.05
KOL_CUST_004059,Santragachi,Howrah District,Kolkata,Regular,27-05-2023,07-05-2023,BLK_KOL_053,10,3636.52
KOL_CUST_004060,EM Bypass,East Kolkata,Kolkata,Regular,24-02-2023,15-02-2023,BLK_KOL_039,10,7661.42
KOL_CUST_004061,Behala,East Kolkata,Kolkata,Premium,09-03-2023,04-03-2023,BLK_KOL_045,7,4477.01
KOL_CUST_004062,Howrah,Howrah District,Kolkata,Regular,16-09-2023,03-09-2023,BLK_KOL_046,1,276.98
KOL_CUST_004063,B.B.D. Bagh,Central Kolkata,Kolkata,Regular,13-01-2023,24-12-2022,BLK_KOL_016,8,3909.52
KOL_CUST_004064,New Town,Salt Lake & New Town,Kolkata,New,07-10-2024,19-09-2024,BLK_KOL_031,8,2010.53
KOL_CUST_004065,Santragachi,Howrah District,Kolkata,Regular,18-05-2023,22-04-2023,BLK_KOL_054,7,4426.66
KOL_CUST_004066,Shibpur,Howrah District,Kolkata,Regular,14-01-2024,29-12-2023,BLK_KOL_051,4,1858.57
KOL_CUST_004067,EM Bypass,East Kolkata,Kolkata,Premium,31-01-2023,27-01-2023,BLK_KOL_037,6,1387.82
KOL_CUST_004068,Park Street,Central Kolkata,Kolkata,Regular,18-09-2023,13-09-2023,BLK_KOL_015,9,3311.33
KOL_CUST_004069,Gariahat,South Kolkata,Kolkata,Regular,16-03-2023,16-02-2023,BLK_KOL_023,6,4859.67
KOL_CUST_004070,Salt Lake,Salt Lake & New Town,Kolkata,New,20-08-2024,12-08-2024,BLK_KOL_029,3,1833.97
KOL_CUST_004071,Ultadanga,North Kolkata,Kolkata,Regular,18-06-2023,29-05-2023,BLK_KOL_006,9,6510.56
KOL_CUST_004072,Shibpur,Howrah District,Kolkata,New,25-04-2024,18-04-2024,BLK_KOL_051,12,5245.79
KOL_CUST_004073,Behala,East Kolkata,Kolkata,Regular,28-03-2023,04-03-2023,BLK_KOL_044,7,3720.35
KOL_CUST_004074,B.B.D. Bagh,Central Kolkata,Kolkata,Premium,21-04-2024,10-04-2024,BLK_KOL_016,3,2460.03
KOL_CUST_004075,Ultadanga,North Kolkata,Kolkata,Regular,11-06-2024,13-05-2024,BLK_KOL_006,6,2752.1
KOL_CUST_004076,Park Street,Central Kolkata,Kolkata,Regular,25-09-2024,05-09-2024,BLK_KOL_015,8,4711.26
KOL_CUST_004077,Gariahat,South Kolkata,Kolkata,Regular,12-07-2023,02-07-2023,BLK_KOL_022,8,4986.32
KOL_CUST_004078,Shibpur,Howrah District,Kolkata,New,10-10-2023,30-09-2023,BLK_KOL_049,12,5205.975
KOL_CUST_004079,Howrah,Howrah District,Kolkata,Regular,22-02-2024,23-01-2024,BLK_KOL_048,6,1944.02
KOL_CUST_004080,New Town,Salt Lake & New Town,Kolkata,Regular,11-04-2024,27-03-2024,BLK_KOL_031,13,4712.89
KOL_CUST_004081,EM Bypass,East Kolkata,Kolkata,Regular,30-09-2024,06-09-2024,BLK_KOL_038,7,2613.63
KOL_CUST_004082,Behala,East Kolkata,Kolkata,Regular,18-08-2024,31-07-2024,BLK_KOL_043,11,4500.655
KOL_CUST_004083,Park Street,Central Kolkata,Kolkata,Regular,01-07-2023,10-06-2023,BLK_KOL_014,6,2754.71
KOL_CUST_004084,Kasba,East Kolkata,Kolkata,Regular,21-07-2023,05-07-2023,BLK_KOL_041,9,6641.29
KOL_CUST_004085,Salt Lake,Salt Lake & New Town,Kolkata,Regular,06-08-2023,23-07-2023,BLK_KOL_029,6,4132.23
KOL_CUST_004086,Kasba,East Kolkata,Kolkata,Premium,12-01-2024,05-01-2024,BLK_KOL_042,10,4655.85
KOL_CUST_004087,New Town,Salt Lake & New Town,Kolkata,Regular,22-03-2023,15-03-2023,BLK_KOL_031,8,3122.78
KOL_CUST_004088,Rajarhat,Salt Lake & New Town,Kolkata,Regular,22-03-2023,27-02-2023,BLK_KOL_034,10,3577.73
KOL_CUST_004089,Park Street,Central Kolkata,Kolkata,Premium,29-04-2024,16-04-2024,BLK_KOL_013,14,10504.42
KOL_CUST_004090,Ballygunge,South Kolkata,Kolkata,Regular,10-03-2024,07-03-2024,BLK_KOL_019,13,7174.07
KOL_CUST_004091,Rajarhat,Salt Lake & New Town,Kolkata,Regular,04-06-2024,08-05-2024,BLK_KOL_034,8,3314.6
KOL_CUST_004092,B.B.D. Bagh,Central Kolkata,Kolkata,New,24-05-2023,30-04-2023,BLK_KOL_017,12,10485.61
KOL_CUST_004093,Santragachi,Howrah District,Kolkata,Regular,25-07-2023,06-07-2023,BLK_KOL_052,6,3814.3
KOL_CUST_004094,EM Bypass,East Kolkata,Kolkata,New,08-04-2023,29-03-2023,BLK_KOL_037,10,4124.37
KOL_CUST_004095,EM Bypass,East Kolkata,Kolkata,Regular,10-05-2024,16-04-2024,BLK_KOL_037,8,3467.74
KOL_CUST_004096,Rajarhat,Salt Lake & New Town,Kolkata,Premium,04-01-2023,14-12-2022,BLK_KOL_036,6,3530.47
KOL_CUST_004097,Esplanade,Central Kolkata,Kolkata,Premium,20-04-2023,19-04-2023,BLK_KOL_012,10,5790.54
KOL_CUST_004098,B.B.D. Bagh,Central Kolkata,Kolkata,Regular,15-10-2023,27-09-2023,BLK_KOL_018,11,6062.27
KOL_CUST_004099,Salt Lake,Salt Lake & New Town,Kolkata,Regular,20-02-2024,26-01-2024,BLK_KOL_029,12,6137.12
KOL_CUST_004100,Tollygunge,South Kolkata,Kolkata,Regular,16-07-2024,14-07-2024,BLK_KOL_025,8,3815.48
KOL_CUST_004101,Tollygunge,South Kolkata,Kolkata,Regular,14-04-2024,19-03-2024,BLK_KOL_026,4,2389.92
KOL_CUST_004102,Shyambazar,North Kolkata,Kolkata,Regular,06-03-2024,11-02-2024,BLK_KOL_001,5,2853.6
KOL_CUST_004103,Santragachi,Howrah District,Kolkata,New,10-01-2023,03-01-2023,BLK_KOL_054,9,3868.4
KOL_CUST_004104,Shyambazar,North Kolkata,Kolkata,New,05-08-2024,15-07-2024,BLK_KOL_001,8,3767.32
KOL_CUST_004105,Shyambazar,North Kolkata,Kolkata,Regular,06-01-2023,14-12-2022,BLK_KOL_001,13,4557.07
KOL_CUST_004106,Esplanade,Central Kolkata,Kolkata,Regular,28-08-2023,13-08-2023,BLK_KOL_012,7,5061.49
KOL_CUST_004107,EM Bypass,East Kolkata,Kolkata,Regular,30-07-2024,27-07-2024,BLK_KOL_038,11,3140.635
KOL_CUST_004108,New Town,Salt Lake & New Town,Kolkata,Regular,03-05-2024,07-04-2024,BLK_KOL_032,9,3647.02
KOL_CUST_004109,Ultadanga,North Kolkata,Kolkata,Premium,28-09-2023,05-09-2023,BLK_KOL_004,6,3590.28
KOL_CUST_004110,Tollygunge,South Kolkata,Kolkata,Premium,05-10-2024,06-09-2024,BLK_KOL_026,13,5985.38
KOL_CUST_004111,Behala,East Kolkata,Kolkata,Regular,10-10-2024,26-09-2024,BLK_KOL_043,5,3130.28
KOL_CUST_004112,Shyambazar,North Kolkata,Kolkata,Regular,15-04-2023,04-04-2023,BLK_KOL_001,7,2474.03
KOL_CUST_004113,Salt Lake,Salt Lake & New Town,Kolkata,Premium,10-05-2023,30-04-2023,BLK_KOL_030,16,6454.9
KOL_CUST_004114,B.B.D. Bagh,Central Kolkata,Kolkata,Premium,06-06-2023,27-05-2023,BLK_KOL_018,6,2927.5
KOL_CUST_004115,Rajarhat,Salt Lake & New Town,Kolkata,Premium,28-06-2023,02-06-2023,BLK_KOL_036,5,3114.39
KOL_CUST_004116,Ultadanga,North Kolkata,Kolkata,Regular,20-05-2023,25-04-2023,BLK_KOL_005,11,5629.575
KOL_CUST_004117,Ballygunge,South Kolkata,Kolkata,Regular,06-02-2023,25-01-2023,BLK_KOL_019,7,3831.69
KOL_CUST_004118,EM Bypass,East Kolkata,Kolkata,Regular,20-06-2024,26-05-2024,BLK_KOL_038,4,1855.36
KOL_CUST_004119,B.B.D. Bagh,Central Kolkata,Kolkata,Regular,22-04-2023,24-03-2023,BLK_KOL_016,11,4081.53
KOL_CUST_004120,Baghbazar,North Kolkata,Kolkata,Premium,09-11-2023,10-10-2023,BLK_KOL_009,8,1985.9
KOL_CUST_004121,Santragachi,Howrah District,Kolkata,Regular,02-09-2023,22-08-2023,BLK_KOL_054,5,3521.49
KOL_CUST_004122,Ballygunge,South Kolkata,Kolkata,Regular,18-05-2024,18-04-2024,BLK_KOL_019,10,4688.68
KOL_CUST_004123,Santragachi,Howrah District,Kolkata,Premium,21-09-2023,22-08-2023,BLK_KOL_053,12,4524.46
KOL_CUST_004124,Shyambazar,North Kolkata,Kolkata,New,01-08-2023,29-07-2023,BLK_KOL_001,11,6530.6
KOL_CUST_004125,Rajarhat,Salt Lake & New Town,Kolkata,Regular,21-10-2023,05-10-2023,BLK_KOL_036,8,3046.79
KOL_CUST_004126,Ballygunge,South Kolkata,Kolkata,Premium,16-10-2023,23-09-2023,BLK_KOL_020,8,4285.56
KOL_CUST_004127,Behala,East Kolkata,Kolkata,Regular,08-04-2023,28-03-2023,BLK_KOL_045,9,3525.88
KOL_CUST_004128,Park Street,Central Kolkata,Kolkata,Regular,05-01-2024,17-12-2023,BLK_KOL_015,8,4647.23
KOL_CUST_004129,Gariahat,South Kolkata,Kolkata,Regular,03-01-2023,30-12-2022,BLK_KOL_024,9,4112.42
KOL_CUST_004130,Ultadanga,North Kolkata,Kolkata,Regular,10-07-2024,08-07-2024,BLK_KOL_006,7,2726.56
KOL_CUST_004131,Santragachi,Howrah District,Kolkata,Premium,31-07-2023,24-07-2023,BLK_KOL_053,3,898.03
KOL_CUST_004132,New Town,Salt Lake & New Town,Kolkata,Regular,30-10-2023,16-10-2023,BLK_KOL_033,13,7468.02
KOL_CUST_004133,Kasba,East Kolkata,Kolkata,New,10-10-2023,09-10-2023,BLK_KOL_041,8,2599.69
KOL_CUST_004134,Santragachi,Howrah District,Kolkata,Premium,13-04-2023,24-03-2023,BLK_KOL_053,14,5789
KOL_CUST_004135,Shibpur,Howrah District,Kolkata,Premium,01-07-2023,06-06-2023,BLK_KOL_050,8,3207.085
KOL_CUST_004136,Ultadanga,North Kolkata,Kolkata,Regular,25-02-2023,24-02-2023,BLK_KOL_005,12,6318.08
KOL_CUST_004137,Kasba,East Kolkata,Kolkata,Regular,11-04-2024,16-03-2024,BLK_KOL_040,12,4669.52
KOL_CUST_004138,Rajarhat,Salt Lake & New Town,Kolkata,Regular,01-04-2024,25-03-2024,BLK_KOL_034,6,2204.6
KOL_CUST_004139,Ultadanga,North Kolkata,Kolkata,Premium,25-08-2023,08-08-2023,BLK_KOL_006,11,4316.26
KOL_CUST_004140,New Town,Salt Lake & New Town,Kolkata,New,20-06-2024,19-06-2024,BLK_KOL_031,5,4251.51
KOL_CUST_004141,Park Street,Central Kolkata,Kolkata,Premium,15-10-2023,19-09-2023,BLK_KOL_014,6,1858.88
KOL_CUST_004142,EM Bypass,East Kolkata,Kolkata,Premium,14-11-2023,11-11-2023,BLK_KOL_038,8,3171.5
KOL_CUST_004143,Park Street,Central Kolkata,Kolkata,Regular,11-05-2023,03-05-2023,BLK_KOL_014,8,1945.95
KOL_CUST_004144,Shibpur,Howrah District,Kolkata,New,24-09-2023,15-09-2023,BLK_KOL_050,10,4433.77
KOL_CUST_004145,New Town,Salt Lake & New Town,Kolkata,Premium,05-02-2023,14-01-2023,BLK_KOL_031,8,3431.52
KOL_CUST_004146,Rajarhat,Salt Lake & New Town,Kolkata,Premium,01-01-2023,10-12-2022,BLK_KOL_036,9,6294.52
KOL_CUST_004147,Ultadanga,North Kolkata,Kolkata,Regular,28-02-2024,19-02-2024,BLK_KOL_004,11,5681.54
KOL_CUST_004148,Ballygunge,South Kolkata,Kolkata,Premium,12-10-2023,21-09-2023,BLK_KOL_019,15,5706.95
KOL_CUST_004149,B.B.D. Bagh,Central Kolkata,Kolkata,Regular,04-10-2023,28-09-2023,BLK_KOL_016,9,4642.49
KOL_CUST_004150,Tollygunge,South Kolkata,Kolkata,Regular,06-05-2023,25-04-2023,BLK_KOL_025,4,1551.42
KOL_CUST_004151,Salt Lake,Salt Lake & New Town,Kolkata,Regular,12-05-2023,16-04-2023,BLK_KOL_029,7,3186.23
KOL_CUST_004152,Behala,East Kolkata,Kolkata,Premium,30-11-2023,11-11-2023,BLK_KOL_045,12,4765.36
KOL_CUST_004153,Kasba,East Kolkata,Kolkata,Regular,04-09-2023,11-08-2023,BLK_KOL_040,7,2544.23
KOL_CUST_004154,Rajarhat,Salt Lake & New Town,Kolkata,Regular,14-04-2023,29-03-2023,BLK_KOL_036,9,4374.165
KOL_CUST_004155,Gariahat,South Kolkata,Kolkata,Regular,12-02-2023,22-01-2023,BLK_KOL_024,11,6051.87
KOL_CUST_004156,Howrah,Howrah District,Kolkata,Regular,01-07-2024,06-06-2024,BLK_KOL_047,10,4789.21
KOL_CUST_004157,B.B.D. Bagh,Central Kolkata,Kolkata,Regular,25-07-2024,14-07-2024,BLK_KOL_016,15,7066.7
KOL_CUST_004158,Baghbazar,North Kolkata,Kolkata,New,17-05-2023,05-05-2023,BLK_KOL_007,9,5487.62
KOL_CUST_004159,Shibpur,Howrah District,Kolkata,Regular,03-05-2023,29-04-2023,BLK_KOL_051,10,4036.69
KOL_CUST_004160,Rajarhat,Salt Lake & New Town,Kolkata,Regular,09-05-2023,16-04-2023,BLK_KOL_035,8,3890.95
KOL_CUST_004161,Salt Lake,Salt Lake & New Town,Kolkata,New,18-05-2024,05-05-2024,BLK_KOL_028,10,5348.99
KOL_CUST_004162,New Town,Salt Lake & New Town,Kolkata,Regular,22-06-2024,03-06-2024,BLK_KOL_032,8,3894.68
KOL_CUST_004163,Kasba,East Kolkata,Kolkata,New,12-01-2023,24-12-2022,BLK_KOL_040,11,4418.16
KOL_CUST_004164,New Town,Salt Lake & New Town,Kolkata,Regular,19-03-2024,19-02-2024,BLK_KOL_031,7,5968.39
KOL_CUST_004165,EM Bypass,East Kolkata,Kolkata,Premium,02-02-2023,29-01-2023,BLK_KOL_038,14,6177.01
KOL_CUST_004166,Baghbazar,North Kolkata,Kolkata,New,12-04-2023,20-03-2023,BLK_KOL_008,10,7136.09
KOL_CUST_004167,Ballygunge,South Kolkata,Kolkata,New,07-10-2024,26-09-2024,BLK_KOL_020,11,5230.68
KOL_CUST_004168,Salt Lake,Salt Lake & New Town,Kolkata,Regular,17-06-2023,03-06-2023,BLK_KOL_029,7,2894
KOL_CUST_004169,Shyambazar,North Kolkata,Kolkata,Regular,12-10-2023,24-09-2023,BLK_KOL_003,15,4148.1
KOL_CUST_004170,Howrah,Howrah District,Kolkata,Regular,03-08-2023,09-07-2023,BLK_KOL_048,8,3971.86
KOL_CUST_004171,Santragachi,Howrah District,Kolkata,Regular,09-02-2024,28-01-2024,BLK_KOL_052,10,4440.95
KOL_CUST_004172,Shibpur,Howrah District,Kolkata,New,15-05-2023,28-04-2023,BLK_KOL_049,10,4171.8
KOL_CUST_004173,Behala,East Kolkata,Kolkata,Premium,30-07-2023,04-07-2023,BLK_KOL_045,10,4645.81
KOL_CUST_004174,Park Street,Central Kolkata,Kolkata,Regular,05-04-2023,11-03-2023,BLK_KOL_015,11,3231.1
KOL_CUST_004175,Shyambazar,North Kolkata,Kolkata,Regular,20-05-2024,06-05-2024,BLK_KOL_002,7,3225.44
KOL_CUST_004176,Santragachi,Howrah District,Kolkata,Regular,10-01-2024,05-01-2024,BLK_KOL_053,8,3168.2
KOL_CUST_004177,Tollygunge,South Kolkata,Kolkata,Premium,03-10-2023,29-09-2023,BLK_KOL_027,6,3540.5
KOL_CUST_004178,EM Bypass,East Kolkata,Kolkata,Regular,01-06-2024,17-05-2024,BLK_KOL_038,3,1709.7
KOL_CUST_004179,New Town,Salt Lake & New Town,Kolkata,Regular,14-03-2024,16-02-2024,BLK_KOL_032,7,4471.15
KOL_CUST_004180,EM Bypass,East Kolkata,Kolkata,Regular,31-05-2024,18-05-2024,BLK_KOL_037,8,3308.43
KOL_CUST_004181,Ballygunge,South Kolkata,Kolkata,Premium,11-04-2023,12-03-2023,BLK_KOL_019,9,3858.59
KOL_CUST_004182,Salt Lake,Salt Lake & New Town,Kolkata,Regular,14-05-2023,05-05-2023,BLK_KOL_029,11,5377.16
KOL_CUST_004183,Baghbazar,North Kolkata,Kolkata,Premium,26-02-2024,12-02-2024,BLK_KOL_008,9,4771.67
KOL_CUST_004184,EM Bypass,East Kolkata,Kolkata,Regular,17-10-2024,27-09-2024,BLK_KOL_039,14,6549.425
KOL_CUST_004185,Shyambazar,North Kolkata,Kolkata,Regular,24-02-2023,13-02-2023,BLK_KOL_003,7,4032.74
KOL_CUST_004186,Esplanade,Central Kolkata,Kolkata,Premium,17-05-2023,05-05-2023,BLK_KOL_012,6,3104.845
KOL_CUST_004187,Shyambazar,North Kolkata,Kolkata,Regular,29-07-2023,20-07-2023,BLK_KOL_001,11,5815.33
KOL_CUST_004188,Ultadanga,North Kolkata,Kolkata,Premium,11-02-2024,03-02-2024,BLK_KOL_004,13,5564.42
KOL_CUST_004189,Tollygunge,South Kolkata,Kolkata,Regular,02-05-2023,10-04-2023,BLK_KOL_027,15,7684.62
KOL_CUST_004190,Tollygunge,South Kolkata,Kolkata,Regular,12-10-2023,15-09-2023,BLK_KOL_026,13,9384.61
KOL_CUST_004191,Tollygunge,South Kolkata,Kolkata,New,01-11-2023,04-10-2023,BLK_KOL_027,9,3837.85
KOL_CUST_004192,Ballygunge,South Kolkata,Kolkata,New,27-07-2023,24-07-2023,BLK_KOL_020,11,4852.04
KOL_CUST_004193,Shyambazar,North Kolkata,Kolkata,Regular,23-10-2024,04-10-2024,BLK_KOL_003,8,3658.15
KOL_CUST_004194,Baghbazar,North Kolkata,Kolkata,Regular,25-01-2024,04-01-2024,BLK_KOL_009,4,1891.23
KOL_CUST_004195,B.B.D. Bagh,Central Kolkata,Kolkata,Premium,20-01-2024,02-01-2024,BLK_KOL_016,12,5708.71
KOL_CUST_004196,Kasba,East Kolkata,Kolkata,Regular,01-03-2024,12-02-2024,BLK_KOL_040,12,6581.51
KOL_CUST_004197,Baghbazar,North Kolkata,Kolkata,Regular,21-01-2024,16-01-2024,BLK_KOL_009,12,4990.68
KOL_CUST_004198,Ballygunge,South Kolkata,Kolkata,Regular,17-06-2023,08-06-2023,BLK_KOL_021,9,4465.97
KOL_CUST_004199,Ultadanga,North Kolkata,Kolkata,Premium,23-08-2023,21-08-2023,BLK_KOL_004,10,6851.67
KOL_CUST_004200,Esplanade,Central Kolkata,Kolkata,Premium,03-02-2023,04-01-2023,BLK_KOL_012,10,4719.51
KOL_CUST_004201,Ultadanga,North Kolkata,Kolkata,Premium,31-03-2023,08-03-2023,BLK_KOL_006,13,5836.81
KOL_CUST_004202,Howrah,Howrah District,Kolkata,Regular,24-09-2023,20-09-2023,BLK_KOL_047,10,5794.96
KOL_CUST_004203,Salt Lake,Salt Lake & New Town,Kolkata,New,09-01-2024,30-12-2023,BLK_KOL_029,6,1833.86
KOL_CUST_004204,Shyambazar,North Kolkata,Kolkata,Regular,11-03-2023,18-02-2023,BLK_KOL_001,5,2080.42
KOL_CUST_004205,Baghbazar,North Kolkata,Kolkata,Regular,04-03-2023,11-02-2023,BLK_KOL_007,10,4625.93
KOL_CUST_004206,Park Street,Central Kolkata,Kolkata,Regular,08-02-2024,19-01-2024,BLK_KOL_014,6,2566.545
KOL_CUST_004207,Kasba,East Kolkata,Kolkata,Regular,16-03-2023,03-03-2023,BLK_KOL_042,6,1188.57
KOL_CUST_004208,Kasba,East Kolkata,Kolkata,Regular,27-10-2023,01-10-2023,BLK_KOL_042,7,3068.23
KOL_CUST_004209,Ultadanga,North Kolkata,Kolkata,Regular,12-09-2024,08-09-2024,BLK_KOL_005,11,5029.19
KOL_CUST_004210,EM Bypass,East Kolkata,Kolkata,New,10-02-2023,04-02-2023,BLK_KOL_039,5,2447.03
KOL_CUST_004211,Park Street,Central Kolkata,Kolkata,New,10-07-2023,07-07-2023,BLK_KOL_015,8,3773.7
KOL_CUST_004212,Baghbazar,North Kolkata,Kolkata,Regular,21-04-2024,07-04-2024,BLK_KOL_007,16,7532.65
KOL_CUST_004213,Kasba,East Kolkata,Kolkata,Regular,04-04-2024,21-03-2024,BLK_KOL_041,7,3423.29
KOL_CUST_004214,Rajarhat,Salt Lake & New Town,Kolkata,Premium,20-06-2023,30-05-2023,BLK_KOL_035,6,5043.42
KOL_CUST_004215,Salt Lake,Salt Lake & New Town,Kolkata,Premium,02-01-2024,21-12-2023,BLK_KOL_028,12,4398.81
KOL_CUST_004216,Baghbazar,North Kolkata,Kolkata,Regular,26-08-2024,06-08-2024,BLK_KOL_009,10,6356.86
KOL_CUST_004217,Tollygunge,South Kolkata,Kolkata,Regular,02-06-2023,13-05-2023,BLK_KOL_025,10,2666.74
KOL_CUST_004218,Gariahat,South Kolkata,Kolkata,Regular,16-01-2024,28-12-2023,BLK_KOL_024,14,10220.83
KOL_CUST_004219,New Town,Salt Lake & New Town,Kolkata,New,07-06-2023,08-05-2023,BLK_KOL_032,5,3094.11
KOL_CUST_004220,Rajarhat,Salt Lake & New Town,Kolkata,Regular,19-03-2023,14-03-2023,BLK_KOL_036,12,6462.7
KOL_CUST_004221,B.B.D. Bagh,Central Kolkata,Kolkata,Regular,19-10-2023,06-10-2023,BLK_KOL_016,8,4419.85
KOL_CUST_004222,Rajarhat,Salt Lake & New Town,Kolkata,Regular,19-11-2023,22-10-2023,BLK_KOL_036,11,3367.3
KOL_CUST_004223,Shyambazar,North Kolkata,Kolkata,Regular,12-02-2024,22-01-2024,BLK_KOL_002,5,2728.06
KOL_CUST_004224,Esplanade,Central Kolkata,Kolkata,New,03-01-2024,21-12-2023,BLK_KOL_012,10,3659.63
KOL_CUST_004225,Kasba,East Kolkata,Kolkata,Premium,13-05-2024,20-04-2024,BLK_KOL_042,9,3601.54
KOL_CUST_004226,Esplanade,Central Kolkata,Kolkata,New,02-01-2024,06-12-2023,BLK_KOL_012,9,4960.86
KOL_CUST_004227,Santragachi,Howrah District,Kolkata,New,16-07-2023,20-06-2023,BLK_KOL_054,7,3410.45
KOL_CUST_004228,Howrah,Howrah District,Kolkata,Premium,21-09-2023,07-09-2023,BLK_KOL_046,15,7396.41
KOL_CUST_004229,Shibpur,Howrah District,Kolkata,Regular,03-03-2024,06-02-2024,BLK_KOL_050,7,4849.51
KOL_CUST_004230,Park Street,Central Kolkata,Kolkata,Premium,23-02-2023,17-02-2023,BLK_KOL_015,7,1720.03
KOL_CUST_004231,Salt Lake,Salt Lake & New Town,Kolkata,Regular,13-07-2023,15-06-2023,BLK_KOL_030,9,2620.42
KOL_CUST_004232,Ballygunge,South Kolkata,Kolkata,Regular,26-01-2023,16-01-2023,BLK_KOL_020,15,6472.39
KOL_CUST_004233,Tollygunge,South Kolkata,Kolkata,Regular,22-02-2023,02-02-2023,BLK_KOL_025,14,6154.31
KOL_CUST_004234,Gariahat,South Kolkata,Kolkata,Regular,11-10-2023,11-09-2023,BLK_KOL_024,9,4712.81
KOL_CUST_004235,Shyambazar,North Kolkata,Kolkata,Premium,09-06-2024,15-05-2024,BLK_KOL_002,11,3969.63
KOL_CUST_004236,Park Street,Central Kolkata,Kolkata,Regular,07-01-2023,02-01-2023,BLK_KOL_014,6,4913.93
KOL_CUST_004237,Shyambazar,North Kolkata,Kolkata,Regular,11-08-2024,21-07-2024,BLK_KOL_002,5,1693.99
KOL_CUST_004238,Rajarhat,Salt Lake & New Town,Kolkata,New,11-10-2024,21-09-2024,BLK_KOL_034,9,5129.3
KOL_CUST_004239,Shibpur,Howrah District,Kolkata,New,28-09-2023,27-09-2023,BLK_KOL_050,14,6635.44
KOL_CUST_004240,Shyambazar,North Kolkata,Kolkata,Regular,22-02-2024,23-01-2024,BLK_KOL_001,7,3238.83
KOL_CUST_004241,New Town,Salt Lake & New Town,Kolkata,Regular,24-10-2023,26-09-2023,BLK_KOL_033,5,3455.77
KOL_CUST_004242,Shibpur,Howrah District,Kolkata,New,18-02-2024,09-02-2024,BLK_KOL_049,8,2968.83
KOL_CUST_004243,Santragachi,Howrah District,Kolkata,Regular,14-04-2023,16-03-2023,BLK_KOL_052,9,6969.94
KOL_CUST_004244,Santragachi,Howrah District,Kolkata,Regular,20-10-2023,28-09-2023,BLK_KOL_054,3,2212.02
KOL_CUST_004245,Gariahat,South Kolkata,Kolkata,Regular,11-08-2023,26-07-2023,BLK_KOL_023,11,6073.59
KOL_CUST_004246,Santragachi,Howrah District,Kolkata,Regular,13-01-2024,05-01-2024,BLK_KOL_054,11,7630.72
KOL_CUST_004247,Esplanade,Central Kolkata,Kolkata,Regular,19-02-2024,28-01-2024,BLK_KOL_012,11,8389.72
KOL_CUST_004248,Behala,East Kolkata,Kolkata,Regular,02-08-2023,20-07-2023,BLK_KOL_045,8,4208.13
KOL_CUST_004249,Shyambazar,North Kolkata,Kolkata,Regular,16-06-2023,04-06-2023,BLK_KOL_003,9,5135.03
KOL_CUST_004250,Rajarhat,Salt Lake & New Town,Kolkata,Regular,29-06-2023,28-06-2023,BLK_KOL_036,15,7025.64
KOL_CUST_004251,Tollygunge,South Kolkata,Kolkata,Regular,02-12-2023,12-11-2023,BLK_KOL_026,8,3998.19
KOL_CUST_004252,Ultadanga,North Kolkata,Kolkata,New,02-07-2024,15-06-2024,BLK_KOL_005,13,6846
KOL_CUST_004253,Santragachi,Howrah District,Kolkata,Premium,23-05-2023,21-05-2023,BLK_KOL_052,10,5507.18
KOL_CUST_004254,Kasba,East Kolkata,Kolkata,Regular,05-08-2023,27-07-2023,BLK_KOL_040,9,4686.61
KOL_CUST_004255,Ultadanga,North Kolkata,Kolkata,Premium,23-06-2023,09-06-2023,BLK_KOL_006,11,4039.33
KOL_CUST_004256,Gariahat,South Kolkata,Kolkata,Premium,19-02-2023,31-01-2023,BLK_KOL_022,13,6415.63
KOL_CUST_004257,Ultadanga,North Kolkata,Kolkata,Regular,12-08-2023,26-07-2023,BLK_KOL_004,11,3871.35
KOL_CUST_004258,Howrah,Howrah District,Kolkata,Regular,23-03-2024,24-02-2024,BLK_KOL_048,5,2052.75
KOL_CUST_004259,Tollygunge,South Kolkata,Kolkata,New,22-03-2023,16-03-2023,BLK_KOL_027,7,4544.44
KOL_CUST_004260,Shyambazar,North Kolkata,Kolkata,Regular,30-08-2023,25-08-2023,BLK_KOL_002,11,6426.34
KOL_CUST_004261,B.B.D. Bagh,Central Kolkata,Kolkata,Premium,15-03-2023,13-03-2023,BLK_KOL_016,8,4157.98
KOL_CUST_004262,Behala,East Kolkata,Kolkata,Premium,06-06-2024,26-05-2024,BLK_KOL_043,12,4811.62
KOL_CUST_004263,EM Bypass,East Kolkata,Kolkata,Regular,16-06-2024,05-06-2024,BLK_KOL_038,11,3926.2
KOL_CUST_004264,Shyambazar,North Kolkata,Kolkata,Regular,22-03-2023,09-03-2023,BLK_KOL_001,6,1857.07
KOL_CUST_004265,Tollygunge,South Kolkata,Kolkata,Premium,15-04-2023,21-03-2023,BLK_KOL_026,10,4353.95
KOL_CUST_004266,Park Street,Central Kolkata,Kolkata,Regular,22-06-2024,12-06-2024,BLK_KOL_015,9,2531.13
KOL_CUST_004267,Gariahat,South Kolkata,Kolkata,Regular,13-06-2024,14-05-2024,BLK_KOL_022,16,8043.1
KOL_CUST_004268,Shibpur,Howrah District,Kolkata,Regular,09-11-2023,10-10-2023,BLK_KOL_051,6,2081.71
KOL_CUST_004269,Kasba,East Kolkata,Kolkata,Regular,20-01-2023,05-01-2023,BLK_KOL_042,8,3117.1
KOL_CUST_004270,Howrah,Howrah District,Kolkata,Regular,13-09-2023,17-08-2023,BLK_KOL_047,8,5010.55
KOL_CUST_004271,Salt Lake,Salt Lake & New Town,Kolkata,Regular,09-04-2023,15-03-2023,BLK_KOL_029,5,2475.35
KOL_CUST_004272,Esplanade,Central Kolkata,Kolkata,Regular,01-08-2023,03-07-2023,BLK_KOL_012,6,1904.39
KOL_CUST_004273,Ballygunge,South Kolkata,Kolkata,Regular,30-11-2023,25-11-2023,BLK_KOL_019,8,4793.05
KOL_CUST_004274,Ultadanga,North Kolkata,Kolkata,Regular,03-03-2024,13-02-2024,BLK_KOL_004,9,4683.77
KOL_CUST_004275,Ultadanga,North Kolkata,Kolkata,Premium,02-06-2023,28-05-2023,BLK_KOL_006,13,5835.28
KOL_CUST_004276,Esplanade,Central Kolkata,Kolkata,Premium,25-01-2024,17-01-2024,BLK_KOL_010,5,1852.84
KOL_CUST_004277,Ballygunge,South Kolkata,Kolkata,Regular,09-08-2023,24-07-2023,BLK_KOL_020,8,3493.35
KOL_CUST_004278,Ultadanga,North Kolkata,Kolkata,Premium,06-01-2023,14-12-2022,BLK_KOL_004,7,4400.97
KOL_CUST_004279,New Town,Salt Lake & New Town,Kolkata,Premium,24-05-2023,27-04-2023,BLK_KOL_031,11,4800.23
KOL_CUST_004280,Tollygunge,South Kolkata,Kolkata,Regular,02-02-2024,21-01-2024,BLK_KOL_027,11,7153.08
KOL_CUST_004281,Salt Lake,Salt Lake & New Town,Kolkata,Regular,16-04-2023,27-03-2023,BLK_KOL_028,8,3497.69
KOL_CUST_004282,Park Street,Central Kolkata,Kolkata,Regular,09-07-2023,27-06-2023,BLK_KOL_014,12,5834.2
KOL_CUST_004283,Ballygunge,South Kolkata,Kolkata,Premium,05-08-2023,23-07-2023,BLK_KOL_020,12,4978.44
KOL_CUST_004284,Behala,East Kolkata,Kolkata,Regular,04-03-2023,22-02-2023,BLK_KOL_044,11,5984.33
KOL_CUST_004285,Salt Lake,Salt Lake & New Town,Kolkata,Regular,08-07-2023,23-06-2023,BLK_KOL_028,13,5031.25
KOL_CUST_004286,Esplanade,Central Kolkata,Kolkata,Premium,29-06-2024,09-06-2024,BLK_KOL_010,10,5427.51
KOL_CUST_004287,Esplanade,Central Kolkata,Kolkata,New,19-08-2024,05-08-2024,BLK_KOL_010,11,4219.69
KOL_CUST_004288,Kasba,East Kolkata,Kolkata,Premium,09-06-2023,24-05-2023,BLK_KOL_041,9,4164.69
KOL_CUST_004289,Kasba,East Kolkata,Kolkata,Regular,19-11-2023,13-11-2023,BLK_KOL_040,9,5501.77
KOL_CUST_004290,New Town,Salt Lake & New Town,Kolkata,Regular,04-11-2023,01-11-2023,BLK_KOL_031,9,4742.07
KOL_CUST_004291,Ultadanga,North Kolkata,Kolkata,Premium,30-07-2023,26-07-2023,BLK_KOL_004,12,6489.33
KOL_CUST_004292,Santragachi,Howrah District,Kolkata,Premium,14-08-2024,24-07-2024,BLK_KOL_054,4,2343.39
KOL_CUST_004293,Kasba,East Kolkata,Kolkata,Premium,30-07-2023,23-07-2023,BLK_KOL_042,8,4075.05
KOL_CUST_004294,Esplanade,Central Kolkata,Kolkata,Premium,06-02-2023,09-01-2023,BLK_KOL_010,10,4535.39
KOL_CUST_004295,Shibpur,Howrah District,Kolkata,Regular,19-09-2024,11-09-2024,BLK_KOL_049,10,6120.22
KOL_CUST_004296,Baghbazar,North Kolkata,Kolkata,Regular,16-09-2023,09-09-2023,BLK_KOL_009,14,6547.1
KOL_CUST_004297,Shyambazar,North Kolkata,Kolkata,Regular,05-05-2024,24-04-2024,BLK_KOL_001,6,3074.51
KOL_CUST_004298,Gariahat,South Kolkata,Kolkata,Regular,02-03-2023,07-02-2023,BLK_KOL_022,16,5720.6
KOL_CUST_004299,Gariahat,South Kolkata,Kolkata,Regular,07-02-2024,29-01-2024,BLK_KOL_022,12,6513.04
KOL_CUST_004300,Shibpur,Howrah District,Kolkata,Regular,13-07-2024,08-07-2024,BLK_KOL_050,11,8694.67
KOL_CUST_004301,Santragachi,Howrah District,Kolkata,Regular,22-02-2024,04-02-2024,BLK_KOL_053,12,4439.67
KOL_CUST_004302,Howrah,Howrah District,Kolkata,Premium,14-02-2023,03-02-2023,BLK_KOL_047,15,6870.35
KOL_CUST_004303,Shibpur,Howrah District,Kolkata,Premium,15-10-2023,06-10-2023,BLK_KOL_050,9,5585.38
KOL_CUST_004304,Shyambazar,North Kolkata,Kolkata,Premium,29-06-2024,15-06-2024,BLK_KOL_001,8,3709.95
KOL_CUST_004305,B.B.D. Bagh,Central Kolkata,Kolkata,New,12-08-2023,31-07-2023,BLK_KOL_016,13,3915.33
KOL_CUST_004306,Park Street,Central Kolkata,Kolkata,Regular,12-07-2023,30-06-2023,BLK_KOL_014,7,3484.26
KOL_CUST_004307,Gariahat,South Kolkata,Kolkata,Regular,29-05-2023,18-05-2023,BLK_KOL_023,8,4292.9
KOL_CUST_004308,EM Bypass,East Kolkata,Kolkata,Regular,29-07-2024,14-07-2024,BLK_KOL_038,11,5073.14
KOL_CUST_004309,Kasba,East Kolkata,Kolkata,Regular,13-07-2023,24-06-2023,BLK_KOL_041,5,1186.71
KOL_CUST_004310,Rajarhat,Salt Lake & New Town,Kolkata,Regular,12-01-2024,22-12-2023,BLK_KOL_036,10,4410.89
KOL_CUST_004311,Shyambazar,North Kolkata,Kolkata,Premium,23-10-2024,04-10-2024,BLK_KOL_003,5,1740.56
KOL_CUST_004312,EM Bypass,East Kolkata,Kolkata,New,15-06-2023,10-06-2023,BLK_KOL_038,6,4622.58
KOL_CUST_004313,Ultadanga,North Kolkata,Kolkata,Regular,05-03-2024,05-02-2024,BLK_KOL_004,8,3357.29
KOL_CUST_004314,Howrah,Howrah District,Kolkata,Regular,06-08-2023,14-07-2023,BLK_KOL_046,9,3764.39
KOL_CUST_004315,Behala,East Kolkata,Kolkata,Regular,14-08-2023,16-07-2023,BLK_KOL_044,8,4815.25
KOL_CUST_004316,Park Street,Central Kolkata,Kolkata,Premium,11-02-2023,28-01-2023,BLK_KOL_013,10,6285.8
KOL_CUST_004317,Rajarhat,Salt Lake & New Town,Kolkata,Premium,05-04-2024,29-03-2024,BLK_KOL_034,5,2546.56
KOL_CUST_004318,Howrah,Howrah District,Kolkata,Regular,29-11-2023,17-11-2023,BLK_KOL_046,9,5015.87
KOL_CUST_004319,Behala,East Kolkata,Kolkata,Regular,11-03-2024,12-02-2024,BLK_KOL_043,12,6145.19
KOL_CUST_004320,Ultadanga,North Kolkata,Kolkata,Regular,20-08-2023,31-07-2023,BLK_KOL_004,11,8600.72
KOL_CUST_004321,Baghbazar,North Kolkata,Kolkata,Regular,21-02-2023,16-02-2023,BLK_KOL_009,13,4759.76
KOL_CUST_004322,Ballygunge,South Kolkata,Kolkata,Regular,14-09-2023,15-08-2023,BLK_KOL_019,5,2521.25
KOL_CUST_004323,Tollygunge,South Kolkata,Kolkata,Regular,14-05-2023,19-04-2023,BLK_KOL_026,9,4634.57
KOL_CUST_004324,Shyambazar,North Kolkata,Kolkata,Regular,08-05-2023,16-04-2023,BLK_KOL_001,8,2161.41
KOL_CUST_004325,Shibpur,Howrah District,Kolkata,Premium,30-11-2023,25-11-2023,BLK_KOL_050,11,6959.34
KOL_CUST_004326,Park Street,Central Kolkata,Kolkata,New,07-11-2023,14-10-2023,BLK_KOL_015,7,3828.29
KOL_CUST_004327,Salt Lake,Salt Lake & New Town,Kolkata,Premium,18-07-2023,21-06-2023,BLK_KOL_028,5,1146.16
KOL_CUST_004328,Santragachi,Howrah District,Kolkata,Regular,16-08-2023,01-08-2023,BLK_KOL_054,10,5663.62
KOL_CUST_004329,EM Bypass,East Kolkata,Kolkata,Premium,17-03-2023,22-02-2023,BLK_KOL_037,9,6106.17
KOL_CUST_004330,EM Bypass,East Kolkata,Kolkata,Premium,10-01-2023,03-01-2023,BLK_KOL_039,11,5961.565
KOL_CUST_004331,New Town,Salt Lake & New Town,Kolkata,Regular,09-05-2024,29-04-2024,BLK_KOL_033,4,1715.05
KOL_CUST_004332,Park Street,Central Kolkata,Kolkata,New,27-05-2023,18-05-2023,BLK_KOL_015,16,7899.51
KOL_CUST_004333,Ultadanga,North Kolkata,Kolkata,Premium,28-08-2023,08-08-2023,BLK_KOL_004,9,5133.9
KOL_CUST_004334,Baghbazar,North Kolkata,Kolkata,Regular,20-04-2024,24-03-2024,BLK_KOL_009,7,3799.4
KOL_CUST_004335,Shyambazar,North Kolkata,Kolkata,Regular,16-06-2023,12-06-2023,BLK_KOL_001,7,2975.61
KOL_CUST_004336,Shibpur,Howrah District,Kolkata,Regular,31-01-2024,29-01-2024,BLK_KOL_050,9,2678.06
KOL_CUST_004337,Shibpur,Howrah District,Kolkata,Regular,22-10-2024,28-09-2024,BLK_KOL_050,8,4194.9
KOL_CUST_004338,Salt Lake,Salt Lake & New Town,Kolkata,Premium,29-10-2023,27-10-2023,BLK_KOL_029,18,6592.11
KOL_CUST_004339,Baghbazar,North Kolkata,Kolkata,New,19-05-2023,08-05-2023,BLK_KOL_009,9,3614.33
KOL_CUST_004340,Ballygunge,South Kolkata,Kolkata,Regular,07-04-2024,17-03-2024,BLK_KOL_021,10,5831.26
KOL_CUST_004341,Shibpur,Howrah District,Kolkata,Regular,01-09-2024,21-08-2024,BLK_KOL_051,9,4192.85
KOL_CUST_004342,Ultadanga,North Kolkata,Kolkata,Regular,17-01-2023,13-01-2023,BLK_KOL_006,9,5530.16
KOL_CUST_004343,Shibpur,Howrah District,Kolkata,Regular,14-07-2024,10-07-2024,BLK_KOL_051,10,5695.28
KOL_CUST_004344,Behala,East Kolkata,Kolkata,Premium,14-11-2023,15-10-2023,BLK_KOL_045,12,6472.69
KOL_CUST_004345,Park Street,Central Kolkata,Kolkata,Regular,22-02-2024,02-02-2024,BLK_KOL_013,12,5975.54
KOL_CUST_004346,Santragachi,Howrah District,Kolkata,Regular,14-04-2024,10-04-2024,BLK_KOL_054,11,6770.69
KOL_CUST_004347,Esplanade,Central Kolkata,Kolkata,Regular,17-05-2023,21-04-2023,BLK_KOL_012,12,6502.41
KOL_CUST_004348,Kasba,East Kolkata,Kolkata,Regular,14-02-2023,18-01-2023,BLK_KOL_040,10,5462.07
KOL_CUST_004349,Behala,East Kolkata,Kolkata,Regular,11-03-2023,04-03-2023,BLK_KOL_043,7,2205.91
KOL_CUST_004350,Baghbazar,North Kolkata,Kolkata,Regular,11-11-2023,14-10-2023,BLK_KOL_008,5,2044.66
KOL_CUST_004351,Santragachi,Howrah District,Kolkata,Regular,27-08-2023,06-08-2023,BLK_KOL_053,6,3132.6
KOL_CUST_004352,Rajarhat,Salt Lake & New Town,Kolkata,Regular,21-04-2023,03-04-2023,BLK_KOL_034,7,2308.92
KOL_CUST_004353,Rajarhat,Salt Lake & New Town,Kolkata,Regular,06-05-2024,17-04-2024,BLK_KOL_034,10,5018.36
KOL_CUST_004354,Shibpur,Howrah District,Kolkata,Regular,12-09-2023,21-08-2023,BLK_KOL_051,9,3421.05
KOL_CUST_004355,Behala,East Kolkata,Kolkata,Regular,03-09-2024,01-09-2024,BLK_KOL_043,9,2226.34
KOL_CUST_004356,New Town,Salt Lake & New Town,Kolkata,New,18-07-2023,04-07-2023,BLK_KOL_033,7,5096.96
KOL_CUST_004357,Ballygunge,South Kolkata,Kolkata,Premium,21-08-2023,26-07-2023,BLK_KOL_019,4,2834.67
KOL_CUST_004358,Ballygunge,South Kolkata,Kolkata,Premium,10-04-2023,16-03-2023,BLK_KOL_021,6,3750.6
KOL_CUST_004359,Santragachi,Howrah District,Kolkata,Regular,23-04-2024,20-04-2024,BLK_KOL_052,14,6170.34
KOL_CUST_004360,Ultadanga,North Kolkata,Kolkata,New,29-09-2023,17-09-2023,BLK_KOL_004,5,2578.59
KOL_CUST_004361,Kasba,East Kolkata,Kolkata,Premium,02-08-2023,15-07-2023,BLK_KOL_040,9,4738.33
KOL_CUST_004362,Ballygunge,South Kolkata,Kolkata,Regular,04-01-2024,16-12-2023,BLK_KOL_021,12,6661.36
KOL_CUST_004363,Park Street,Central Kolkata,Kolkata,Regular,05-01-2024,11-12-2023,BLK_KOL_015,8,5113.22
KOL_CUST_004364,Santragachi,Howrah District,Kolkata,New,26-03-2024,29-02-2024,BLK_KOL_054,4,2136.27
KOL_CUST_004365,Behala,East Kolkata,Kolkata,Premium,29-02-2024,04-02-2024,BLK_KOL_043,11,6019.12
KOL_CUST_004366,Park Street,Central Kolkata,Kolkata,Regular,31-03-2023,01-03-2023,BLK_KOL_014,11,4036.6
KOL_CUST_004367,Shyambazar,North Kolkata,Kolkata,Premium,01-02-2024,02-01-2024,BLK_KOL_001,5,2441.21
KOL_CUST_004368,Baghbazar,North Kolkata,Kolkata,Regular,21-09-2023,12-09-2023,BLK_KOL_009,9,3725.95
KOL_CUST_004369,Salt Lake,Salt Lake & New Town,Kolkata,Regular,07-09-2024,16-08-2024,BLK_KOL_030,11,5193.34
KOL_CUST_004370,Rajarhat,Salt Lake & New Town,Kolkata,Regular,04-09-2024,12-08-2024,BLK_KOL_034,9,6957.18
KOL_CUST_004371,Howrah,Howrah District,Kolkata,Regular,20-01-2023,25-12-2022,BLK_KOL_048,14,5682.38
KOL_CUST_004372,Kasba,East Kolkata,Kolkata,Regular,23-10-2024,07-10-2024,BLK_KOL_040,10,4980.28
KOL_CUST_004373,Rajarhat,Salt Lake & New Town,Kolkata,Regular,10-08-2024,28-07-2024,BLK_KOL_034,9,3214.23
KOL_CUST_004374,Behala,East Kolkata,Kolkata,Regular,12-11-2023,19-10-2023,BLK_KOL_044,10,4241.98
KOL_CUST_004375,Shibpur,Howrah District,Kolkata,Regular,09-04-2024,31-03-2024,BLK_KOL_049,12,3860.79
KOL_CUST_004376,Rajarhat,Salt Lake & New Town,Kolkata,New,11-07-2023,19-06-2023,BLK_KOL_036,12,5916.78
KOL_CUST_004377,Rajarhat,Salt Lake & New Town,Kolkata,Regular,12-04-2023,20-03-2023,BLK_KOL_036,5,2294.15
KOL_CUST_004378,Baghbazar,North Kolkata,Kolkata,Regular,23-07-2023,03-07-2023,BLK_KOL_008,7,3104.03
KOL_CUST_004379,Behala,East Kolkata,Kolkata,Regular,10-07-2023,02-07-2023,BLK_KOL_043,11,4862.43
KOL_CUST_004380,Esplanade,Central Kolkata,Kolkata,Regular,09-01-2023,06-01-2023,BLK_KOL_011,8,5372.78
KOL_CUST_004381,New Town,Salt Lake & New Town,Kolkata,Premium,14-10-2023,01-10-2023,BLK_KOL_031,9,4710.3
KOL_CUST_004382,Park Street,Central Kolkata,Kolkata,Regular,17-11-2023,12-11-2023,BLK_KOL_014,9,5112.99
KOL_CUST_004383,Santragachi,Howrah District,Kolkata,Regular,18-08-2023,21-07-2023,BLK_KOL_054,7,2461.71
KOL_CUST_004384,New Town,Salt Lake & New Town,Kolkata,New,21-02-2023,14-02-2023,BLK_KOL_032,8,3464.06
KOL_CUST_004385,Salt Lake,Salt Lake & New Town,Kolkata,Regular,19-08-2023,21-07-2023,BLK_KOL_030,11,3288.11
KOL_CUST_004386,B.B.D. Bagh,Central Kolkata,Kolkata,Regular,13-02-2023,25-01-2023,BLK_KOL_016,7,2556.3
KOL_CUST_004387,Tollygunge,South Kolkata,Kolkata,New,19-03-2023,26-02-2023,BLK_KOL_025,13,5665.935
KOL_CUST_004388,Salt Lake,Salt Lake & New Town,Kolkata,Regular,02-05-2024,01-05-2024,BLK_KOL_030,11,5195.125
KOL_CUST_004389,Baghbazar,North Kolkata,Kolkata,Regular,10-09-2024,14-08-2024,BLK_KOL_009,10,5932.04
KOL_CUST_004390,Kasba,East Kolkata,Kolkata,Premium,12-03-2023,27-02-2023,BLK_KOL_040,9,4108.59
KOL_CUST_004391,Tollygunge,South Kolkata,Kolkata,New,26-03-2024,10-03-2024,BLK_KOL_026,8,3937.3
KOL_CUST_004392,Salt Lake,Salt Lake & New Town,Kolkata,Regular,15-11-2023,22-10-2023,BLK_KOL_028,9,4716.57
KOL_CUST_004393,Park Street,Central Kolkata,Kolkata,Regular,16-05-2023,13-05-2023,BLK_KOL_013,2,567.32
KOL_CUST_004394,EM Bypass,East Kolkata,Kolkata,Premium,12-06-2024,11-06-2024,BLK_KOL_038,8,3936.56
KOL_CUST_004395,New Town,Salt Lake & New Town,Kolkata,Regular,20-09-2023,16-09-2023,BLK_KOL_033,13,7194.37
KOL_CUST_004396,Ballygunge,South Kolkata,Kolkata,New,11-04-2024,31-03-2024,BLK_KOL_021,7,4414.18
KOL_CUST_004397,Ballygunge,South Kolkata,Kolkata,Regular,22-08-2023,19-08-2023,BLK_KOL_021,13,5433.44
KOL_CUST_004398,Ultadanga,North Kolkata,Kolkata,Regular,27-01-2024,07-01-2024,BLK_KOL_006,12,5758.07
KOL_CUST_004399,Baghbazar,North Kolkata,Kolkata,Premium,11-03-2023,10-03-2023,BLK_KOL_009,9,4785.65
KOL_CUST_004400,Salt Lake,Salt Lake & New Town,Kolkata,New,29-09-2024,23-09-2024,BLK_KOL_030,9,4433.64
KOL_CUST_004401,Gariahat,South Kolkata,Kolkata,Premium,13-07-2023,25-06-2023,BLK_KOL_022,9,4695.93
KOL_CUST_004402,B.B.D. Bagh,Central Kolkata,Kolkata,Regular,26-01-2024,18-01-2024,BLK_KOL_018,8,2826.66
KOL_CUST_004403,Tollygunge,South Kolkata,Kolkata,Regular,15-08-2024,12-08-2024,BLK_KOL_027,11,4134.45
KOL_CUST_004404,Kasba,East Kolkata,Kolkata,New,04-03-2023,03-03-2023,BLK_KOL_042,12,5889.41
KOL_CUST_004405,Baghbazar,North Kolkata,Kolkata,Regular,23-09-2023,09-09-2023,BLK_KOL_009,8,4946.22
KOL_CUST_004406,Rajarhat,Salt Lake & New Town,Kolkata,Regular,19-10-2024,04-10-2024,BLK_KOL_036,11,5252.63
KOL_CUST_004407,Tollygunge,South Kolkata,Kolkata,New,02-01-2024,03-12-2023,BLK_KOL_025,7,3364.77
KOL_CUST_004408,Baghbazar,North Kolkata,Kolkata,Premium,15-02-2024,03-02-2024,BLK_KOL_008,8,3843.07
KOL_CUST_004409,Ballygunge,South Kolkata,Kolkata,Premium,05-05-2024,15-04-2024,BLK_KOL_020,18,12357.16
KOL_CUST_004410,Ballygunge,South Kolkata,Kolkata,Regular,14-09-2024,09-09-2024,BLK_KOL_019,12,6343.58
KOL_CUST_004411,Esplanade,Central Kolkata,Kolkata,Regular,12-03-2024,21-02-2024,BLK_KOL_010,10,3771.03
KOL_CUST_004412,Kasba,East Kolkata,Kolkata,Regular,01-07-2024,06-06-2024,BLK_KOL_042,8,3401.1
KOL_CUST_004413,EM Bypass,East Kolkata,Kolkata,Regular,06-08-2024,09-07-2024,BLK_KOL_039,9,3769.15
KOL_CUST_004414,Howrah,Howrah District,Kolkata,Regular,29-09-2023,11-09-2023,BLK_KOL_048,14,4582.05
KOL_CUST_004415,Ballygunge,South Kolkata,Kolkata,Regular,04-08-2023,18-07-2023,BLK_KOL_021,15,6319.53
KOL_CUST_004416,Rajarhat,Salt Lake & New Town,Kolkata,Regular,01-01-2023,07-12-2022,BLK_KOL_036,10,4658.29
KOL_CUST_004417,B.B.D. Bagh,Central Kolkata,Kolkata,Premium,11-05-2023,05-05-2023,BLK_KOL_017,9,2690.39
KOL_CUST_004418,Kasba,East Kolkata,Kolkata,Regular,14-03-2023,25-02-2023,BLK_KOL_040,8,1693.67
KOL_CUST_004419,Ballygunge,South Kolkata,Kolkata,Premium,13-05-2023,30-04-2023,BLK_KOL_019,17,8240.18
KOL_CUST_004420,New Town,Salt Lake & New Town,Kolkata,New,24-02-2023,04-02-2023,BLK_KOL_031,13,5946.04
KOL_CUST_004421,Santragachi,Howrah District,Kolkata,Regular,01-01-2024,13-12-2023,BLK_KOL_054,8,2752.8
KOL_CUST_004422,New Town,Salt Lake & New Town,Kolkata,Premium,09-10-2023,28-09-2023,BLK_KOL_032,16,11060.72
KOL_CUST_004423,Howrah,Howrah District,Kolkata,Regular,24-04-2023,04-04-2023,BLK_KOL_047,8,3684.34
KOL_CUST_004424,EM Bypass,East Kolkata,Kolkata,Regular,24-02-2023,25-01-2023,BLK_KOL_037,10,4874.83
KOL_CUST_004425,Santragachi,Howrah District,Kolkata,New,17-11-2023,18-10-2023,BLK_KOL_053,5,2621.12
KOL_CUST_004426,Salt Lake,Salt Lake & New Town,Kolkata,Premium,21-04-2023,27-03-2023,BLK_KOL_030,13,3804.655
KOL_CUST_004427,Howrah,Howrah District,Kolkata,Regular,28-08-2023,01-08-2023,BLK_KOL_048,14,5803.53
KOL_CUST_004428,Rajarhat,Salt Lake & New Town,Kolkata,Regular,28-06-2024,10-06-2024,BLK_KOL_034,9,5349.78
KOL_CUST_004429,Baghbazar,North Kolkata,Kolkata,Regular,06-06-2024,04-06-2024,BLK_KOL_008,6,3706.93
KOL_CUST_004430,Rajarhat,Salt Lake & New Town,Kolkata,Regular,03-01-2024,28-12-2023,BLK_KOL_035,9,3307.37
KOL_CUST_004431,B.B.D. Bagh,Central Kolkata,Kolkata,Regular,18-04-2023,20-03-2023,BLK_KOL_016,5,1606.47
KOL_CUST_004432,Behala,East Kolkata,Kolkata,Regular,29-04-2024,04-04-2024,BLK_KOL_045,7,3404.75
KOL_CUST_004433,Ballygunge,South Kolkata,Kolkata,Regular,11-10-2023,06-10-2023,BLK_KOL_021,6,2616.75
KOL_CUST_004434,Shyambazar,North Kolkata,Kolkata,Regular,18-03-2023,25-02-2023,BLK_KOL_001,16,9040.17
KOL_CUST_004435,Tollygunge,South Kolkata,Kolkata,Regular,21-11-2023,31-10-2023,BLK_KOL_027,11,6433.56
KOL_CUST_004436,Park Street,Central Kolkata,Kolkata,Regular,23-03-2024,16-03-2024,BLK_KOL_014,12,5549.91
KOL_CUST_004437,Ballygunge,South Kolkata,Kolkata,Premium,14-10-2024,08-10-2024,BLK_KOL_020,7,1948.61
KOL_CUST_004438,Shyambazar,North Kolkata,Kolkata,Regular,12-09-2024,11-09-2024,BLK_KOL_002,9,5754.39
KOL_CUST_004439,Tollygunge,South Kolkata,Kolkata,Regular,16-07-2024,02-07-2024,BLK_KOL_026,10,4325.45
KOL_CUST_004440,Behala,East Kolkata,Kolkata,New,06-04-2023,13-03-2023,BLK_KOL_043,12,8414.32
KOL_CUST_004441,Shyambazar,North Kolkata,Kolkata,Regular,16-06-2024,21-05-2024,BLK_KOL_002,13,9296.37
KOL_CUST_004442,Tollygunge,South Kolkata,Kolkata,Regular,31-01-2023,17-01-2023,BLK_KOL_025,10,4546.69
KOL_CUST_004443,Howrah,Howrah District,Kolkata,Regular,22-05-2023,06-05-2023,BLK_KOL_048,8,6229
KOL_CUST_004444,Rajarhat,Salt Lake & New Town,Kolkata,New,09-05-2024,01-05-2024,BLK_KOL_034,12,3863.78
KOL_CUST_004445,Baghbazar,North Kolkata,Kolkata,Regular,01-01-2023,14-12-2022,BLK_KOL_008,10,5075.49
KOL_CUST_004446,Kasba,East Kolkata,Kolkata,Premium,14-03-2023,18-02-2023,BLK_KOL_042,5,3378.36
KOL_CUST_004447,Shibpur,Howrah District,Kolkata,Regular,04-07-2023,06-06-2023,BLK_KOL_051,8,2869.58
KOL_CUST_004448,Rajarhat,Salt Lake & New Town,Kolkata,Regular,07-08-2024,10-07-2024,BLK_KOL_036,7,3974.39
KOL_CUST_004449,Howrah,Howrah District,Kolkata,Regular,16-05-2023,29-04-2023,BLK_KOL_048,11,5867.97
KOL_CUST_004450,Park Street,Central Kolkata,Kolkata,Regular,11-04-2023,25-03-2023,BLK_KOL_015,10,7331.56
KOL_CUST_004451,Shibpur,Howrah District,Kolkata,Regular,28-05-2024,03-05-2024,BLK_KOL_049,3,1349.39
KOL_CUST_004452,Kasba,East Kolkata,Kolkata,Regular,14-10-2024,17-09-2024,BLK_KOL_041,7,1781.125
KOL_CUST_004453,Salt Lake,Salt Lake & New Town,Kolkata,New,26-04-2023,03-04-2023,BLK_KOL_028,9,6373.76
KOL_CUST_004454,Santragachi,Howrah District,Kolkata,Regular,20-11-2023,25-10-2023,BLK_KOL_054,8,4398.44
KOL_CUST_004455,Ultadanga,North Kolkata,Kolkata,Regular,16-11-2023,29-10-2023,BLK_KOL_004,6,2854.47
KOL_CUST_004456,Behala,East Kolkata,Kolkata,Premium,28-11-2023,21-11-2023,BLK_KOL_045,4,1621.21
KOL_CUST_004457,Ballygunge,South Kolkata,Kolkata,Regular,07-04-2023,08-03-2023,BLK_KOL_019,11,5591.25
KOL_CUST_004458,Park Street,Central Kolkata,Kolkata,Regular,10-06-2024,15-05-2024,BLK_KOL_013,10,4826.12
KOL_CUST_004459,Shyambazar,North Kolkata,Kolkata,Premium,18-11-2023,13-11-2023,BLK_KOL_001,12,5951.44
KOL_CUST_004460,Rajarhat,Salt Lake & New Town,Kolkata,Regular,13-11-2023,21-10-2023,BLK_KOL_035,5,2698.53
KOL_CUST_004461,Shyambazar,North Kolkata,Kolkata,Premium,10-06-2023,04-06-2023,BLK_KOL_001,10,3298.75
KOL_CUST_004462,Esplanade,Central Kolkata,Kolkata,Regular,10-06-2023,07-06-2023,BLK_KOL_012,14,4939.87
KOL_CUST_004463,Behala,East Kolkata,Kolkata,Regular,05-08-2023,11-07-2023,BLK_KOL_045,7,3741.87
KOL_CUST_004464,New Town,Salt Lake & New Town,Kolkata,Premium,12-10-2023,04-10-2023,BLK_KOL_031,7,5236.44
KOL_CUST_004465,Shyambazar,North Kolkata,Kolkata,Regular,08-09-2023,02-09-2023,BLK_KOL_002,7,4350.12
KOL_CUST_004466,Tollygunge,South Kolkata,Kolkata,Regular,24-04-2023,11-04-2023,BLK_KOL_025,9,5902.85
KOL_CUST_004467,Rajarhat,Salt Lake & New Town,Kolkata,Regular,06-11-2023,21-10-2023,BLK_KOL_035,12,6973.19
KOL_CUST_004468,Ballygunge,South Kolkata,Kolkata,Regular,06-06-2023,26-05-2023,BLK_KOL_020,8,2878.5
KOL_CUST_004469,Tollygunge,South Kolkata,Kolkata,New,08-08-2024,13-07-2024,BLK_KOL_027,4,849.83
KOL_CUST_004470,Baghbazar,North Kolkata,Kolkata,Premium,20-06-2023,04-06-2023,BLK_KOL_007,6,2810.95
KOL_CUST_004471,Salt Lake,Salt Lake & New Town,Kolkata,Regular,02-06-2023,11-05-2023,BLK_KOL_028,9,3929.03
KOL_CUST_004472,Behala,East Kolkata,Kolkata,Premium,01-08-2024,26-07-2024,BLK_KOL_043,5,2689.85
KOL_CUST_004473,Esplanade,Central Kolkata,Kolkata,Regular,22-08-2023,13-08-2023,BLK_KOL_011,8,3223.25
KOL_CUST_004474,Park Street,Central Kolkata,Kolkata,Regular,11-06-2024,30-05-2024,BLK_KOL_013,12,6360.88
KOL_CUST_004475,B.B.D. Bagh,Central Kolkata,Kolkata,New,11-05-2024,05-05-2024,BLK_KOL_017,12,6083.16
KOL_CUST_004476,Shyambazar,North Kolkata,Kolkata,Premium,08-03-2023,10-02-2023,BLK_KOL_002,8,3189.02
KOL_CUST_004477,EM Bypass,East Kolkata,Kolkata,Regular,04-02-2023,02-02-2023,BLK_KOL_039,7,4990.69
KOL_CUST_004478,Gariahat,South Kolkata,Kolkata,Regular,26-04-2023,31-03-2023,BLK_KOL_023,12,9553.35
KOL_CUST_004479,New Town,Salt Lake & New Town,Kolkata,Regular,11-08-2024,09-08-2024,BLK_KOL_033,8,5527.22
KOL_CUST_004480,Ultadanga,North Kolkata,Kolkata,Premium,03-10-2024,06-09-2024,BLK_KOL_005,8,2991.89
KOL_CUST_004481,Kasba,East Kolkata,Kolkata,New,12-10-2023,17-09-2023,BLK_KOL_042,6,2231.8
KOL_CUST_004482,Gariahat,South Kolkata,Kolkata,New,28-09-2024,11-09-2024,BLK_KOL_022,10,4087.11
KOL_CUST_004483,Salt Lake,Salt Lake & New Town,Kolkata,Regular,17-10-2023,26-09-2023,BLK_KOL_029,10,3120.1
KOL_CUST_004484,Park Street,Central Kolkata,Kolkata,Regular,31-07-2023,19-07-2023,BLK_KOL_014,9,3495.85
KOL_CUST_004485,Park Street,Central Kolkata,Kolkata,Premium,03-08-2023,25-07-2023,BLK_KOL_015,7,3033.56
KOL_CUST_004486,Rajarhat,Salt Lake & New Town,Kolkata,Regular,14-08-2024,08-08-2024,BLK_KOL_034,6,3027.38
KOL_CUST_004487,Baghbazar,North Kolkata,Kolkata,Regular,16-06-2023,15-06-2023,BLK_KOL_009,7,3100.57
KOL_CUST_004488,Tollygunge,South Kolkata,Kolkata,Regular,20-10-2023,27-09-2023,BLK_KOL_027,12,3012.07
KOL_CUST_004489,Salt Lake,Salt Lake & New Town,Kolkata,Regular,22-01-2023,23-12-2022,BLK_KOL_028,12,7817.8
KOL_CUST_004490,Ultadanga,North Kolkata,Kolkata,Regular,21-03-2024,02-03-2024,BLK_KOL_006,6,2638.55
KOL_CUST_004491,Esplanade,Central Kolkata,Kolkata,Regular,24-02-2024,10-02-2024,BLK_KOL_011,8,2730.78
KOL_CUST_004492,Esplanade,Central Kolkata,Kolkata,Regular,27-08-2024,14-08-2024,BLK_KOL_010,13,4967.63
KOL_CUST_004493,New Town,Salt Lake & New Town,Kolkata,Regular,19-08-2024,13-08-2024,BLK_KOL_031,11,6668.75
KOL_CUST_004494,Kasba,East Kolkata,Kolkata,Premium,22-01-2023,20-01-2023,BLK_KOL_040,8,4145.385
KOL_CUST_004495,Howrah,Howrah District,Kolkata,Premium,20-01-2023,16-01-2023,BLK_KOL_048,8,4619.77
KOL_CUST_004496,Gariahat,South Kolkata,Kolkata,Regular,25-10-2023,10-10-2023,BLK_KOL_024,8,2141.02
KOL_CUST_004497,Behala,East Kolkata,Kolkata,Premium,30-03-2023,29-03-2023,BLK_KOL_043,4,2373.08
KOL_CUST_004498,Shibpur,Howrah District,Kolkata,Premium,06-09-2024,16-08-2024,BLK_KOL_050,8,2272.89
KOL_CUST_004499,Baghbazar,North Kolkata,Kolkata,Premium,24-08-2023,15-08-2023,BLK_KOL_009,8,3520.95
KOL_CUST_004500,Shyambazar,North Kolkata,Kolkata,Premium,31-03-2024,06-03-2024,BLK_KOL_002,9,4327.81
KOL_CUST_004501,Shibpur,Howrah District,Kolkata,Regular,24-03-2023,22-03-2023,BLK_KOL_051,9,4893.87
KOL_CUST_004502,Salt Lake,Salt Lake & New Town,Kolkata,Premium,29-01-2024,18-01-2024,BLK_KOL_028,8,4706.05
KOL_CUST_004503,Behala,East Kolkata,Kolkata,Regular,25-01-2024,31-12-2023,BLK_KOL_044,12,3968.98
KOL_CUST_004504,Shyambazar,North Kolkata,Kolkata,Regular,15-04-2024,24-03-2024,BLK_KOL_002,13,9690.6
KOL_CUST_004505,Rajarhat,Salt Lake & New Town,Kolkata,Regular,28-10-2023,04-10-2023,BLK_KOL_035,9,4019.85
KOL_CUST_004506,Kasba,East Kolkata,Kolkata,Premium,14-10-2023,15-09-2023,BLK_KOL_042,14,6629.7
KOL_CUST_004507,Santragachi,Howrah District,Kolkata,Premium,16-08-2024,14-08-2024,BLK_KOL_054,10,5693.45
KOL_CUST_004508,New Town,Salt Lake & New Town,Kolkata,Regular,30-07-2023,28-07-2023,BLK_KOL_031,7,3082.97
KOL_CUST_004509,Salt Lake,Salt Lake & New Town,Kolkata,Premium,01-12-2023,13-11-2023,BLK_KOL_029,11,4705.42
KOL_CUST_004510,B.B.D. Bagh,Central Kolkata,Kolkata,Premium,04-08-2023,10-07-2023,BLK_KOL_017,11,4633.47
KOL_CUST_004511,Ballygunge,South Kolkata,Kolkata,New,09-02-2024,18-01-2024,BLK_KOL_019,15,8689.88
KOL_CUST_004512,Esplanade,Central Kolkata,Kolkata,Regular,29-07-2024,02-07-2024,BLK_KOL_010,16,7114.09
KOL_CUST_004513,Santragachi,Howrah District,Kolkata,Regular,19-10-2023,26-09-2023,BLK_KOL_052,3,2112.49
KOL_CUST_004514,Gariahat,South Kolkata,Kolkata,Regular,07-01-2024,21-12-2023,BLK_KOL_022,3,3626.73
KOL_CUST_004515,Salt Lake,Salt Lake & New Town,Kolkata,Regular,07-08-2024,05-08-2024,BLK_KOL_030,9,4512.24
KOL_CUST_004516,Rajarhat,Salt Lake & New Town,Kolkata,Regular,24-07-2023,20-07-2023,BLK_KOL_036,12,9202.91
KOL_CUST_004517,Howrah,Howrah District,Kolkata,Premium,21-08-2024,13-08-2024,BLK_KOL_048,8,1608.34
KOL_CUST_004518,Rajarhat,Salt Lake & New Town,Kolkata,Regular,15-01-2024,24-12-2023,BLK_KOL_036,9,4559.67
KOL_CUST_004519,New Town,Salt Lake & New Town,Kolkata,Regular,14-08-2023,28-07-2023,BLK_KOL_032,11,4605.04
KOL_CUST_004520,Esplanade,Central Kolkata,Kolkata,Regular,26-10-2024,06-10-2024,BLK_KOL_010,6,1535.17
KOL_CUST_004521,Salt Lake,Salt Lake & New Town,Kolkata,Regular,30-05-2023,14-05-2023,BLK_KOL_028,11,5375.89
KOL_CUST_004522,EM Bypass,East Kolkata,Kolkata,Regular,17-05-2023,27-04-2023,BLK_KOL_037,10,4232
KOL_CUST_004523,Kasba,East Kolkata,Kolkata,Regular,04-08-2023,11-07-2023,BLK_KOL_042,7,5634.23
KOL_CUST_004524,Esplanade,Central Kolkata,Kolkata,Regular,13-09-2024,19-08-2024,BLK_KOL_011,10,3424.14
KOL_CUST_004525,Kasba,East Kolkata,Kolkata,Regular,04-06-2023,30-05-2023,BLK_KOL_041,9,4685.82
KOL_CUST_004526,EM Bypass,East Kolkata,Kolkata,Regular,13-08-2024,12-08-2024,BLK_KOL_038,9,5627.56
KOL_CUST_004527,Howrah,Howrah District,Kolkata,Premium,13-10-2023,15-09-2023,BLK_KOL_048,10,6775.835
KOL_CUST_004528,Howrah,Howrah District,Kolkata,Premium,24-01-2024,19-01-2024,BLK_KOL_047,13,5001.69
KOL_CUST_004529,Salt Lake,Salt Lake & New Town,Kolkata,Regular,05-02-2024,10-01-2024,BLK_KOL_030,15,6625.1
KOL_CUST_004530,EM Bypass,East Kolkata,Kolkata,Regular,29-04-2023,22-04-2023,BLK_KOL_037,7,3393.62
KOL_CUST_004531,Esplanade,Central Kolkata,Kolkata,Regular,12-04-2023,08-04-2023,BLK_KOL_010,14,5425.31
KOL_CUST_004532,B.B.D. Bagh,Central Kolkata,Kolkata,Regular,22-02-2024,12-02-2024,BLK_KOL_017,6,1392.4
KOL_CUST_004533,Esplanade,Central Kolkata,Kolkata,Regular,29-09-2024,22-09-2024,BLK_KOL_011,14,5089.31
KOL_CUST_004534,Kasba,East Kolkata,Kolkata,Regular,19-11-2023,06-11-2023,BLK_KOL_042,16,9573.28
KOL_CUST_004535,Santragachi,Howrah District,Kolkata,Regular,17-07-2024,18-06-2024,BLK_KOL_052,11,6492.4
KOL_CUST_004536,Shyambazar,North Kolkata,Kolkata,Regular,23-02-2023,15-02-2023,BLK_KOL_003,3,1864.13
KOL_CUST_004537,Tollygunge,South Kolkata,Kolkata,Regular,28-03-2023,26-02-2023,BLK_KOL_025,12,5234.82
KOL_CUST_004538,EM Bypass,East Kolkata,Kolkata,Regular,10-02-2024,22-01-2024,BLK_KOL_039,11,6975.62
KOL_CUST_004539,Park Street,Central Kolkata,Kolkata,Regular,28-02-2024,22-02-2024,BLK_KOL_014,8,4256.81
KOL_CUST_004540,Ultadanga,North Kolkata,Kolkata,Regular,30-01-2023,27-01-2023,BLK_KOL_006,10,4552.91
KOL_CUST_004541,Tollygunge,South Kolkata,Kolkata,Regular,19-09-2023,16-09-2023,BLK_KOL_025,5,2803.11
KOL_CUST_004542,B.B.D. Bagh,Central Kolkata,Kolkata,Regular,13-09-2023,09-09-2023,BLK_KOL_018,10,4892.5
KOL_CUST_004543,Shyambazar,North Kolkata,Kolkata,Regular,05-10-2023,16-09-2023,BLK_KOL_002,9,3331.11
KOL_CUST_004544,EM Bypass,East Kolkata,Kolkata,Regular,02-09-2024,18-08-2024,BLK_KOL_039,10,3515.31
KOL_CUST_004545,Shibpur,Howrah District,Kolkata,Regular,22-10-2024,12-10-2024,BLK_KOL_050,9,4913.95
KOL_CUST_004546,Behala,East Kolkata,Kolkata,Regular,30-01-2024,31-12-2023,BLK_KOL_045,12,4508.67
KOL_CUST_004547,Esplanade,Central Kolkata,Kolkata,Regular,07-10-2023,09-09-2023,BLK_KOL_012,8,5699.46
KOL_CUST_004548,New Town,Salt Lake & New Town,Kolkata,Regular,01-07-2024,27-06-2024,BLK_KOL_032,10,3253.62
KOL_CUST_004549,Santragachi,Howrah District,Kolkata,Regular,05-01-2024,20-12-2023,BLK_KOL_053,11,4116.29
KOL_CUST_004550,New Town,Salt Lake & New Town,Kolkata,Premium,31-07-2023,17-07-2023,BLK_KOL_033,11,5698.47
KOL_CUST_004551,Esplanade,Central Kolkata,Kolkata,New,10-04-2023,29-03-2023,BLK_KOL_012,8,5948.54
KOL_CUST_004552,Behala,East Kolkata,Kolkata,Premium,31-07-2024,11-07-2024,BLK_KOL_045,10,5487.07
KOL_CUST_004553,Kasba,East Kolkata,Kolkata,Regular,18-02-2023,15-02-2023,BLK_KOL_042,7,2474.14
KOL_CUST_004554,Ballygunge,South Kolkata,Kolkata,Regular,03-02-2023,05-01-2023,BLK_KOL_020,11,5874.57
KOL_CUST_004555,EM Bypass,East Kolkata,Kolkata,Regular,08-09-2023,04-09-2023,BLK_KOL_039,11,4845.79
KOL_CUST_004556,Shyambazar,North Kolkata,Kolkata,New,28-04-2023,16-04-2023,BLK_KOL_003,5,1793.96
KOL_CUST_004557,B.B.D. Bagh,Central Kolkata,Kolkata,Regular,11-08-2023,19-07-2023,BLK_KOL_018,11,4949.28
KOL_CUST_004558,Esplanade,Central Kolkata,Kolkata,Premium,03-05-2024,13-04-2024,BLK_KOL_011,11,4284.98
KOL_CUST_004559,New Town,Salt Lake & New Town,Kolkata,Regular,14-11-2023,12-11-2023,BLK_KOL_033,12,5934.23
KOL_CUST_004560,Ultadanga,North Kolkata,Kolkata,Regular,10-09-2023,17-08-2023,BLK_KOL_004,12,3929.66
KOL_CUST_004561,Shibpur,Howrah District,Kolkata,Regular,14-09-2024,22-08-2024,BLK_KOL_051,15,7863.05
KOL_CUST_004562,Gariahat,South Kolkata,Kolkata,Regular,27-10-2024,30-09-2024,BLK_KOL_024,12,4139.27
KOL_CUST_004563,Howrah,Howrah District,Kolkata,Regular,21-04-2024,16-04-2024,BLK_KOL_047,10,5109.14
KOL_CUST_004564,New Town,Salt Lake & New Town,Kolkata,Premium,24-06-2024,29-05-2024,BLK_KOL_033,8,1684.64
KOL_CUST_004565,B.B.D. Bagh,Central Kolkata,Kolkata,Regular,29-10-2023,02-10-2023,BLK_KOL_018,14,7139.11
KOL_CUST_004566,Tollygunge,South Kolkata,Kolkata,New,03-08-2024,05-07-2024,BLK_KOL_025,6,4828.92
KOL_CUST_004567,B.B.D. Bagh,Central Kolkata,Kolkata,Regular,26-07-2024,22-07-2024,BLK_KOL_018,17,9782.86
KOL_CUST_004568,EM Bypass,East Kolkata,Kolkata,Regular,30-01-2023,21-01-2023,BLK_KOL_037,7,3545.83
KOL_CUST_004569,Ballygunge,South Kolkata,Kolkata,Regular,11-10-2024,03-10-2024,BLK_KOL_021,11,5342.22
KOL_CUST_004570,EM Bypass,East Kolkata,Kolkata,Regular,06-11-2023,05-11-2023,BLK_KOL_039,9,3483.76
KOL_CUST_004571,Howrah,Howrah District,Kolkata,Regular,11-03-2023,28-02-2023,BLK_KOL_048,9,6526.77
KOL_CUST_004572,Ultadanga,North Kolkata,Kolkata,Regular,07-08-2024,28-07-2024,BLK_KOL_004,15,8656.81
KOL_CUST_004573,Santragachi,Howrah District,Kolkata,Regular,14-01-2023,21-12-2022,BLK_KOL_053,12,4958.23
KOL_CUST_004574,B.B.D. Bagh,Central Kolkata,Kolkata,Regular,23-08-2024,29-07-2024,BLK_KOL_016,5,2378.16
KOL_CUST_004575,New Town,Salt Lake & New Town,Kolkata,Regular,17-02-2024,31-01-2024,BLK_KOL_032,5,3395.83
KOL_CUST_004576,Ballygunge,South Kolkata,Kolkata,Regular,18-01-2023,19-12-2022,BLK_KOL_020,5,2780.15
KOL_CUST_004577,Shyambazar,North Kolkata,Kolkata,Premium,24-09-2023,02-09-2023,BLK_KOL_003,7,2365.38
KOL_CUST_004578,Salt Lake,Salt Lake & New Town,Kolkata,Regular,02-04-2024,12-03-2024,BLK_KOL_029,10,3461.87
KOL_CUST_004579,B.B.D. Bagh,Central Kolkata,Kolkata,Premium,18-05-2024,28-04-2024,BLK_KOL_017,14,7478.07
KOL_CUST_004580,Gariahat,South Kolkata,Kolkata,Regular,01-02-2024,02-01-2024,BLK_KOL_023,8,3972.93
KOL_CUST_004581,Gariahat,South Kolkata,Kolkata,New,28-06-2023,24-06-2023,BLK_KOL_024,11,7185.94
KOL_CUST_004582,Esplanade,Central Kolkata,Kolkata,Regular,07-06-2024,01-06-2024,BLK_KOL_010,9,4055.1
KOL_CUST_004583,Santragachi,Howrah District,Kolkata,Premium,18-05-2024,26-04-2024,BLK_KOL_054,15,6576.27
KOL_CUST_004584,Tollygunge,South Kolkata,Kolkata,Premium,28-05-2023,08-05-2023,BLK_KOL_027,8,3100.76
KOL_CUST_004585,Kasba,East Kolkata,Kolkata,Premium,17-10-2023,23-09-2023,BLK_KOL_040,10,5036.67
KOL_CUST_004586,Baghbazar,North Kolkata,Kolkata,New,01-08-2024,31-07-2024,BLK_KOL_007,13,7361.36
KOL_CUST_004587,Salt Lake,Salt Lake & New Town,Kolkata,Regular,24-03-2023,04-03-2023,BLK_KOL_029,14,6357.09
KOL_CUST_004588,Baghbazar,North Kolkata,Kolkata,Premium,27-08-2024,17-08-2024,BLK_KOL_008,9,4868.22
KOL_CUST_004589,Park Street,Central Kolkata,Kolkata,New,19-06-2023,28-05-2023,BLK_KOL_014,9,3867.84
KOL_CUST_004590,Ultadanga,North Kolkata,Kolkata,Regular,02-09-2023,30-08-2023,BLK_KOL_005,5,3347.83
KOL_CUST_004591,Baghbazar,North Kolkata,Kolkata,Regular,22-08-2023,11-08-2023,BLK_KOL_009,4,2541.76
KOL_CUST_004592,B.B.D. Bagh,Central Kolkata,Kolkata,Premium,30-03-2024,24-03-2024,BLK_KOL_016,8,3114.16
KOL_CUST_004593,EM Bypass,East Kolkata,Kolkata,Regular,09-08-2024,10-07-2024,BLK_KOL_037,9,5026.61
KOL_CUST_004594,B.B.D. Bagh,Central Kolkata,Kolkata,Regular,18-10-2024,10-10-2024,BLK_KOL_016,10,6203.715
KOL_CUST_004595,Baghbazar,North Kolkata,Kolkata,Regular,16-10-2023,25-09-2023,BLK_KOL_009,6,2311.53
KOL_CUST_004596,Ballygunge,South Kolkata,Kolkata,Regular,09-01-2024,14-12-2023,BLK_KOL_020,9,3068.74
KOL_CUST_004597,Salt Lake,Salt Lake & New Town,Kolkata,Regular,02-01-2023,28-12-2022,BLK_KOL_029,9,3959.9
KOL_CUST_004598,EM Bypass,East Kolkata,Kolkata,Regular,03-09-2023,27-08-2023,BLK_KOL_039,9,3678.7
KOL_CUST_004599,Ballygunge,South Kolkata,Kolkata,Regular,02-07-2023,14-06-2023,BLK_KOL_019,11,7695.23
KOL_CUST_004600,Gariahat,South Kolkata,Kolkata,Regular,05-04-2023,12-03-2023,BLK_KOL_023,14,6764.74
KOL_CUST_004601,Kasba,East Kolkata,Kolkata,Regular,10-05-2024,23-04-2024,BLK_KOL_041,9,6215.34
KOL_CUST_004602,Rajarhat,Salt Lake & New Town,Kolkata,Regular,30-03-2024,06-03-2024,BLK_KOL_036,9,4127.37
KOL_CUST_004603,EM Bypass,East Kolkata,Kolkata,Regular,09-03-2024,27-02-2024,BLK_KOL_039,4,1708.34
KOL_CUST_004604,Tollygunge,South Kolkata,Kolkata,Regular,21-11-2023,09-11-2023,BLK_KOL_026,11,4024.8
KOL_CUST_004605,Santragachi,Howrah District,Kolkata,Regular,24-09-2024,12-09-2024,BLK_KOL_052,11,4337.36
KOL_CUST_004606,Howrah,Howrah District,Kolkata,Regular,05-01-2024,22-12-2023,BLK_KOL_048,12,5756.75
KOL_CUST_004607,Kasba,East Kolkata,Kolkata,Regular,17-08-2023,13-08-2023,BLK_KOL_042,10,4830.63
KOL_CUST_004608,Howrah,Howrah District,Kolkata,Regular,10-11-2023,06-11-2023,BLK_KOL_048,7,2478.35
KOL_CUST_004609,Shibpur,Howrah District,Kolkata,Regular,13-11-2023,18-10-2023,BLK_KOL_050,7,3998.6
KOL_CUST_004610,Tollygunge,South Kolkata,Kolkata,New,17-03-2023,10-03-2023,BLK_KOL_025,15,6904.87
KOL_CUST_004611,Salt Lake,Salt Lake & New Town,Kolkata,Regular,24-07-2024,07-07-2024,BLK_KOL_030,10,5719.13
KOL_CUST_004612,Kasba,East Kolkata,Kolkata,Regular,02-03-2023,21-02-2023,BLK_KOL_040,11,5490.66
KOL_CUST_004613,Kasba,East Kolkata,Kolkata,Regular,22-08-2024,25-07-2024,BLK_KOL_041,12,6708.54
KOL_CUST_004614,Kasba,East Kolkata,Kolkata,Regular,20-10-2023,30-09-2023,BLK_KOL_042,11,4128.6
KOL_CUST_004615,Baghbazar,North Kolkata,Kolkata,Regular,14-08-2023,05-08-2023,BLK_KOL_007,12,6734.74
KOL_CUST_004616,Behala,East Kolkata,Kolkata,Regular,16-05-2023,04-05-2023,BLK_KOL_044,14,7025.79
KOL_CUST_004617,New Town,Salt Lake & New Town,Kolkata,Premium,12-06-2023,19-05-2023,BLK_KOL_032,7,4626.59
KOL_CUST_004618,Shyambazar,North Kolkata,Kolkata,Regular,15-07-2024,05-07-2024,BLK_KOL_002,6,3285.49
KOL_CUST_004619,B.B.D. Bagh,Central Kolkata,Kolkata,New,18-08-2023,06-08-2023,BLK_KOL_017,11,7734.57
KOL_CUST_004620,Kasba,East Kolkata,Kolkata,Premium,18-06-2023,19-05-2023,BLK_KOL_041,12,2969.75
KOL_CUST_004621,Shyambazar,North Kolkata,Kolkata,Regular,28-07-2024,05-07-2024,BLK_KOL_003,7,3314.42
KOL_CUST_004622,Gariahat,South Kolkata,Kolkata,Premium,26-06-2023,30-05-2023,BLK_KOL_023,6,2461.55
KOL_CUST_004623,Tollygunge,South Kolkata,Kolkata,Regular,14-10-2024,28-09-2024,BLK_KOL_026,12,4660.68
KOL_CUST_004624,Santragachi,Howrah District,Kolkata,Regular,16-06-2023,12-06-2023,BLK_KOL_053,8,4462.22
KOL_CUST_004625,Ultadanga,North Kolkata,Kolkata,Premium,18-06-2024,21-05-2024,BLK_KOL_006,11,6301.12
KOL_CUST_004626,Gariahat,South Kolkata,Kolkata,Regular,26-03-2023,20-03-2023,BLK_KOL_023,11,6539.97
KOL_CUST_004627,Salt Lake,Salt Lake & New Town,Kolkata,Regular,27-10-2023,02-10-2023,BLK_KOL_028,7,3836.49
KOL_CUST_004628,Shibpur,Howrah District,Kolkata,Regular,20-10-2024,26-09-2024,BLK_KOL_051,16,7464.04
KOL_CUST_004629,Santragachi,Howrah District,Kolkata,Premium,16-07-2024,29-06-2024,BLK_KOL_052,8,4292.02
KOL_CUST_004630,Shyambazar,North Kolkata,Kolkata,Premium,13-02-2024,10-02-2024,BLK_KOL_001,15,5744.02
KOL_CUST_004631,Park Street,Central Kolkata,Kolkata,Regular,10-02-2023,30-01-2023,BLK_KOL_013,11,4660.43
KOL_CUST_004632,Ballygunge,South Kolkata,Kolkata,Regular,05-07-2023,18-06-2023,BLK_KOL_021,11,6446.34
KOL_CUST_004633,Park Street,Central Kolkata,Kolkata,Regular,07-09-2024,21-08-2024,BLK_KOL_014,6,2934.63
KOL_CUST_004634,Howrah,Howrah District,Kolkata,Regular,14-08-2023,31-07-2023,BLK_KOL_048,5,1907.83
KOL_CUST_004635,Ballygunge,South Kolkata,Kolkata,Regular,20-04-2024,29-03-2024,BLK_KOL_021,9,3050.54
KOL_CUST_004636,Tollygunge,South Kolkata,Kolkata,Regular,30-01-2023,06-01-2023,BLK_KOL_025,12,5363.44
KOL_CUST_004637,Gariahat,South Kolkata,Kolkata,Regular,27-10-2023,22-10-2023,BLK_KOL_022,9,2911.54
KOL_CUST_004638,Rajarhat,Salt Lake & New Town,Kolkata,Premium,01-05-2023,08-04-2023,BLK_KOL_034,15,8380.85
KOL_CUST_004639,Ultadanga,North Kolkata,Kolkata,Regular,12-08-2023,14-07-2023,BLK_KOL_006,16,7413.61
KOL_CUST_004640,Tollygunge,South Kolkata,Kolkata,Regular,24-08-2024,10-08-2024,BLK_KOL_026,4,2517.19
KOL_CUST_004641,Kasba,East Kolkata,Kolkata,Regular,17-07-2024,04-07-2024,BLK_KOL_041,11,7490.94
KOL_CUST_004642,New Town,Salt Lake & New Town,Kolkata,Regular,17-09-2024,18-08-2024,BLK_KOL_031,6,3105.6
KOL_CUST_004643,Howrah,Howrah District,Kolkata,Regular,15-05-2024,20-04-2024,BLK_KOL_047,8,2237.34
KOL_CUST_004644,Tollygunge,South Kolkata,Kolkata,New,02-05-2024,05-04-2024,BLK_KOL_025,11,5460.715
KOL_CUST_004645,New Town,Salt Lake & New Town,Kolkata,Regular,04-06-2023,20-05-2023,BLK_KOL_033,9,3330.62
KOL_CUST_004646,Tollygunge,South Kolkata,Kolkata,New,15-01-2024,20-12-2023,BLK_KOL_025,5,1747.42
KOL_CUST_004647,EM Bypass,East Kolkata,Kolkata,Regular,20-02-2023,19-02-2023,BLK_KOL_037,10,3548.62
KOL_CUST_004648,Park Street,Central Kolkata,Kolkata,Regular,01-04-2023,20-03-2023,BLK_KOL_015,10,3142.93
KOL_CUST_004649,Behala,East Kolkata,Kolkata,Premium,03-07-2023,22-06-2023,BLK_KOL_045,13,6083.19
KOL_CUST_004650,Ballygunge,South Kolkata,Kolkata,Premium,16-04-2024,28-03-2024,BLK_KOL_019,9,5133.63
KOL_CUST_004651,Ultadanga,North Kolkata,Kolkata,Regular,24-01-2024,15-01-2024,BLK_KOL_005,10,5519.71
KOL_CUST_004652,Kasba,East Kolkata,Kolkata,Regular,03-06-2023,29-05-2023,BLK_KOL_042,8,3575.98
KOL_CUST_004653,Salt Lake,Salt Lake & New Town,Kolkata,Regular,24-06-2024,29-05-2024,BLK_KOL_028,8,2811.62
KOL_CUST_004654,Kasba,East Kolkata,Kolkata,New,10-06-2023,11-05-2023,BLK_KOL_040,11,3834.63
KOL_CUST_004655,Park Street,Central Kolkata,Kolkata,New,08-08-2024,18-07-2024,BLK_KOL_014,6,2746.2
KOL_CUST_004656,Shyambazar,North Kolkata,Kolkata,Regular,19-01-2024,18-01-2024,BLK_KOL_002,13,8712.92
KOL_CUST_004657,Baghbazar,North Kolkata,Kolkata,Regular,30-07-2023,11-07-2023,BLK_KOL_007,12,6553.87
KOL_CUST_004658,Rajarhat,Salt Lake & New Town,Kolkata,Premium,09-02-2024,17-01-2024,BLK_KOL_036,10,7485.66
KOL_CUST_004659,Shibpur,Howrah District,Kolkata,Regular,12-05-2023,09-05-2023,BLK_KOL_049,17,7643.73
KOL_CUST_004660,Esplanade,Central Kolkata,Kolkata,Regular,11-06-2024,18-05-2024,BLK_KOL_010,7,4387.85
KOL_CUST_004661,Tollygunge,South Kolkata,Kolkata,Regular,24-10-2023,14-10-2023,BLK_KOL_025,7,3302.59
KOL_CUST_004662,Kasba,East Kolkata,Kolkata,Regular,18-09-2024,28-08-2024,BLK_KOL_040,15,7174.13
KOL_CUST_004663,Howrah,Howrah District,Kolkata,Regular,23-05-2024,29-04-2024,BLK_KOL_046,11,5374.26
KOL_CUST_004664,EM Bypass,East Kolkata,Kolkata,Regular,15-07-2024,10-07-2024,BLK_KOL_039,7,4250.89
KOL_CUST_004665,Shyambazar,North Kolkata,Kolkata,Regular,09-03-2024,27-02-2024,BLK_KOL_001,7,3449.78
KOL_CUST_004666,Rajarhat,Salt Lake & New Town,Kolkata,Regular,08-01-2023,30-12-2022,BLK_KOL_035,14,6494.7
KOL_CUST_004667,Gariahat,South Kolkata,Kolkata,Regular,02-01-2024,14-12-2023,BLK_KOL_022,19,7813.77
KOL_CUST_004668,Howrah,Howrah District,Kolkata,New,09-07-2023,28-06-2023,BLK_KOL_047,10,4099.87
KOL_CUST_004669,Howrah,Howrah District,Kolkata,Regular,30-09-2024,31-08-2024,BLK_KOL_047,3,997.44
KOL_CUST_004670,Tollygunge,South Kolkata,Kolkata,Regular,29-10-2023,26-10-2023,BLK_KOL_025,10,5984.78
KOL_CUST_004671,EM Bypass,East Kolkata,Kolkata,Regular,29-03-2023,01-03-2023,BLK_KOL_037,5,1616.14
KOL_CUST_004672,Santragachi,Howrah District,Kolkata,Regular,17-10-2023,23-09-2023,BLK_KOL_054,9,2884.88
KOL_CUST_004673,New Town,Salt Lake & New Town,Kolkata,Regular,13-04-2023,03-04-2023,BLK_KOL_031,8,3501.31
KOL_CUST_004674,Shyambazar,North Kolkata,Kolkata,Regular,26-01-2023,22-01-2023,BLK_KOL_001,14,3962.99
KOL_CUST_004675,B.B.D. Bagh,Central Kolkata,Kolkata,Regular,25-04-2024,09-04-2024,BLK_KOL_016,5,2597.88
KOL_CUST_004676,Rajarhat,Salt Lake & New Town,Kolkata,New,02-10-2024,10-09-2024,BLK_KOL_034,8,3725.61
KOL_CUST_004677,Kasba,East Kolkata,Kolkata,Regular,23-03-2023,19-03-2023,BLK_KOL_042,11,4511.68
KOL_CUST_004678,Ballygunge,South Kolkata,Kolkata,Regular,09-02-2024,02-02-2024,BLK_KOL_020,10,3614.29
KOL_CUST_004679,Rajarhat,Salt Lake & New Town,Kolkata,Regular,24-08-2023,10-08-2023,BLK_KOL_034,12,5568.38
KOL_CUST_004680,Santragachi,Howrah District,Kolkata,Regular,27-06-2024,07-06-2024,BLK_KOL_054,9,4807.83
KOL_CUST_004681,Santragachi,Howrah District,Kolkata,Regular,08-09-2023,23-08-2023,BLK_KOL_053,4,1888.63
KOL_CUST_004682,New Town,Salt Lake & New Town,Kolkata,Regular,18-01-2023,16-01-2023,BLK_KOL_033,10,5180.04
KOL_CUST_004683,Shibpur,Howrah District,Kolkata,New,25-10-2023,07-10-2023,BLK_KOL_050,8,3196.825
KOL_CUST_004684,New Town,Salt Lake & New Town,Kolkata,Regular,12-03-2023,12-02-2023,BLK_KOL_033,12,5275.52
KOL_CUST_004685,Behala,East Kolkata,Kolkata,Premium,19-01-2023,01-01-2023,BLK_KOL_043,6,1863.42
KOL_CUST_004686,Esplanade,Central Kolkata,Kolkata,Regular,26-06-2023,07-06-2023,BLK_KOL_012,13,5128.62
KOL_CUST_004687,Ultadanga,North Kolkata,Kolkata,New,10-04-2024,07-04-2024,BLK_KOL_006,8,5176.82
KOL_CUST_004688,EM Bypass,East Kolkata,Kolkata,Regular,28-09-2023,01-09-2023,BLK_KOL_039,4,1489.47
KOL_CUST_004689,B.B.D. Bagh,Central Kolkata,Kolkata,New,25-01-2023,06-01-2023,BLK_KOL_018,11,5113.55
KOL_CUST_004690,Gariahat,South Kolkata,Kolkata,Regular,27-01-2024,03-01-2024,BLK_KOL_024,10,5965.89
KOL_CUST_004691,B.B.D. Bagh,Central Kolkata,Kolkata,Premium,25-06-2023,27-05-2023,BLK_KOL_017,12,4220.53
KOL_CUST_004692,Baghbazar,North Kolkata,Kolkata,Regular,31-05-2024,28-05-2024,BLK_KOL_008,10,3704.95
KOL_CUST_004693,Baghbazar,North Kolkata,Kolkata,Regular,08-01-2023,01-01-2023,BLK_KOL_007,15,9852.54
KOL_CUST_004694,Baghbazar,North Kolkata,Kolkata,Premium,13-11-2023,18-10-2023,BLK_KOL_008,9,5897.34
KOL_CUST_004695,Shyambazar,North Kolkata,Kolkata,Premium,05-03-2023,10-02-2023,BLK_KOL_001,6,2268.29
KOL_CUST_004696,Ultadanga,North Kolkata,Kolkata,Regular,27-07-2024,09-07-2024,BLK_KOL_005,14,6484.7
KOL_CUST_004697,New Town,Salt Lake & New Town,Kolkata,Regular,08-05-2023,15-04-2023,BLK_KOL_033,9,3339.06
KOL_CUST_004698,Salt Lake,Salt Lake & New Town,Kolkata,Premium,30-06-2023,12-06-2023,BLK_KOL_028,7,3318.37
KOL_CUST_004699,B.B.D. Bagh,Central Kolkata,Kolkata,Premium,13-10-2023,23-09-2023,BLK_KOL_018,14,8871.91
KOL_CUST_004700,Tollygunge,South Kolkata,Kolkata,Regular,04-11-2023,13-10-2023,BLK_KOL_027,3,1160.41
KOL_CUST_004701,Esplanade,Central Kolkata,Kolkata,New,10-10-2023,16-09-2023,BLK_KOL_010,7,3997.22
KOL_CUST_004702,EM Bypass,East Kolkata,Kolkata,Premium,17-02-2024,19-01-2024,BLK_KOL_038,6,2918.14
KOL_CUST_004703,Shibpur,Howrah District,Kolkata,Regular,22-03-2024,17-03-2024,BLK_KOL_051,4,1816
KOL_CUST_004704,Esplanade,Central Kolkata,Kolkata,Regular,21-09-2023,04-09-2023,BLK_KOL_011,6,3428.54
KOL_CUST_004705,Park Street,Central Kolkata,Kolkata,Regular,12-09-2024,22-08-2024,BLK_KOL_014,8,4694.32
KOL_CUST_004706,EM Bypass,East Kolkata,Kolkata,Regular,18-10-2024,13-10-2024,BLK_KOL_039,9,2214.83
KOL_CUST_004707,Ballygunge,South Kolkata,Kolkata,Regular,11-09-2024,12-08-2024,BLK_KOL_021,9,6509.18
KOL_CUST_004708,Shyambazar,North Kolkata,Kolkata,Regular,14-02-2023,23-01-2023,BLK_KOL_001,5,3200.98
KOL_CUST_004709,Rajarhat,Salt Lake & New Town,Kolkata,Regular,26-09-2023,11-09-2023,BLK_KOL_035,8,4423.35
KOL_CUST_004710,Ballygunge,South Kolkata,Kolkata,Premium,17-11-2023,27-10-2023,BLK_KOL_019,10,6116.85
KOL_CUST_004711,Tollygunge,South Kolkata,Kolkata,Regular,21-01-2023,16-01-2023,BLK_KOL_026,5,1763.53
KOL_CUST_004712,Ballygunge,South Kolkata,Kolkata,Premium,01-10-2023,19-09-2023,BLK_KOL_020,13,5716.81
KOL_CUST_004713,New Town,Salt Lake & New Town,Kolkata,Regular,10-11-2023,24-10-2023,BLK_KOL_031,7,4503.85
KOL_CUST_004714,Shyambazar,North Kolkata,Kolkata,New,16-03-2024,28-02-2024,BLK_KOL_001,9,5990.85
KOL_CUST_004715,EM Bypass,East Kolkata,Kolkata,Premium,23-02-2023,28-01-2023,BLK_KOL_039,11,6449.92
KOL_CUST_004716,B.B.D. Bagh,Central Kolkata,Kolkata,Regular,02-05-2023,04-04-2023,BLK_KOL_017,10,7161.72
KOL_CUST_004717,Howrah,Howrah District,Kolkata,Regular,12-05-2023,22-04-2023,BLK_KOL_047,11,3581.52
KOL_CUST_004718,Ultadanga,North Kolkata,Kolkata,Regular,12-01-2024,09-01-2024,BLK_KOL_005,12,6306.88
KOL_CUST_004719,Shibpur,Howrah District,Kolkata,New,16-05-2023,07-05-2023,BLK_KOL_051,10,2927.63
KOL_CUST_004720,Esplanade,Central Kolkata,Kolkata,Regular,17-06-2024,05-06-2024,BLK_KOL_012,8,3436.97
KOL_CUST_004721,Park Street,Central Kolkata,Kolkata,Regular,19-02-2023,02-02-2023,BLK_KOL_015,13,9615.48
KOL_CUST_004722,Behala,East Kolkata,Kolkata,Regular,14-07-2024,21-06-2024,BLK_KOL_045,11,5576.5
KOL_CUST_004723,Gariahat,South Kolkata,Kolkata,Regular,17-05-2023,15-05-2023,BLK_KOL_022,12,5846.86
KOL_CUST_004724,Park Street,Central Kolkata,Kolkata,Regular,11-03-2024,10-03-2024,BLK_KOL_014,11,7963.31
KOL_CUST_004725,Esplanade,Central Kolkata,Kolkata,Regular,09-04-2024,08-04-2024,BLK_KOL_010,11,4015.3
KOL_CUST_004726,Howrah,Howrah District,Kolkata,Regular,21-05-2024,06-05-2024,BLK_KOL_048,12,3962.08
KOL_CUST_004727,Baghbazar,North Kolkata,Kolkata,Regular,08-01-2024,07-01-2024,BLK_KOL_007,10,4854.79
KOL_CUST_004728,Esplanade,Central Kolkata,Kolkata,New,11-05-2024,24-04-2024,BLK_KOL_011,4,2570.72
KOL_CUST_004729,New Town,Salt Lake & New Town,Kolkata,Premium,13-10-2024,20-09-2024,BLK_KOL_031,11,6026.88
KOL_CUST_004730,Salt Lake,Salt Lake & New Town,Kolkata,Regular,01-10-2023,05-09-2023,BLK_KOL_030,5,3787.01
KOL_CUST_004731,Ultadanga,North Kolkata,Kolkata,Regular,29-04-2024,24-04-2024,BLK_KOL_005,9,4332.54
KOL_CUST_004732,Rajarhat,Salt Lake & New Town,Kolkata,Regular,28-07-2024,07-07-2024,BLK_KOL_035,6,2180.45
KOL_CUST_004733,New Town,Salt Lake & New Town,Kolkata,Regular,05-03-2024,21-02-2024,BLK_KOL_033,6,3810.46
KOL_CUST_004734,Santragachi,Howrah District,Kolkata,Regular,16-03-2023,03-03-2023,BLK_KOL_054,12,4613.82
KOL_CUST_004735,Shibpur,Howrah District,Kolkata,Regular,30-07-2024,19-07-2024,BLK_KOL_049,9,3337.01
KOL_CUST_004736,Park Street,Central Kolkata,Kolkata,Regular,08-09-2023,17-08-2023,BLK_KOL_015,9,4016.03
KOL_CUST_004737,Santragachi,Howrah District,Kolkata,Regular,22-03-2024,16-03-2024,BLK_KOL_052,7,4247.12
KOL_CUST_004738,Shyambazar,North Kolkata,Kolkata,Regular,26-02-2024,21-02-2024,BLK_KOL_003,6,2895.43
KOL_CUST_004739,Ballygunge,South Kolkata,Kolkata,Regular,16-03-2023,02-03-2023,BLK_KOL_020,13,9093.39
KOL_CUST_004740,Salt Lake,Salt Lake & New Town,Kolkata,Regular,04-08-2024,21-07-2024,BLK_KOL_029,10,5563.56
KOL_CUST_004741,Shibpur,Howrah District,Kolkata,Regular,12-05-2023,16-04-2023,BLK_KOL_049,7,4426.56
KOL_CUST_004742,Howrah,Howrah District,Kolkata,Regular,23-05-2024,26-04-2024,BLK_KOL_047,15,7181.29
KOL_CUST_004743,New Town,Salt Lake & New Town,Kolkata,Regular,06-08-2023,30-07-2023,BLK_KOL_031,7,1749.71
KOL_CUST_004744,Howrah,Howrah District,Kolkata,Regular,09-06-2023,17-05-2023,BLK_KOL_046,9,5313.92
KOL_CUST_004745,B.B.D. Bagh,Central Kolkata,Kolkata,Regular,07-09-2024,15-08-2024,BLK_KOL_016,14,8189.9
KOL_CUST_004746,Tollygunge,South Kolkata,Kolkata,Regular,31-10-2023,21-10-2023,BLK_KOL_025,10,6111.43
KOL_CUST_004747,EM Bypass,East Kolkata,Kolkata,Regular,21-03-2024,10-03-2024,BLK_KOL_038,11,6217.83
KOL_CUST_004748,Esplanade,Central Kolkata,Kolkata,Regular,09-09-2024,29-08-2024,BLK_KOL_011,12,4252.46
KOL_CUST_004749,Kasba,East Kolkata,Kolkata,Premium,23-06-2023,11-06-2023,BLK_KOL_041,10,5011.05
KOL_CUST_004750,Kasba,East Kolkata,Kolkata,Regular,06-10-2023,21-09-2023,BLK_KOL_042,18,8848.37
KOL_CUST_004751,Kasba,East Kolkata,Kolkata,New,28-11-2023,26-11-2023,BLK_KOL_042,15,6401.67
KOL_CUST_004752,Ballygunge,South Kolkata,Kolkata,Regular,19-03-2023,17-03-2023,BLK_KOL_020,11,6233.33
KOL_CUST_004753,EM Bypass,East Kolkata,Kolkata,Premium,20-01-2024,27-12-2023,BLK_KOL_037,7,5722.19
KOL_CUST_004754,Howrah,Howrah District,Kolkata,Premium,20-03-2024,11-03-2024,BLK_KOL_048,13,6687.62
KOL_CUST_004755,Shibpur,Howrah District,Kolkata,Regular,28-02-2023,21-02-2023,BLK_KOL_051,12,8963.2
KOL_CUST_004756,B.B.D. Bagh,Central Kolkata,Kolkata,Regular,06-05-2023,17-04-2023,BLK_KOL_017,11,4820.22
KOL_CUST_004757,Tollygunge,South Kolkata,Kolkata,New,07-11-2023,12-10-2023,BLK_KOL_027,8,4727.09
KOL_CUST_004758,Shibpur,Howrah District,Kolkata,Premium,20-05-2024,13-05-2024,BLK_KOL_051,11,4557.33
KOL_CUST_004759,Salt Lake,Salt Lake & New Town,Kolkata,Regular,27-10-2023,16-10-2023,BLK_KOL_030,9,3679.57
KOL_CUST_004760,Behala,East Kolkata,Kolkata,Regular,10-07-2024,23-06-2024,BLK_KOL_045,9,5374.49
KOL_CUST_004761,Howrah,Howrah District,Kolkata,Regular,08-06-2023,30-05-2023,BLK_KOL_046,11,7774.45
KOL_CUST_004762,Shyambazar,North Kolkata,Kolkata,Premium,06-02-2023,24-01-2023,BLK_KOL_001,5,1735.04
KOL_CUST_004763,Kasba,East Kolkata,Kolkata,New,19-07-2023,22-06-2023,BLK_KOL_040,4,2516.94
KOL_CUST_004764,Park Street,Central Kolkata,Kolkata,Regular,08-11-2023,15-10-2023,BLK_KOL_014,10,3743.46
KOL_CUST_004765,Salt Lake,Salt Lake & New Town,Kolkata,Premium,02-02-2024,10-01-2024,BLK_KOL_029,11,4320.63
KOL_CUST_004766,Shibpur,Howrah District,Kolkata,Regular,27-06-2024,03-06-2024,BLK_KOL_049,14,7599.45
KOL_CUST_004767,Park Street,Central Kolkata,Kolkata,Regular,05-07-2024,29-06-2024,BLK_KOL_014,11,5740.39
KOL_CUST_004768,Rajarhat,Salt Lake & New Town,Kolkata,Regular,21-04-2024,24-03-2024,BLK_KOL_036,7,2216.58
KOL_CUST_004769,Howrah,Howrah District,Kolkata,Regular,22-06-2023,19-06-2023,BLK_KOL_047,16,9266.18
KOL_CUST_004770,EM Bypass,East Kolkata,Kolkata,Regular,22-07-2023,02-07-2023,BLK_KOL_037,10,5011.61
KOL_CUST_004771,Howrah,Howrah District,Kolkata,Regular,16-05-2024,03-05-2024,BLK_KOL_047,14,6078.39
KOL_CUST_004772,Santragachi,Howrah District,Kolkata,Regular,12-01-2024,16-12-2023,BLK_KOL_052,13,9740.1
KOL_CUST_004773,Esplanade,Central Kolkata,Kolkata,Regular,03-02-2024,22-01-2024,BLK_KOL_010,7,3095.99
KOL_CUST_004774,Park Street,Central Kolkata,Kolkata,Regular,14-07-2023,18-06-2023,BLK_KOL_014,11,7493.15
KOL_CUST_004775,B.B.D. Bagh,Central Kolkata,Kolkata,Regular,12-10-2023,03-10-2023,BLK_KOL_016,9,5600.38
KOL_CUST_004776,B.B.D. Bagh,Central Kolkata,Kolkata,Regular,30-07-2023,09-07-2023,BLK_KOL_017,9,5051.67
KOL_CUST_004777,Howrah,Howrah District,Kolkata,Regular,19-04-2023,06-04-2023,BLK_KOL_048,9,3989.67
KOL_CUST_004778,Ultadanga,North Kolkata,Kolkata,Regular,31-05-2023,07-05-2023,BLK_KOL_004,16,5829.62
KOL_CUST_004779,Ballygunge,South Kolkata,Kolkata,Regular,05-06-2024,11-05-2024,BLK_KOL_019,13,6330.82
KOL_CUST_004780,Howrah,Howrah District,Kolkata,Regular,22-02-2024,08-02-2024,BLK_KOL_047,7,5086.86
KOL_CUST_004781,B.B.D. Bagh,Central Kolkata,Kolkata,Regular,02-01-2024,24-12-2023,BLK_KOL_018,9,5205.35
KOL_CUST_004782,Ultadanga,North Kolkata,Kolkata,Regular,01-08-2023,28-07-2023,BLK_KOL_006,4,1919
KOL_CUST_004783,Rajarhat,Salt Lake & New Town,Kolkata,Premium,08-04-2023,06-04-2023,BLK_KOL_036,9,5079.59
KOL_CUST_004784,Esplanade,Central Kolkata,Kolkata,Regular,15-06-2023,31-05-2023,BLK_KOL_011,12,7207.36
KOL_CUST_004785,Gariahat,South Kolkata,Kolkata,Regular,14-05-2024,11-05-2024,BLK_KOL_024,9,4854.11
KOL_CUST_004786,Tollygunge,South Kolkata,Kolkata,Premium,04-09-2024,23-08-2024,BLK_KOL_027,8,3279.73
KOL_CUST_004787,Behala,East Kolkata,Kolkata,Regular,21-06-2024,17-06-2024,BLK_KOL_044,11,3479.96
KOL_CUST_004788,Tollygunge,South Kolkata,Kolkata,Regular,06-09-2024,24-08-2024,BLK_KOL_025,8,4607.7
KOL_CUST_004789,Rajarhat,Salt Lake & New Town,Kolkata,Regular,19-01-2023,14-01-2023,BLK_KOL_035,11,4537.75
KOL_CUST_004790,Park Street,Central Kolkata,Kolkata,Regular,26-05-2023,25-05-2023,BLK_KOL_014,13,7432.22
KOL_CUST_004791,Rajarhat,Salt Lake & New Town,Kolkata,Regular,30-01-2023,14-01-2023,BLK_KOL_035,10,4418.03
KOL_CUST_004792,Shibpur,Howrah District,Kolkata,Regular,07-05-2023,02-05-2023,BLK_KOL_049,13,6000.35
KOL_CUST_004793,Shibpur,Howrah District,Kolkata,Regular,14-05-2024,10-05-2024,BLK_KOL_051,9,5319.06
KOL_CUST_004794,Kasba,East Kolkata,Kolkata,Regular,15-08-2023,25-07-2023,BLK_KOL_041,13,6682.52
KOL_CUST_004795,Salt Lake,Salt Lake & New Town,Kolkata,Premium,02-07-2023,28-06-2023,BLK_KOL_030,15,6806.875
KOL_CUST_004796,Behala,East Kolkata,Kolkata,Regular,19-02-2024,03-02-2024,BLK_KOL_044,5,2147.45
KOL_CUST_004797,Howrah,Howrah District,Kolkata,New,05-05-2024,01-05-2024,BLK_KOL_047,7,3496.83
KOL_CUST_004798,New Town,Salt Lake & New Town,Kolkata,Regular,11-11-2023,04-11-2023,BLK_KOL_031,8,3556.77
KOL_CUST_004799,Salt Lake,Salt Lake & New Town,Kolkata,Premium,10-05-2023,25-04-2023,BLK_KOL_029,11,5157.61
KOL_CUST_004800,EM Bypass,East Kolkata,Kolkata,Regular,24-10-2023,04-10-2023,BLK_KOL_038,13,6385.14
KOL_CUST_004801,Ultadanga,North Kolkata,Kolkata,Regular,12-08-2024,30-07-2024,BLK_KOL_004,16,9304.83
KOL_CUST_004802,Tollygunge,South Kolkata,Kolkata,Regular,27-03-2023,04-03-2023,BLK_KOL_026,10,5742.53
KOL_CUST_004803,Shibpur,Howrah District,Kolkata,Regular,13-10-2023,20-09-2023,BLK_KOL_049,15,5348.88
KOL_CUST_004804,Rajarhat,Salt Lake & New Town,Kolkata,Regular,03-08-2023,09-07-2023,BLK_KOL_034,9,7401.78
KOL_CUST_004805,Kasba,East Kolkata,Kolkata,Regular,28-07-2023,21-07-2023,BLK_KOL_042,9,4185.01
KOL_CUST_004806,Howrah,Howrah District,Kolkata,New,07-07-2024,11-06-2024,BLK_KOL_048,7,6492.87
KOL_CUST_004807,Shibpur,Howrah District,Kolkata,Regular,09-11-2023,25-10-2023,BLK_KOL_051,11,3473.76
KOL_CUST_004808,Santragachi,Howrah District,Kolkata,Regular,17-07-2023,10-07-2023,BLK_KOL_052,6,2582.3
KOL_CUST_004809,Rajarhat,Salt Lake & New Town,Kolkata,Regular,09-04-2024,06-04-2024,BLK_KOL_036,12,4765.65
KOL_CUST_004810,Ultadanga,North Kolkata,Kolkata,Premium,07-06-2024,17-05-2024,BLK_KOL_004,8,4247.22
KOL_CUST_004811,Gariahat,South Kolkata,Kolkata,Regular,09-08-2023,17-07-2023,BLK_KOL_022,9,4945.2
KOL_CUST_004812,Kasba,East Kolkata,Kolkata,New,31-10-2023,22-10-2023,BLK_KOL_042,14,6902.54
KOL_CUST_004813,Shyambazar,North Kolkata,Kolkata,Regular,27-11-2023,28-10-2023,BLK_KOL_002,13,5119.58
KOL_CUST_004814,Gariahat,South Kolkata,Kolkata,Regular,11-08-2024,24-07-2024,BLK_KOL_022,15,11461.61
KOL_CUST_004815,EM Bypass,East Kolkata,Kolkata,Premium,19-09-2024,22-08-2024,BLK_KOL_038,6,3531.46
KOL_CUST_004816,Kasba,East Kolkata,Kolkata,Regular,05-04-2023,27-03-2023,BLK_KOL_042,9,3409.98
KOL_CUST_004817,Baghbazar,North Kolkata,Kolkata,New,18-03-2023,01-03-2023,BLK_KOL_007,6,1377.81
KOL_CUST_004818,Esplanade,Central Kolkata,Kolkata,Regular,29-09-2023,22-09-2023,BLK_KOL_011,11,5067.24
KOL_CUST_004819,B.B.D. Bagh,Central Kolkata,Kolkata,Regular,16-01-2023,05-01-2023,BLK_KOL_018,13,7516.37
KOL_CUST_004820,EM Bypass,East Kolkata,Kolkata,Regular,08-10-2023,12-09-2023,BLK_KOL_039,8,4149.69
KOL_CUST_004821,Park Street,Central Kolkata,Kolkata,Regular,05-06-2024,11-05-2024,BLK_KOL_013,8,5231.31
KOL_CUST_004822,Behala,East Kolkata,Kolkata,Regular,19-05-2024,07-05-2024,BLK_KOL_045,13,6158.06
KOL_CUST_004823,B.B.D. Bagh,Central Kolkata,Kolkata,Regular,23-06-2023,24-05-2023,BLK_KOL_017,3,2147.23
KOL_CUST_004824,Shibpur,Howrah District,Kolkata,Regular,05-03-2023,08-02-2023,BLK_KOL_051,11,4418.53
KOL_CUST_004825,New Town,Salt Lake & New Town,Kolkata,New,21-05-2023,14-05-2023,BLK_KOL_032,8,3042.49
KOL_CUST_004826,Shyambazar,North Kolkata,Kolkata,Premium,14-03-2024,25-02-2024,BLK_KOL_002,10,4779.78
KOL_CUST_004827,Santragachi,Howrah District,Kolkata,Regular,02-02-2023,06-01-2023,BLK_KOL_054,6,4802.12
KOL_CUST_004828,Kasba,East Kolkata,Kolkata,Regular,12-10-2023,13-09-2023,BLK_KOL_041,10,5478.34
KOL_CUST_004829,Howrah,Howrah District,Kolkata,Regular,13-05-2024,08-05-2024,BLK_KOL_048,10,4570.34
KOL_CUST_004830,Baghbazar,North Kolkata,Kolkata,Regular,10-03-2023,02-03-2023,BLK_KOL_009,5,2862.67
KOL_CUST_004831,Ultadanga,North Kolkata,Kolkata,Premium,26-02-2024,20-02-2024,BLK_KOL_004,8,4341.02
KOL_CUST_004832,EM Bypass,East Kolkata,Kolkata,Regular,02-12-2023,03-11-2023,BLK_KOL_037,7,4103.55
KOL_CUST_004833,Salt Lake,Salt Lake & New Town,Kolkata,Premium,30-03-2023,11-03-2023,BLK_KOL_028,11,4455.52
KOL_CUST_004834,Kasba,East Kolkata,Kolkata,Regular,04-09-2024,17-08-2024,BLK_KOL_042,5,2262.25
KOL_CUST_004835,Behala,East Kolkata,Kolkata,Regular,27-01-2023,11-01-2023,BLK_KOL_043,4,2066.48
KOL_CUST_004836,Howrah,Howrah District,Kolkata,Regular,03-02-2024,28-01-2024,BLK_KOL_047,7,5287.8
KOL_CUST_004837,Howrah,Howrah District,Kolkata,Regular,11-07-2023,13-06-2023,BLK_KOL_046,7,4949.97
KOL_CUST_004838,Santragachi,Howrah District,Kolkata,Premium,02-07-2023,19-06-2023,BLK_KOL_054,9,5214.43
KOL_CUST_004839,Gariahat,South Kolkata,Kolkata,Regular,11-09-2023,01-09-2023,BLK_KOL_022,18,9284.47
KOL_CUST_004840,EM Bypass,East Kolkata,Kolkata,Regular,27-04-2023,23-04-2023,BLK_KOL_038,10,3833
KOL_CUST_004841,Baghbazar,North Kolkata,Kolkata,Regular,20-06-2023,29-05-2023,BLK_KOL_007,8,3631.77
KOL_CUST_004842,Shyambazar,North Kolkata,Kolkata,Regular,27-07-2023,08-07-2023,BLK_KOL_001,7,2754.04
KOL_CUST_004843,Howrah,Howrah District,Kolkata,Regular,27-04-2024,16-04-2024,BLK_KOL_047,4,2455.01
KOL_CUST_004844,Esplanade,Central Kolkata,Kolkata,Regular,18-08-2024,14-08-2024,BLK_KOL_011,15,8451.38
KOL_CUST_004845,Rajarhat,Salt Lake & New Town,Kolkata,Premium,12-10-2023,24-09-2023,BLK_KOL_034,12,6462.1
KOL_CUST_004846,EM Bypass,East Kolkata,Kolkata,Regular,27-11-2023,21-11-2023,BLK_KOL_039,13,5440.36
KOL_CUST_004847,New Town,Salt Lake & New Town,Kolkata,Regular,04-02-2024,14-01-2024,BLK_KOL_031,7,4438.74
KOL_CUST_004848,Park Street,Central Kolkata,Kolkata,New,23-06-2024,10-06-2024,BLK_KOL_015,10,5361.29
KOL_CUST_004849,Park Street,Central Kolkata,Kolkata,Regular,30-04-2023,31-03-2023,BLK_KOL_015,4,1667.38
KOL_CUST_004850,Santragachi,Howrah District,Kolkata,Regular,21-08-2024,12-08-2024,BLK_KOL_053,3,1595.59
KOL_CUST_004851,Park Street,Central Kolkata,Kolkata,Premium,28-04-2024,16-04-2024,BLK_KOL_015,8,4332.03
KOL_CUST_004852,Shibpur,Howrah District,Kolkata,Regular,08-04-2024,19-03-2024,BLK_KOL_051,11,5215.52
KOL_CUST_004853,Shyambazar,North Kolkata,Kolkata,Regular,17-04-2023,22-03-2023,BLK_KOL_001,10,4191.45
KOL_CUST_004854,Baghbazar,North Kolkata,Kolkata,New,12-06-2023,30-05-2023,BLK_KOL_009,7,3138.51
KOL_CUST_004855,Rajarhat,Salt Lake & New Town,Kolkata,Regular,10-09-2023,31-08-2023,BLK_KOL_036,9,3209.62
KOL_CUST_004856,Baghbazar,North Kolkata,Kolkata,Regular,27-02-2023,24-02-2023,BLK_KOL_008,9,5509.36
KOL_CUST_004857,Rajarhat,Salt Lake & New Town,Kolkata,Regular,11-01-2023,26-12-2022,BLK_KOL_035,10,4195.43
KOL_CUST_004858,Shyambazar,North Kolkata,Kolkata,Regular,22-06-2024,25-05-2024,BLK_KOL_002,10,3945.23
KOL_CUST_004859,Esplanade,Central Kolkata,Kolkata,Premium,25-03-2023,09-03-2023,BLK_KOL_012,7,3015.12
KOL_CUST_004860,Ballygunge,South Kolkata,Kolkata,Regular,06-05-2023,06-04-2023,BLK_KOL_020,6,1751.03
KOL_CUST_004861,Salt Lake,Salt Lake & New Town,Kolkata,New,26-07-2023,03-07-2023,BLK_KOL_029,10,4589.87
KOL_CUST_004862,New Town,Salt Lake & New Town,Kolkata,Regular,16-05-2023,20-04-2023,BLK_KOL_032,11,4895.48
KOL_CUST_004863,Santragachi,Howrah District,Kolkata,Regular,18-08-2023,05-08-2023,BLK_KOL_054,15,6891.35
KOL_CUST_004864,Esplanade,Central Kolkata,Kolkata,Regular,20-08-2024,07-08-2024,BLK_KOL_010,10,7014.32
KOL_CUST_004865,Kasba,East Kolkata,Kolkata,Regular,05-01-2024,28-12-2023,BLK_KOL_041,8,3950.25
KOL_CUST_004866,Behala,East Kolkata,Kolkata,Regular,29-04-2024,08-04-2024,BLK_KOL_043,8,3156.4
KOL_CUST_004867,Gariahat,South Kolkata,Kolkata,Premium,09-08-2023,21-07-2023,BLK_KOL_024,10,3637.62
KOL_CUST_004868,Behala,East Kolkata,Kolkata,New,22-03-2023,13-03-2023,BLK_KOL_044,7,3964.8
KOL_CUST_004869,New Town,Salt Lake & New Town,Kolkata,Regular,02-12-2023,23-11-2023,BLK_KOL_032,21,11239.155
KOL_CUST_004870,Ultadanga,North Kolkata,Kolkata,Regular,22-04-2023,15-04-2023,BLK_KOL_004,14,5883.71
KOL_CUST_004871,Santragachi,Howrah District,Kolkata,Regular,09-06-2023,12-05-2023,BLK_KOL_052,5,3073.84
KOL_CUST_004872,Salt Lake,Salt Lake & New Town,Kolkata,Regular,06-11-2023,12-10-2023,BLK_KOL_030,11,4154.47
KOL_CUST_004873,Rajarhat,Salt Lake & New Town,Kolkata,Regular,02-06-2024,19-05-2024,BLK_KOL_035,7,4187.26
KOL_CUST_004874,Esplanade,Central Kolkata,Kolkata,New,30-03-2023,11-03-2023,BLK_KOL_012,8,5780.41
KOL_CUST_004875,Salt Lake,Salt Lake & New Town,Kolkata,Regular,04-07-2024,10-06-2024,BLK_KOL_028,8,4616.11
KOL_CUST_004876,New Town,Salt Lake & New Town,Kolkata,Regular,15-03-2023,28-02-2023,BLK_KOL_033,13,6652.29
KOL_CUST_004877,EM Bypass,East Kolkata,Kolkata,Regular,17-04-2024,06-04-2024,BLK_KOL_037,7,2895.51
KOL_CUST_004878,Shyambazar,North Kolkata,Kolkata,Premium,23-10-2024,06-10-2024,BLK_KOL_003,9,2788.87
KOL_CUST_004879,EM Bypass,East Kolkata,Kolkata,Regular,07-06-2023,06-06-2023,BLK_KOL_037,4,1965.39
KOL_CUST_004880,EM Bypass,East Kolkata,Kolkata,New,03-04-2024,13-03-2024,BLK_KOL_039,12,6680.41
KOL_CUST_004881,Kasba,East Kolkata,Kolkata,Premium,12-03-2023,26-02-2023,BLK_KOL_040,5,2557.53
KOL_CUST_004882,Howrah,Howrah District,Kolkata,New,20-04-2023,22-03-2023,BLK_KOL_047,12,6197.25
KOL_CUST_004883,Rajarhat,Salt Lake & New Town,Kolkata,Regular,02-01-2023,14-12-2022,BLK_KOL_035,8,4965.32
KOL_CUST_004884,Kasba,East Kolkata,Kolkata,Regular,10-08-2023,22-07-2023,BLK_KOL_041,12,4683.915
KOL_CUST_004885,Behala,East Kolkata,Kolkata,Premium,20-10-2023,05-10-2023,BLK_KOL_045,3,702
KOL_CUST_004886,Rajarhat,Salt Lake & New Town,Kolkata,Regular,22-02-2023,16-02-2023,BLK_KOL_035,9,2708.86
KOL_CUST_004887,Ultadanga,North Kolkata,Kolkata,New,02-01-2023,23-12-2022,BLK_KOL_004,9,2026.35
KOL_CUST_004888,Gariahat,South Kolkata,Kolkata,Premium,01-08-2023,27-07-2023,BLK_KOL_023,6,2051.23
KOL_CUST_004889,Gariahat,South Kolkata,Kolkata,Premium,22-05-2023,09-05-2023,BLK_KOL_022,8,3449.29
KOL_CUST_004890,Shyambazar,North Kolkata,Kolkata,Regular,12-07-2024,03-07-2024,BLK_KOL_003,11,5017.66
KOL_CUST_004891,Shyambazar,North Kolkata,Kolkata,Regular,09-06-2023,02-06-2023,BLK_KOL_002,11,3807.4
KOL_CUST_004892,Santragachi,Howrah District,Kolkata,Regular,14-06-2024,25-05-2024,BLK_KOL_052,14,7730.27
KOL_CUST_004893,Park Street,Central Kolkata,Kolkata,Regular,31-07-2023,04-07-2023,BLK_KOL_013,7,2934.32
KOL_CUST_004894,EM Bypass,East Kolkata,Kolkata,Regular,15-05-2024,16-04-2024,BLK_KOL_038,6,3962.39
KOL_CUST_004895,New Town,Salt Lake & New Town,Kolkata,Regular,01-04-2023,21-03-2023,BLK_KOL_031,10,3426.97
KOL_CUST_004896,Esplanade,Central Kolkata,Kolkata,Regular,23-09-2024,14-09-2024,BLK_KOL_010,8,3369.93
KOL_CUST_004897,Rajarhat,Salt Lake & New Town,Kolkata,Regular,14-03-2024,13-03-2024,BLK_KOL_035,4,2064.9
KOL_CUST_004898,Behala,East Kolkata,Kolkata,New,01-07-2023,19-06-2023,BLK_KOL_045,8,3143.03
KOL_CUST_004899,Shyambazar,North Kolkata,Kolkata,Regular,29-04-2023,08-04-2023,BLK_KOL_002,9,4635.61
KOL_CUST_004900,Santragachi,Howrah District,Kolkata,Premium,01-09-2023,08-08-2023,BLK_KOL_054,12,8110.19
KOL_CUST_004901,Park Street,Central Kolkata,Kolkata,New,28-07-2023,28-06-2023,BLK_KOL_014,6,3736.81
KOL_CUST_004902,Baghbazar,North Kolkata,Kolkata,Regular,15-06-2024,01-06-2024,BLK_KOL_008,11,5414.56
KOL_CUST_004903,Park Street,Central Kolkata,Kolkata,Regular,05-04-2023,11-03-2023,BLK_KOL_015,6,3270.84
KOL_CUST_004904,Shibpur,Howrah District,Kolkata,Regular,24-10-2023,18-10-2023,BLK_KOL_049,6,2837.7
KOL_CUST_004905,Rajarhat,Salt Lake & New Town,Kolkata,Regular,29-03-2024,25-03-2024,BLK_KOL_035,4,3891.07
KOL_CUST_004906,EM Bypass,East Kolkata,Kolkata,Regular,05-10-2023,27-09-2023,BLK_KOL_037,8,2959.19
KOL_CUST_004907,B.B.D. Bagh,Central Kolkata,Kolkata,Premium,18-03-2023,17-03-2023,BLK_KOL_017,8,3559.24
KOL_CUST_004908,Baghbazar,North Kolkata,Kolkata,Regular,01-04-2024,22-03-2024,BLK_KOL_008,0,0
KOL_CUST_004909,Baghbazar,North Kolkata,Kolkata,Premium,22-11-2023,16-11-2023,BLK_KOL_007,6,3145.79
KOL_CUST_004910,Shyambazar,North Kolkata,Kolkata,Regular,27-03-2023,15-03-2023,BLK_KOL_002,8,5873.46
KOL_CUST_004911,Baghbazar,North Kolkata,Kolkata,Regular,06-03-2023,01-03-2023,BLK_KOL_009,8,5776.52
KOL_CUST_004912,Baghbazar,North Kolkata,Kolkata,Regular,18-07-2023,13-07-2023,BLK_KOL_009,10,4598.04
KOL_CUST_004913,New Town,Salt Lake & New Town,Kolkata,Regular,10-01-2024,29-12-2023,BLK_KOL_031,8,2473.63
KOL_CUST_004914,Behala,East Kolkata,Kolkata,Regular,06-09-2023,29-08-2023,BLK_KOL_044,5,3506.31
KOL_CUST_004915,EM Bypass,East Kolkata,Kolkata,New,04-03-2023,21-02-2023,BLK_KOL_037,6,1845.5
KOL_CUST_004916,Santragachi,Howrah District,Kolkata,Regular,06-04-2024,18-03-2024,BLK_KOL_054,5,3698.82
KOL_CUST_004917,Shibpur,Howrah District,Kolkata,New,13-03-2024,19-02-2024,BLK_KOL_050,8,2237.86
KOL_CUST_004918,EM Bypass,East Kolkata,Kolkata,Premium,07-01-2023,05-01-2023,BLK_KOL_037,12,4867.55
KOL_CUST_004919,Tollygunge,South Kolkata,Kolkata,Premium,01-02-2023,27-01-2023,BLK_KOL_025,14,6591.79
KOL_CUST_004920,Baghbazar,North Kolkata,Kolkata,Regular,05-03-2023,10-02-2023,BLK_KOL_008,5,1041.89
KOL_CUST_004921,Behala,East Kolkata,Kolkata,Premium,30-05-2023,26-05-2023,BLK_KOL_045,9,5901.11
KOL_CUST_004922,Howrah,Howrah District,Kolkata,Regular,04-09-2024,03-09-2024,BLK_KOL_048,10,4632.73
KOL_CUST_004923,Rajarhat,Salt Lake & New Town,Kolkata,Premium,27-09-2023,30-08-2023,BLK_KOL_035,7,2404.91
KOL_CUST_004924,Santragachi,Howrah District,Kolkata,Premium,29-06-2024,21-06-2024,BLK_KOL_052,7,2861.01
KOL_CUST_004925,Behala,East Kolkata,Kolkata,Regular,17-05-2024,19-04-2024,BLK_KOL_044,7,1657.93
KOL_CUST_004926,Howrah,Howrah District,Kolkata,Premium,19-03-2023,17-02-2023,BLK_KOL_047,13,6317.13
KOL_CUST_004927,Santragachi,Howrah District,Kolkata,New,09-07-2024,13-06-2024,BLK_KOL_054,15,6655.46
KOL_CUST_004928,Kasba,East Kolkata,Kolkata,Premium,15-08-2024,26-07-2024,BLK_KOL_040,11,4547.63
KOL_CUST_004929,Shyambazar,North Kolkata,Kolkata,Regular,26-08-2024,27-07-2024,BLK_KOL_003,7,3522.48
KOL_CUST_004930,Esplanade,Central Kolkata,Kolkata,New,07-06-2024,28-05-2024,BLK_KOL_010,9,3811.67
KOL_CUST_004931,Behala,East Kolkata,Kolkata,Regular,25-10-2024,12-10-2024,BLK_KOL_045,11,5056.7
KOL_CUST_004932,Baghbazar,North Kolkata,Kolkata,Regular,26-02-2023,23-02-2023,BLK_KOL_008,6,1832.54
KOL_CUST_004933,Howrah,Howrah District,Kolkata,Regular,30-04-2024,09-04-2024,BLK_KOL_047,9,5203.73
KOL_CUST_004934,Behala,East Kolkata,Kolkata,Regular,23-07-2023,02-07-2023,BLK_KOL_043,9,5361.3
KOL_CUST_004935,New Town,Salt Lake & New Town,Kolkata,Regular,24-08-2024,18-08-2024,BLK_KOL_032,12,7808.07
KOL_CUST_004936,EM Bypass,East Kolkata,Kolkata,Regular,07-10-2023,24-09-2023,BLK_KOL_038,10,6559.135
KOL_CUST_004937,Salt Lake,Salt Lake & New Town,Kolkata,New,12-03-2023,19-02-2023,BLK_KOL_029,12,4776.78
KOL_CUST_004938,B.B.D. Bagh,Central Kolkata,Kolkata,Premium,19-10-2024,23-09-2024,BLK_KOL_018,11,3818.67
KOL_CUST_004939,Santragachi,Howrah District,Kolkata,Premium,31-05-2024,15-05-2024,BLK_KOL_054,10,5918.58
KOL_CUST_004940,Kasba,East Kolkata,Kolkata,Regular,16-01-2024,28-12-2023,BLK_KOL_040,7,3396.3
KOL_CUST_004941,Baghbazar,North Kolkata,Kolkata,Regular,04-06-2023,19-05-2023,BLK_KOL_008,14,6641.55
KOL_CUST_004942,Salt Lake,Salt Lake & New Town,Kolkata,Regular,26-07-2024,01-07-2024,BLK_KOL_028,8,3522.56
KOL_CUST_004943,Park Street,Central Kolkata,Kolkata,Regular,22-07-2023,22-06-2023,BLK_KOL_013,6,2724.17
KOL_CUST_004944,Kasba,East Kolkata,Kolkata,Premium,28-04-2024,03-04-2024,BLK_KOL_041,13,4631.02
KOL_CUST_004945,Tollygunge,South Kolkata,Kolkata,New,31-01-2024,09-01-2024,BLK_KOL_027,7,2735.6
KOL_CUST_004946,Behala,East Kolkata,Kolkata,Regular,05-10-2023,29-09-2023,BLK_KOL_044,13,4760.16
KOL_CUST_004947,EM Bypass,East Kolkata,Kolkata,Regular,30-10-2023,02-10-2023,BLK_KOL_038,12,5553.82
KOL_CUST_004948,Shyambazar,North Kolkata,Kolkata,Regular,03-02-2024,29-01-2024,BLK_KOL_001,8,4456.9
KOL_CUST_004949,Gariahat,South Kolkata,Kolkata,Regular,17-06-2023,24-05-2023,BLK_KOL_023,7,2605.66
KOL_CUST_004950,Salt Lake,Salt Lake & New Town,Kolkata,Regular,11-02-2023,03-02-2023,BLK_KOL_030,11,5324.63
KOL_CUST_004951,New Town,Salt Lake & New Town,Kolkata,New,31-07-2024,15-07-2024,BLK_KOL_032,7,4647.98
KOL_CUST_004952,Baghbazar,North Kolkata,Kolkata,New,07-05-2024,06-05-2024,BLK_KOL_009,9,2852.02
KOL_CUST_004953,B.B.D. Bagh,Central Kolkata,Kolkata,Regular,10-09-2023,26-08-2023,BLK_KOL_016,8,3753.78
KOL_CUST_004954,Gariahat,South Kolkata,Kolkata,Premium,27-11-2023,20-11-2023,BLK_KOL_024,8,2962.36
KOL_CUST_004955,Shyambazar,North Kolkata,Kolkata,Premium,11-01-2023,01-01-2023,BLK_KOL_002,7,7477.07
KOL_CUST_004956,Kasba,East Kolkata,Kolkata,Regular,06-01-2023,01-01-2023,BLK_KOL_042,5,2544.48
KOL_CUST_004957,Howrah,Howrah District,Kolkata,Regular,19-06-2023,28-05-2023,BLK_KOL_047,9,3577.44
KOL_CUST_004958,Salt Lake,Salt Lake & New Town,Kolkata,Premium,28-07-2023,08-07-2023,BLK_KOL_030,10,6462.37
KOL_CUST_004959,Park Street,Central Kolkata,Kolkata,Regular,01-02-2024,17-01-2024,BLK_KOL_015,10,7301.71
KOL_CUST_004960,Tollygunge,South Kolkata,Kolkata,Regular,25-04-2024,15-04-2024,BLK_KOL_027,8,2249.46
KOL_CUST_004961,EM Bypass,East Kolkata,Kolkata,Regular,14-07-2023,07-07-2023,BLK_KOL_038,8,5597.3
KOL_CUST_004962,B.B.D. Bagh,Central Kolkata,Kolkata,Premium,26-06-2024,10-06-2024,BLK_KOL_016,8,6047.19
KOL_CUST_004963,Gariahat,South Kolkata,Kolkata,Regular,23-08-2023,28-07-2023,BLK_KOL_023,9,4197.12
KOL_CUST_004964,Esplanade,Central Kolkata,Kolkata,Premium,06-05-2024,20-04-2024,BLK_KOL_010,13,6737.65
KOL_CUST_004965,New Town,Salt Lake & New Town,Kolkata,Premium,18-08-2023,10-08-2023,BLK_KOL_033,8,4043.75
KOL_CUST_004966,Esplanade,Central Kolkata,Kolkata,Regular,19-03-2024,03-03-2024,BLK_KOL_011,16,7581.16
KOL_CUST_004967,Shyambazar,North Kolkata,Kolkata,Regular,02-10-2024,09-09-2024,BLK_KOL_001,9,4486.17
KOL_CUST_004968,B.B.D. Bagh,Central Kolkata,Kolkata,Regular,07-08-2023,27-07-2023,BLK_KOL_017,13,4709.41
KOL_CUST_004969,EM Bypass,East Kolkata,Kolkata,Regular,28-07-2023,17-07-2023,BLK_KOL_037,6,1538.805
KOL_CUST_004970,Shyambazar,North Kolkata,Kolkata,Regular,18-10-2023,06-10-2023,BLK_KOL_001,9,6082.22
KOL_CUST_004971,Howrah,Howrah District,Kolkata,New,05-02-2023,27-01-2023,BLK_KOL_047,7,3224.88
KOL_CUST_004972,Ultadanga,North Kolkata,Kolkata,New,16-09-2023,20-08-2023,BLK_KOL_004,11,5224.09
KOL_CUST_004973,Salt Lake,Salt Lake & New Town,Kolkata,Regular,20-07-2024,17-07-2024,BLK_KOL_028,10,5755.02
KOL_CUST_004974,B.B.D. Bagh,Central Kolkata,Kolkata,New,26-05-2023,21-05-2023,BLK_KOL_018,10,5843.34
KOL_CUST_004975,Shibpur,Howrah District,Kolkata,New,19-01-2024,25-12-2023,BLK_KOL_049,16,7807.18
KOL_CUST_004976,Baghbazar,North Kolkata,Kolkata,New,25-06-2024,13-06-2024,BLK_KOL_009,7,4305.6
KOL_CUST_004977,Gariahat,South Kolkata,Kolkata,Regular,07-06-2024,29-05-2024,BLK_KOL_022,12,6190.89
KOL_CUST_004978,Baghbazar,North Kolkata,Kolkata,Premium,28-08-2024,05-08-2024,BLK_KOL_008,7,4144.77
KOL_CUST_004979,New Town,Salt Lake & New Town,Kolkata,New,01-10-2023,18-09-2023,BLK_KOL_033,8,2622.25
KOL_CUST_004980,Gariahat,South Kolkata,Kolkata,Regular,14-03-2023,09-03-2023,BLK_KOL_022,8,5500.4
KOL_CUST_004981,Kasba,East Kolkata,Kolkata,Premium,26-04-2023,12-04-2023,BLK_KOL_042,5,2514.28
KOL_CUST_004982,Baghbazar,North Kolkata,Kolkata,Regular,01-10-2024,02-09-2024,BLK_KOL_009,3,1348.85
KOL_CUST_004983,Kasba,East Kolkata,Kolkata,Premium,26-09-2023,01-09-2023,BLK_KOL_040,9,5183.17
KOL_CUST_004984,Kasba,East Kolkata,Kolkata,Premium,09-06-2024,04-06-2024,BLK_KOL_042,12,5332.37
KOL_CUST_004985,Santragachi,Howrah District,Kolkata,Regular,13-09-2024,22-08-2024,BLK_KOL_053,9,4752.65
KOL_CUST_004986,Behala,East Kolkata,Kolkata,Regular,24-10-2023,02-10-2023,BLK_KOL_044,8,3795.26
KOL_CUST_004987,Kasba,East Kolkata,Kolkata,Premium,19-03-2023,22-02-2023,BLK_KOL_040,15,5018.73
KOL_CUST_004988,Esplanade,Central Kolkata,Kolkata,Regular,10-07-2023,26-06-2023,BLK_KOL_012,8,4846.77
KOL_CUST_004989,Ultadanga,North Kolkata,Kolkata,Regular,17-03-2024,29-02-2024,BLK_KOL_004,11,5137.66
KOL_CUST_004990,Santragachi,Howrah District,Kolkata,Regular,01-02-2023,23-01-2023,BLK_KOL_052,6,2869.43
KOL_CUST_004991,EM Bypass,East Kolkata,Kolkata,New,16-07-2024,28-06-2024,BLK_KOL_038,5,2657.45
KOL_CUST_004992,Kasba,East Kolkata,Kolkata,Regular,30-08-2024,06-08-2024,BLK_KOL_042,11,5627.05
KOL_CUST_004993,Shibpur,Howrah District,Kolkata,New,29-06-2024,30-05-2024,BLK_KOL_051,5,3044.795
KOL_CUST_004994,Rajarhat,Salt Lake & New Town,Kolkata,Regular,14-07-2024,01-07-2024,BLK_KOL_036,4,1656.27
KOL_CUST_004995,Santragachi,Howrah District,Kolkata,Regular,13-07-2024,26-06-2024,BLK_KOL_052,3,511.97
KOL_CUST_004996,Howrah,Howrah District,Kolkata,Premium,06-09-2024,05-09-2024,BLK_KOL_046,13,5892.33
KOL_CUST_004997,Santragachi,Howrah District,Kolkata,Regular,07-07-2023,16-06-2023,BLK_KOL_053,7,4016.38
KOL_CUST_004998,Ballygunge,South Kolkata,Kolkata,Premium,11-07-2023,24-06-2023,BLK_KOL_020,11,5848.93
KOL_CUST_004999,Shyambazar,North Kolkata,Kolkata,Premium,23-04-2024,10-04-2024,BLK_KOL_002,11,6582.22
KOL_CUST_005000,Shibpur,Howrah District,Kolkata,Regular,26-10-2024,07-10-2024,BLK_KOL_050,6,3095.75
KOL_CUST_005001,Tollygunge,South Kolkata,Kolkata,Regular,10-07-2023,03-07-2023,BLK_KOL_027,12,5861.05
KOL_CUST_005002,Baghbazar,North Kolkata,Kolkata,Regular,31-03-2023,29-03-2023,BLK_KOL_009,2,441.76
KOL_CUST_005003,EM Bypass,East Kolkata,Kolkata,Regular,03-05-2023,30-04-2023,BLK_KOL_037,7,4473.39
KOL_CUST_005004,New Town,Salt Lake & New Town,Kolkata,Premium,21-02-2024,11-02-2024,BLK_KOL_031,5,2066.01
KOL_CUST_005005,Ultadanga,North Kolkata,Kolkata,Regular,25-01-2023,29-12-2022,BLK_KOL_006,8,4176.78
KOL_CUST_005006,Salt Lake,Salt Lake & New Town,Kolkata,Regular,18-10-2023,18-09-2023,BLK_KOL_030,7,3433.45
KOL_CUST_005007,Behala,East Kolkata,Kolkata,Premium,18-09-2023,16-09-2023,BLK_KOL_043,11,5296.96
KOL_CUST_005008,Shibpur,Howrah District,Kolkata,Regular,26-06-2024,01-06-2024,BLK_KOL_049,9,4621.48
KOL_CUST_005009,Gariahat,South Kolkata,Kolkata,Regular,01-09-2024,24-08-2024,BLK_KOL_023,10,4224.44
KOL_CUST_005010,Ballygunge,South Kolkata,Kolkata,Regular,24-03-2023,08-03-2023,BLK_KOL_021,7,2527
KOL_CUST_005011,B.B.D. Bagh,Central Kolkata,Kolkata,Regular,25-02-2024,07-02-2024,BLK_KOL_018,14,11268.35
KOL_CUST_005012,Park Street,Central Kolkata,Kolkata,Premium,11-10-2023,19-09-2023,BLK_KOL_014,7,3161.91
KOL_CUST_005013,Rajarhat,Salt Lake & New Town,Kolkata,Regular,28-05-2024,27-05-2024,BLK_KOL_034,10,3015.66
KOL_CUST_005014,New Town,Salt Lake & New Town,Kolkata,Regular,16-11-2023,23-10-2023,BLK_KOL_032,7,2406.73
KOL_CUST_005015,Santragachi,Howrah District,Kolkata,Regular,17-10-2024,04-10-2024,BLK_KOL_053,5,2816.67
KOL_CUST_005016,Gariahat,South Kolkata,Kolkata,Premium,02-04-2023,20-03-2023,BLK_KOL_024,8,2057.02
KOL_CUST_005017,Ballygunge,South Kolkata,Kolkata,Regular,11-07-2023,03-07-2023,BLK_KOL_019,12,7402.3
KOL_CUST_005018,Ultadanga,North Kolkata,Kolkata,Premium,08-02-2023,31-01-2023,BLK_KOL_006,11,4514.16
KOL_CUST_005019,Salt Lake,Salt Lake & New Town,Kolkata,New,25-04-2024,09-04-2024,BLK_KOL_028,13,6334.87
KOL_CUST_005020,Tollygunge,South Kolkata,Kolkata,Regular,15-02-2023,25-01-2023,BLK_KOL_027,13,5360.42
KOL_CUST_005021,Tollygunge,South Kolkata,Kolkata,Premium,18-05-2023,28-04-2023,BLK_KOL_025,10,5337.13
KOL_CUST_005022,Ballygunge,South Kolkata,Kolkata,Regular,10-03-2023,25-02-2023,BLK_KOL_021,5,1092.29
KOL_CUST_005023,New Town,Salt Lake & New Town,Kolkata,Regular,18-06-2023,16-06-2023,BLK_KOL_033,6,1491.5
KOL_CUST_005024,Park Street,Central Kolkata,Kolkata,Regular,27-09-2023,17-09-2023,BLK_KOL_013,8,3273.95
KOL_CUST_005025,EM Bypass,East Kolkata,Kolkata,New,19-08-2024,15-08-2024,BLK_KOL_037,5,2130.12
KOL_CUST_005026,Baghbazar,North Kolkata,Kolkata,Regular,22-09-2024,20-09-2024,BLK_KOL_009,14,8781
KOL_CUST_005027,Esplanade,Central Kolkata,Kolkata,Regular,25-03-2024,08-03-2024,BLK_KOL_010,10,4851.78
KOL_CUST_005028,Shyambazar,North Kolkata,Kolkata,Regular,05-05-2023,03-05-2023,BLK_KOL_003,13,5090.39
KOL_CUST_005029,Esplanade,Central Kolkata,Kolkata,Regular,21-04-2024,05-04-2024,BLK_KOL_010,10,4712.82
KOL_CUST_005030,Salt Lake,Salt Lake & New Town,Kolkata,Regular,05-09-2024,03-09-2024,BLK_KOL_030,13,7612.71
KOL_CUST_005031,EM Bypass,East Kolkata,Kolkata,Premium,01-08-2024,27-07-2024,BLK_KOL_038,14,6714.47
KOL_CUST_005032,New Town,Salt Lake & New Town,Kolkata,Regular,24-05-2024,19-05-2024,BLK_KOL_031,12,4935.93
KOL_CUST_005033,B.B.D. Bagh,Central Kolkata,Kolkata,Regular,12-05-2024,07-05-2024,BLK_KOL_018,9,3952.07
KOL_CUST_005034,Santragachi,Howrah District,Kolkata,Regular,07-04-2024,30-03-2024,BLK_KOL_053,8,3039.13
KOL_CUST_005035,Gariahat,South Kolkata,Kolkata,Regular,02-07-2023,24-06-2023,BLK_KOL_022,7,4598.2
KOL_CUST_005036,Esplanade,Central Kolkata,Kolkata,Regular,17-01-2024,04-01-2024,BLK_KOL_011,9,5835.27
KOL_CUST_005037,Esplanade,Central Kolkata,Kolkata,Regular,03-03-2024,24-02-2024,BLK_KOL_011,5,2344.7
KOL_CUST_005038,Kasba,East Kolkata,Kolkata,Premium,20-10-2023,05-10-2023,BLK_KOL_040,9,5090.51
KOL_CUST_005039,Baghbazar,North Kolkata,Kolkata,Regular,17-10-2024,13-10-2024,BLK_KOL_008,10,5530.76
KOL_CUST_005040,Park Street,Central Kolkata,Kolkata,New,12-07-2024,20-06-2024,BLK_KOL_013,8,3679.33
KOL_CUST_005041,Salt Lake,Salt Lake & New Town,Kolkata,Regular,28-07-2024,06-07-2024,BLK_KOL_030,11,7910.47
KOL_CUST_005042,Salt Lake,Salt Lake & New Town,Kolkata,Regular,09-11-2023,06-11-2023,BLK_KOL_030,14,6006.75
KOL_CUST_005043,Ballygunge,South Kolkata,Kolkata,Premium,21-09-2024,24-08-2024,BLK_KOL_019,15,7415.8
KOL_CUST_005044,Santragachi,Howrah District,Kolkata,Premium,08-06-2024,28-05-2024,BLK_KOL_053,10,4572.74
KOL_CUST_005045,Gariahat,South Kolkata,Kolkata,Premium,11-01-2023,14-12-2022,BLK_KOL_023,11,8004.44
KOL_CUST_005046,Shyambazar,North Kolkata,Kolkata,Premium,16-04-2023,04-04-2023,BLK_KOL_002,12,6038.28
KOL_CUST_005047,Tollygunge,South Kolkata,Kolkata,Regular,16-07-2024,06-07-2024,BLK_KOL_026,8,4533.86
KOL_CUST_005048,Shibpur,Howrah District,Kolkata,Premium,16-08-2023,09-08-2023,BLK_KOL_049,12,5353.93
KOL_CUST_005049,Rajarhat,Salt Lake & New Town,Kolkata,Regular,18-07-2024,02-07-2024,BLK_KOL_035,12,5393
KOL_CUST_005050,Park Street,Central Kolkata,Kolkata,Regular,05-04-2023,10-03-2023,BLK_KOL_013,14,5663.445
KOL_CUST_005051,Tollygunge,South Kolkata,Kolkata,New,15-08-2023,16-07-2023,BLK_KOL_027,8,3785.63
KOL_CUST_005052,Tollygunge,South Kolkata,Kolkata,Regular,24-10-2024,07-10-2024,BLK_KOL_026,11,6598.55
KOL_CUST_005053,Gariahat,South Kolkata,Kolkata,Regular,09-10-2023,26-09-2023,BLK_KOL_024,8,3849.37
KOL_CUST_005054,Salt Lake,Salt Lake & New Town,Kolkata,Regular,14-01-2023,04-01-2023,BLK_KOL_030,12,4114.76
KOL_CUST_005055,EM Bypass,East Kolkata,Kolkata,Regular,08-09-2023,13-08-2023,BLK_KOL_038,7,2219.08
KOL_CUST_005056,Gariahat,South Kolkata,Kolkata,Premium,11-10-2024,25-09-2024,BLK_KOL_023,9,4913.41
KOL_CUST_005057,EM Bypass,East Kolkata,Kolkata,Premium,14-11-2023,27-10-2023,BLK_KOL_038,9,5353.57
KOL_CUST_005058,New Town,Salt Lake & New Town,Kolkata,Premium,15-10-2023,07-10-2023,BLK_KOL_031,9,4991.56
KOL_CUST_005059,EM Bypass,East Kolkata,Kolkata,Premium,11-01-2024,27-12-2023,BLK_KOL_039,11,4821.71
KOL_CUST_005060,Shibpur,Howrah District,Kolkata,Regular,30-01-2023,12-01-2023,BLK_KOL_049,5,1988.72
KOL_CUST_005061,Shibpur,Howrah District,Kolkata,Regular,17-03-2023,14-03-2023,BLK_KOL_050,12,6942.445
KOL_CUST_005062,Gariahat,South Kolkata,Kolkata,Premium,09-10-2023,07-10-2023,BLK_KOL_024,7,3139.075
KOL_CUST_005063,Behala,East Kolkata,Kolkata,Regular,03-01-2024,19-12-2023,BLK_KOL_044,7,4390.17
KOL_CUST_005064,Gariahat,South Kolkata,Kolkata,Regular,09-06-2024,30-05-2024,BLK_KOL_022,8,4433.45
KOL_CUST_005065,Ballygunge,South Kolkata,Kolkata,Regular,19-01-2024,15-01-2024,BLK_KOL_021,6,3053.95
KOL_CUST_005066,Baghbazar,North Kolkata,Kolkata,Regular,12-02-2023,29-01-2023,BLK_KOL_007,5,1940.8
KOL_CUST_005067,Ultadanga,North Kolkata,Kolkata,Premium,20-11-2023,17-11-2023,BLK_KOL_004,16,7112.34
KOL_CUST_005068,Salt Lake,Salt Lake & New Town,Kolkata,Regular,03-06-2023,15-05-2023,BLK_KOL_030,12,4393.25
KOL_CUST_005069,Tollygunge,South Kolkata,Kolkata,Regular,05-08-2023,19-07-2023,BLK_KOL_027,10,5550.29
KOL_CUST_005070,Kasba,East Kolkata,Kolkata,Regular,24-06-2024,18-06-2024,BLK_KOL_042,4,1394.41
KOL_CUST_005071,Esplanade,Central Kolkata,Kolkata,Regular,19-11-2023,26-10-2023,BLK_KOL_010,11,4462.87
KOL_CUST_005072,Gariahat,South Kolkata,Kolkata,Regular,29-01-2024,06-01-2024,BLK_KOL_024,8,5030.77
KOL_CUST_005073,B.B.D. Bagh,Central Kolkata,Kolkata,New,10-05-2023,03-05-2023,BLK_KOL_016,7,3340.44
KOL_CUST_005074,Esplanade,Central Kolkata,Kolkata,Regular,01-09-2024,17-08-2024,BLK_KOL_010,6,2143.26
KOL_CUST_005075,Behala,East Kolkata,Kolkata,New,15-02-2023,21-01-2023,BLK_KOL_043,6,3758.31
KOL_CUST_005076,Park Street,Central Kolkata,Kolkata,Regular,24-03-2023,19-03-2023,BLK_KOL_013,10,6581.96
KOL_CUST_005077,Ballygunge,South Kolkata,Kolkata,Regular,13-10-2024,15-09-2024,BLK_KOL_019,10,5779.66
KOL_CUST_005078,New Town,Salt Lake & New Town,Kolkata,Regular,04-05-2024,29-04-2024,BLK_KOL_033,10,2615.51
KOL_CUST_005079,EM Bypass,East Kolkata,Kolkata,Regular,16-10-2023,13-10-2023,BLK_KOL_037,9,4232.99
KOL_CUST_005080,Gariahat,South Kolkata,Kolkata,Regular,22-08-2023,24-07-2023,BLK_KOL_022,11,6319.21
KOL_CUST_005081,EM Bypass,East Kolkata,Kolkata,Regular,15-11-2023,03-11-2023,BLK_KOL_039,6,3991.89
KOL_CUST_005082,Esplanade,Central Kolkata,Kolkata,Regular,07-08-2023,23-07-2023,BLK_KOL_011,6,2884.7
KOL_CUST_005083,Esplanade,Central Kolkata,Kolkata,Regular,03-03-2024,21-02-2024,BLK_KOL_012,11,5231.95
KOL_CUST_005084,Santragachi,Howrah District,Kolkata,Regular,08-07-2024,25-06-2024,BLK_KOL_053,6,4496.12
KOL_CUST_005085,Ballygunge,South Kolkata,Kolkata,Regular,30-09-2024,15-09-2024,BLK_KOL_020,13,5819.22
KOL_CUST_005086,Salt Lake,Salt Lake & New Town,Kolkata,Regular,16-06-2024,15-06-2024,BLK_KOL_028,7,4549.5
KOL_CUST_005087,Gariahat,South Kolkata,Kolkata,Regular,03-08-2023,29-07-2023,BLK_KOL_024,11,5881.92
KOL_CUST_005088,Esplanade,Central Kolkata,Kolkata,Regular,21-07-2024,27-06-2024,BLK_KOL_012,7,2976.08
KOL_CUST_005089,Park Street,Central Kolkata,Kolkata,Regular,29-09-2023,01-09-2023,BLK_KOL_013,11,5867.19
KOL_CUST_005090,New Town,Salt Lake & New Town,Kolkata,Regular,05-09-2023,03-09-2023,BLK_KOL_033,8,2170.34
KOL_CUST_005091,Baghbazar,North Kolkata,Kolkata,Regular,26-02-2024,02-02-2024,BLK_KOL_009,10,4417.23
KOL_CUST_005092,New Town,Salt Lake & New Town,Kolkata,Premium,04-05-2023,15-04-2023,BLK_KOL_031,5,3488.48
KOL_CUST_005093,Santragachi,Howrah District,Kolkata,New,26-07-2023,02-07-2023,BLK_KOL_052,13,7041.81
KOL_CUST_005094,Shibpur,Howrah District,Kolkata,New,19-10-2023,18-10-2023,BLK_KOL_049,8,3072
KOL_CUST_005095,Santragachi,Howrah District,Kolkata,Regular,01-01-2023,15-12-2022,BLK_KOL_053,11,4446.34
KOL_CUST_005096,EM Bypass,East Kolkata,Kolkata,Regular,27-01-2024,05-01-2024,BLK_KOL_037,6,3152.01
KOL_CUST_005097,Santragachi,Howrah District,Kolkata,Premium,01-09-2024,10-08-2024,BLK_KOL_053,8,3368.96
KOL_CUST_005098,Baghbazar,North Kolkata,Kolkata,Regular,21-07-2023,05-07-2023,BLK_KOL_008,9,4621.69
KOL_CUST_005099,Behala,East Kolkata,Kolkata,Regular,05-05-2024,21-04-2024,BLK_KOL_044,11,7431.28
KOL_CUST_005100,Rajarhat,Salt Lake & New Town,Kolkata,Premium,02-08-2024,28-07-2024,BLK_KOL_034,8,3740.26
KOL_CUST_005101,Baghbazar,North Kolkata,Kolkata,Regular,28-09-2024,30-08-2024,BLK_KOL_008,11,4808.4
KOL_CUST_005102,Kasba,East Kolkata,Kolkata,Regular,22-10-2023,09-10-2023,BLK_KOL_040,8,4714.02
KOL_CUST_005103,Esplanade,Central Kolkata,Kolkata,Regular,31-10-2023,10-10-2023,BLK_KOL_011,16,7743.79
KOL_CUST_005104,Gariahat,South Kolkata,Kolkata,Premium,20-03-2024,11-03-2024,BLK_KOL_022,8,2210.25
KOL_CUST_005105,Kasba,East Kolkata,Kolkata,Regular,04-08-2024,24-07-2024,BLK_KOL_041,9,6408.03
KOL_CUST_005106,Baghbazar,North Kolkata,Kolkata,Regular,10-04-2023,09-04-2023,BLK_KOL_009,9,4760.58
KOL_CUST_005107,Park Street,Central Kolkata,Kolkata,Regular,10-02-2023,18-01-2023,BLK_KOL_015,11,7408.95
KOL_CUST_005108,Gariahat,South Kolkata,Kolkata,Premium,24-06-2024,26-05-2024,BLK_KOL_022,8,3806.46
KOL_CUST_005109,EM Bypass,East Kolkata,Kolkata,Premium,22-02-2024,24-01-2024,BLK_KOL_038,7,3376.02
KOL_CUST_005110,Behala,East Kolkata,Kolkata,Regular,27-01-2023,08-01-2023,BLK_KOL_043,6,3585.03
KOL_CUST_005111,B.B.D. Bagh,Central Kolkata,Kolkata,Premium,09-06-2024,20-05-2024,BLK_KOL_017,11,5788.73
KOL_CUST_005112,Tollygunge,South Kolkata,Kolkata,Regular,11-03-2023,03-03-2023,BLK_KOL_027,11,6969.42
KOL_CUST_005113,Kasba,East Kolkata,Kolkata,Regular,04-10-2024,30-09-2024,BLK_KOL_040,0,0
KOL_CUST_005114,Esplanade,Central Kolkata,Kolkata,Regular,11-08-2023,28-07-2023,BLK_KOL_011,8,2692.03
KOL_CUST_005115,Shibpur,Howrah District,Kolkata,Regular,18-02-2023,15-02-2023,BLK_KOL_051,13,6920.66
KOL_CUST_005116,New Town,Salt Lake & New Town,Kolkata,Regular,29-01-2024,30-12-2023,BLK_KOL_031,11,5251.3
KOL_CUST_005117,B.B.D. Bagh,Central Kolkata,Kolkata,Regular,28-09-2024,08-09-2024,BLK_KOL_016,11,4782.205
KOL_CUST_005118,Rajarhat,Salt Lake & New Town,Kolkata,Premium,16-09-2023,23-08-2023,BLK_KOL_036,16,3977.285
KOL_CUST_005119,EM Bypass,East Kolkata,Kolkata,Premium,27-08-2024,13-08-2024,BLK_KOL_037,10,4221.37
KOL_CUST_005120,EM Bypass,East Kolkata,Kolkata,Regular,21-11-2023,14-11-2023,BLK_KOL_039,11,4842.89
KOL_CUST_005121,Salt Lake,Salt Lake & New Town,Kolkata,Premium,29-11-2023,18-11-2023,BLK_KOL_028,10,4804.27
KOL_CUST_005122,Howrah,Howrah District,Kolkata,Regular,08-08-2023,09-07-2023,BLK_KOL_046,7,3947.78
KOL_CUST_005123,Ballygunge,South Kolkata,Kolkata,New,02-07-2024,04-06-2024,BLK_KOL_021,15,6933.36
KOL_CUST_005124,Rajarhat,Salt Lake & New Town,Kolkata,Regular,07-01-2023,29-12-2022,BLK_KOL_035,9,2969.83
KOL_CUST_005125,Tollygunge,South Kolkata,Kolkata,Premium,07-02-2024,16-01-2024,BLK_KOL_025,6,3282.79
KOL_CUST_005126,EM Bypass,East Kolkata,Kolkata,Premium,21-08-2024,29-07-2024,BLK_KOL_037,5,2666.31
KOL_CUST_005127,Park Street,Central Kolkata,Kolkata,New,20-07-2024,05-07-2024,BLK_KOL_015,6,3139
KOL_CUST_005128,Esplanade,Central Kolkata,Kolkata,New,30-05-2023,20-05-2023,BLK_KOL_011,10,4971.68
KOL_CUST_005129,B.B.D. Bagh,Central Kolkata,Kolkata,Regular,17-11-2023,30-10-2023,BLK_KOL_017,10,3953.14
KOL_CUST_005130,EM Bypass,East Kolkata,Kolkata,Regular,17-01-2024,31-12-2023,BLK_KOL_038,7,4149.735
KOL_CUST_005131,B.B.D. Bagh,Central Kolkata,Kolkata,Premium,13-10-2024,28-09-2024,BLK_KOL_018,11,5128.59
KOL_CUST_005132,B.B.D. Bagh,Central Kolkata,Kolkata,New,21-01-2024,30-12-2023,BLK_KOL_018,16,8633.71
KOL_CUST_005133,Shibpur,Howrah District,Kolkata,Regular,06-09-2023,29-08-2023,BLK_KOL_050,11,5165.92
KOL_CUST_005134,Rajarhat,Salt Lake & New Town,Kolkata,Regular,28-05-2024,23-05-2024,BLK_KOL_035,10,3068.96
KOL_CUST_005135,Howrah,Howrah District,Kolkata,Regular,31-10-2023,03-10-2023,BLK_KOL_046,7,1810.02
KOL_CUST_005136,Salt Lake,Salt Lake & New Town,Kolkata,Regular,06-04-2023,15-03-2023,BLK_KOL_028,11,4328.06
KOL_CUST_005137,B.B.D. Bagh,Central Kolkata,Kolkata,Regular,26-04-2023,19-04-2023,BLK_KOL_016,16,10722.79
KOL_CUST_005138,New Town,Salt Lake & New Town,Kolkata,Regular,17-01-2023,06-01-2023,BLK_KOL_031,14,6182.75
KOL_CUST_005139,Baghbazar,North Kolkata,Kolkata,Premium,10-01-2024,29-12-2023,BLK_KOL_007,5,3111.035
KOL_CUST_005140,Ultadanga,North Kolkata,Kolkata,Regular,20-01-2023,02-01-2023,BLK_KOL_004,11,5094
KOL_CUST_005141,Park Street,Central Kolkata,Kolkata,Regular,05-09-2023,03-09-2023,BLK_KOL_014,6,2801.95
KOL_CUST_005142,Kasba,East Kolkata,Kolkata,Premium,15-04-2023,07-04-2023,BLK_KOL_041,10,5563.57
KOL_CUST_005143,Park Street,Central Kolkata,Kolkata,Regular,27-09-2024,04-09-2024,BLK_KOL_014,8,5011.81
KOL_CUST_005144,Tollygunge,South Kolkata,Kolkata,Premium,20-05-2024,05-05-2024,BLK_KOL_026,11,7437.61
KOL_CUST_005145,Ballygunge,South Kolkata,Kolkata,Regular,24-04-2023,19-04-2023,BLK_KOL_019,10,4269.62
KOL_CUST_005146,Santragachi,Howrah District,Kolkata,Premium,26-01-2023,12-01-2023,BLK_KOL_053,11,6159.82
KOL_CUST_005147,Gariahat,South Kolkata,Kolkata,Regular,28-04-2023,01-04-2023,BLK_KOL_022,11,4514.24
KOL_CUST_005148,Salt Lake,Salt Lake & New Town,Kolkata,New,19-08-2023,10-08-2023,BLK_KOL_030,7,5340.54
KOL_CUST_005149,Tollygunge,South Kolkata,Kolkata,Regular,23-11-2023,09-11-2023,BLK_KOL_025,9,3348.43
KOL_CUST_005150,Behala,East Kolkata,Kolkata,Regular,26-02-2023,31-01-2023,BLK_KOL_044,13,5088.16
KOL_CUST_005151,Santragachi,Howrah District,Kolkata,Regular,17-06-2023,13-06-2023,BLK_KOL_053,14,7525.95
KOL_CUST_005152,Salt Lake,Salt Lake & New Town,Kolkata,Regular,05-05-2023,29-04-2023,BLK_KOL_028,12,4721.28
KOL_CUST_005153,Park Street,Central Kolkata,Kolkata,Regular,03-10-2023,22-09-2023,BLK_KOL_014,16,8618.825
KOL_CUST_005154,Kasba,East Kolkata,Kolkata,Premium,31-07-2024,07-07-2024,BLK_KOL_040,10,6125.12
KOL_CUST_005155,Esplanade,Central Kolkata,Kolkata,Regular,10-09-2023,29-08-2023,BLK_KOL_011,13,3739.67
KOL_CUST_005156,Gariahat,South Kolkata,Kolkata,Regular,09-03-2024,20-02-2024,BLK_KOL_024,18,8409.06
KOL_CUST_005157,New Town,Salt Lake & New Town,Kolkata,Premium,25-02-2023,10-02-2023,BLK_KOL_033,4,1061.56
KOL_CUST_005158,Salt Lake,Salt Lake & New Town,Kolkata,Regular,17-07-2023,24-06-2023,BLK_KOL_029,15,7012.025
KOL_CUST_005159,Salt Lake,Salt Lake & New Town,Kolkata,Premium,09-05-2023,28-04-2023,BLK_KOL_030,13,7370.48
KOL_CUST_005160,Ballygunge,South Kolkata,Kolkata,Regular,09-11-2023,06-11-2023,BLK_KOL_020,11,3476.8
KOL_CUST_005161,New Town,Salt Lake & New Town,Kolkata,Regular,15-06-2024,24-05-2024,BLK_KOL_031,9,4631.43
KOL_CUST_005162,B.B.D. Bagh,Central Kolkata,Kolkata,Regular,27-02-2023,21-02-2023,BLK_KOL_018,7,3947.7
KOL_CUST_005163,Gariahat,South Kolkata,Kolkata,Regular,19-04-2023,31-03-2023,BLK_KOL_024,3,1525.13
KOL_CUST_005164,Gariahat,South Kolkata,Kolkata,Regular,02-06-2023,15-05-2023,BLK_KOL_022,11,5463.14
KOL_CUST_005165,Shibpur,Howrah District,Kolkata,Regular,02-02-2023,06-01-2023,BLK_KOL_050,8,4226.28
KOL_CUST_005166,Baghbazar,North Kolkata,Kolkata,Regular,07-06-2024,02-06-2024,BLK_KOL_008,7,3244.89
KOL_CUST_005167,Gariahat,South Kolkata,Kolkata,New,17-06-2023,23-05-2023,BLK_KOL_023,10,4294.04
KOL_CUST_005168,Rajarhat,Salt Lake & New Town,Kolkata,Premium,01-09-2023,08-08-2023,BLK_KOL_035,8,3643.55
KOL_CUST_005169,Kasba,East Kolkata,Kolkata,Regular,19-04-2023,30-03-2023,BLK_KOL_040,6,3135.94
KOL_CUST_005170,Baghbazar,North Kolkata,Kolkata,Regular,28-08-2023,09-08-2023,BLK_KOL_008,10,3424
KOL_CUST_005171,Gariahat,South Kolkata,Kolkata,Regular,29-06-2023,14-06-2023,BLK_KOL_023,6,1979.26
KOL_CUST_005172,Park Street,Central Kolkata,Kolkata,Regular,27-07-2023,29-06-2023,BLK_KOL_015,10,5469.92
KOL_CUST_005173,Baghbazar,North Kolkata,Kolkata,Regular,01-01-2024,03-12-2023,BLK_KOL_007,7,2881.65
KOL_CUST_005174,Shibpur,Howrah District,Kolkata,Regular,13-11-2023,09-11-2023,BLK_KOL_050,11,6402.175
KOL_CUST_005175,B.B.D. Bagh,Central Kolkata,Kolkata,Regular,19-08-2023,27-07-2023,BLK_KOL_017,5,751.47
KOL_CUST_005176,EM Bypass,East Kolkata,Kolkata,Premium,14-03-2023,27-02-2023,BLK_KOL_039,7,2088.32
KOL_CUST_005177,Baghbazar,North Kolkata,Kolkata,Regular,18-03-2023,17-02-2023,BLK_KOL_009,6,4300.8
KOL_CUST_005178,Gariahat,South Kolkata,Kolkata,Regular,24-03-2023,23-02-2023,BLK_KOL_023,8,3815.35
KOL_CUST_005179,Esplanade,Central Kolkata,Kolkata,Regular,19-10-2024,28-09-2024,BLK_KOL_012,8,4210.71
KOL_CUST_005180,Park Street,Central Kolkata,Kolkata,New,12-01-2023,01-01-2023,BLK_KOL_013,13,7939.97
KOL_CUST_005181,Ultadanga,North Kolkata,Kolkata,Regular,22-04-2024,31-03-2024,BLK_KOL_004,8,3611.64
KOL_CUST_005182,Santragachi,Howrah District,Kolkata,New,29-06-2024,24-06-2024,BLK_KOL_053,13,6802.35
KOL_CUST_005183,Santragachi,Howrah District,Kolkata,Regular,19-09-2024,29-08-2024,BLK_KOL_054,10,3502.44
KOL_CUST_005184,Tollygunge,South Kolkata,Kolkata,Regular,21-10-2024,28-09-2024,BLK_KOL_027,8,2850.17
KOL_CUST_005185,Shyambazar,North Kolkata,Kolkata,Regular,28-08-2024,09-08-2024,BLK_KOL_001,7,4024.61
KOL_CUST_005186,Salt Lake,Salt Lake & New Town,Kolkata,Regular,09-06-2024,11-05-2024,BLK_KOL_028,6,2881.05
KOL_CUST_005187,Tollygunge,South Kolkata,Kolkata,Regular,07-06-2024,10-05-2024,BLK_KOL_027,6,1647.25
KOL_CUST_005188,Behala,East Kolkata,Kolkata,Regular,06-09-2023,01-09-2023,BLK_KOL_045,15,8946.78
KOL_CUST_005189,New Town,Salt Lake & New Town,Kolkata,Regular,06-08-2023,22-07-2023,BLK_KOL_033,14,5739.94
KOL_CUST_005190,Esplanade,Central Kolkata,Kolkata,New,16-01-2024,23-12-2023,BLK_KOL_010,8,2225.57
KOL_CUST_005191,New Town,Salt Lake & New Town,Kolkata,Regular,14-03-2023,22-02-2023,BLK_KOL_033,11,6717.21
KOL_CUST_005192,Ultadanga,North Kolkata,Kolkata,Regular,26-01-2023,07-01-2023,BLK_KOL_005,11,6100.68
KOL_CUST_005193,Rajarhat,Salt Lake & New Town,Kolkata,Regular,25-06-2023,31-05-2023,BLK_KOL_036,8,2149.87
KOL_CUST_005194,Howrah,Howrah District,Kolkata,Premium,23-02-2023,07-02-2023,BLK_KOL_048,11,5910.41
KOL_CUST_005195,Ballygunge,South Kolkata,Kolkata,Regular,20-01-2024,28-12-2023,BLK_KOL_021,11,5027.45
KOL_CUST_005196,Behala,East Kolkata,Kolkata,Regular,20-02-2024,24-01-2024,BLK_KOL_045,10,7268.39
KOL_CUST_005197,EM Bypass,East Kolkata,Kolkata,New,10-01-2023,30-12-2022,BLK_KOL_039,9,5126.17
KOL_CUST_005198,Shyambazar,North Kolkata,Kolkata,Regular,04-03-2023,13-02-2023,BLK_KOL_001,16,5411.82
KOL_CUST_005199,Ballygunge,South Kolkata,Kolkata,Regular,21-03-2023,20-03-2023,BLK_KOL_019,12,5779.1
KOL_CUST_005200,Ballygunge,South Kolkata,Kolkata,Regular,05-02-2023,31-01-2023,BLK_KOL_019,14,8659.6
KOL_CUST_005201,New Town,Salt Lake & New Town,Kolkata,Regular,23-01-2024,15-01-2024,BLK_KOL_032,3,775.87
KOL_CUST_005202,Park Street,Central Kolkata,Kolkata,Regular,20-07-2024,14-07-2024,BLK_KOL_015,5,3494.56
KOL_CUST_005203,New Town,Salt Lake & New Town,Kolkata,Regular,18-06-2024,08-06-2024,BLK_KOL_032,8,4187.34
KOL_CUST_005204,Park Street,Central Kolkata,Kolkata,Premium,05-11-2023,31-10-2023,BLK_KOL_014,11,4632.57
KOL_CUST_005205,Howrah,Howrah District,Kolkata,Regular,06-07-2023,16-06-2023,BLK_KOL_047,9,5607.72
KOL_CUST_005206,Ultadanga,North Kolkata,Kolkata,Regular,03-06-2023,22-05-2023,BLK_KOL_005,12,4329.1
KOL_CUST_005207,Ultadanga,North Kolkata,Kolkata,Premium,17-03-2024,03-03-2024,BLK_KOL_005,11,4734.25
KOL_CUST_005208,Tollygunge,South Kolkata,Kolkata,New,02-05-2023,23-04-2023,BLK_KOL_025,6,2591.97
KOL_CUST_005209,Rajarhat,Salt Lake & New Town,Kolkata,Regular,06-04-2023,02-04-2023,BLK_KOL_036,6,4194.38
KOL_CUST_005210,Esplanade,Central Kolkata,Kolkata,New,28-07-2023,08-07-2023,BLK_KOL_012,8,3924.6
KOL_CUST_005211,Park Street,Central Kolkata,Kolkata,Regular,25-11-2023,14-11-2023,BLK_KOL_014,17,6781.17
KOL_CUST_005212,EM Bypass,East Kolkata,Kolkata,Premium,15-09-2023,10-09-2023,BLK_KOL_039,9,5412.1
KOL_CUST_005213,Santragachi,Howrah District,Kolkata,Regular,14-01-2024,04-01-2024,BLK_KOL_052,1,213.38
KOL_CUST_005214,Santragachi,Howrah District,Kolkata,Regular,07-05-2024,07-04-2024,BLK_KOL_054,11,3837.24
KOL_CUST_005215,Rajarhat,Salt Lake & New Town,Kolkata,Regular,11-06-2023,09-06-2023,BLK_KOL_034,6,1757.08
KOL_CUST_005216,Kasba,East Kolkata,Kolkata,Regular,15-06-2023,30-05-2023,BLK_KOL_042,12,5063.57
KOL_CUST_005217,Santragachi,Howrah District,Kolkata,New,08-06-2024,01-06-2024,BLK_KOL_054,10,3368.13
KOL_CUST_005218,Park Street,Central Kolkata,Kolkata,Regular,26-08-2023,06-08-2023,BLK_KOL_015,12,3052.8
KOL_CUST_005219,Kasba,East Kolkata,Kolkata,Premium,11-03-2023,15-02-2023,BLK_KOL_041,9,3135.19
KOL_CUST_005220,EM Bypass,East Kolkata,Kolkata,New,21-09-2023,07-09-2023,BLK_KOL_037,13,7565.06
KOL_CUST_005221,Shyambazar,North Kolkata,Kolkata,Premium,30-08-2023,11-08-2023,BLK_KOL_001,9,5025.9
KOL_CUST_005222,New Town,Salt Lake & New Town,Kolkata,Premium,24-07-2024,29-06-2024,BLK_KOL_033,8,4737.22
KOL_CUST_005223,Kasba,East Kolkata,Kolkata,Premium,24-08-2024,31-07-2024,BLK_KOL_042,8,4015.68
KOL_CUST_005224,New Town,Salt Lake & New Town,Kolkata,Premium,29-03-2024,22-03-2024,BLK_KOL_031,8,2329.99
KOL_CUST_005225,Ballygunge,South Kolkata,Kolkata,Premium,23-01-2023,09-01-2023,BLK_KOL_020,13,7678.53
KOL_CUST_005226,B.B.D. Bagh,Central Kolkata,Kolkata,Premium,14-07-2024,11-07-2024,BLK_KOL_016,15,7499.195
KOL_CUST_005227,Ballygunge,South Kolkata,Kolkata,Regular,28-04-2024,07-04-2024,BLK_KOL_021,11,5899.9
KOL_CUST_005228,Baghbazar,North Kolkata,Kolkata,Regular,21-03-2024,08-03-2024,BLK_KOL_009,7,3910.69
KOL_CUST_005229,Park Street,Central Kolkata,Kolkata,Regular,13-06-2023,28-05-2023,BLK_KOL_014,13,4589.68
KOL_CUST_005230,B.B.D. Bagh,Central Kolkata,Kolkata,New,22-01-2024,24-12-2023,BLK_KOL_016,10,6477.09
KOL_CUST_005231,Park Street,Central Kolkata,Kolkata,Regular,02-01-2023,09-12-2022,BLK_KOL_013,2,1336.75
KOL_CUST_005232,Behala,East Kolkata,Kolkata,Regular,10-06-2024,23-05-2024,BLK_KOL_043,12,6175.85
KOL_CUST_005233,Santragachi,Howrah District,Kolkata,Regular,19-04-2023,21-03-2023,BLK_KOL_053,12,5716.56
KOL_CUST_005234,Park Street,Central Kolkata,Kolkata,Premium,25-08-2023,02-08-2023,BLK_KOL_015,10,4901.12
KOL_CUST_005235,Shyambazar,North Kolkata,Kolkata,Regular,26-03-2024,07-03-2024,BLK_KOL_001,11,4512.79
KOL_CUST_005236,Salt Lake,Salt Lake & New Town,Kolkata,Regular,02-05-2023,13-04-2023,BLK_KOL_030,8,4918.03
KOL_CUST_005237,Tollygunge,South Kolkata,Kolkata,Regular,26-11-2023,12-11-2023,BLK_KOL_027,9,4410.37
KOL_CUST_005238,Shyambazar,North Kolkata,Kolkata,Regular,15-05-2024,22-04-2024,BLK_KOL_001,12,4980.32
KOL_CUST_005239,New Town,Salt Lake & New Town,Kolkata,Regular,10-04-2023,23-03-2023,BLK_KOL_033,7,2611.33
KOL_CUST_005240,Tollygunge,South Kolkata,Kolkata,New,25-02-2023,16-02-2023,BLK_KOL_027,6,3172.95
KOL_CUST_005241,Shyambazar,North Kolkata,Kolkata,Regular,19-05-2024,03-05-2024,BLK_KOL_002,12,5472.07
KOL_CUST_005242,Ultadanga,North Kolkata,Kolkata,Premium,14-02-2024,25-01-2024,BLK_KOL_006,9,4073.42
KOL_CUST_005243,Behala,East Kolkata,Kolkata,Regular,19-03-2024,14-03-2024,BLK_KOL_045,15,7180.69
KOL_CUST_005244,Ultadanga,North Kolkata,Kolkata,Regular,10-03-2024,05-03-2024,BLK_KOL_005,7,3085.29
KOL_CUST_005245,Baghbazar,North Kolkata,Kolkata,Regular,12-07-2024,27-06-2024,BLK_KOL_008,14,5507.92
KOL_CUST_005246,New Town,Salt Lake & New Town,Kolkata,Premium,25-03-2023,08-03-2023,BLK_KOL_033,7,2364.15
KOL_CUST_005247,Ultadanga,North Kolkata,Kolkata,Regular,13-05-2023,12-05-2023,BLK_KOL_006,7,5205.87
KOL_CUST_005248,Baghbazar,North Kolkata,Kolkata,Regular,24-07-2024,08-07-2024,BLK_KOL_008,9,4383.49
KOL_CUST_005249,Rajarhat,Salt Lake & New Town,Kolkata,Regular,14-03-2024,26-02-2024,BLK_KOL_036,10,3616.96
KOL_CUST_005250,Esplanade,Central Kolkata,Kolkata,Premium,14-05-2024,22-04-2024,BLK_KOL_010,10,5983.925
KOL_CUST_005251,Rajarhat,Salt Lake & New Town,Kolkata,Premium,18-05-2024,05-05-2024,BLK_KOL_036,7,4238.535
KOL_CUST_005252,Baghbazar,North Kolkata,Kolkata,New,20-10-2023,02-10-2023,BLK_KOL_009,5,1677.71
KOL_CUST_005253,Santragachi,Howrah District,Kolkata,Premium,21-04-2023,29-03-2023,BLK_KOL_054,7,2807.18
KOL_CUST_005254,Shyambazar,North Kolkata,Kolkata,Regular,23-07-2024,24-06-2024,BLK_KOL_002,7,2780.12
KOL_CUST_005255,B.B.D. Bagh,Central Kolkata,Kolkata,Regular,07-04-2023,14-03-2023,BLK_KOL_018,10,4716.61
KOL_CUST_005256,Howrah,Howrah District,Kolkata,Regular,30-01-2024,22-01-2024,BLK_KOL_048,15,10630.14
KOL_CUST_005257,Santragachi,Howrah District,Kolkata,Regular,20-04-2023,05-04-2023,BLK_KOL_052,14,5808.16
KOL_CUST_005258,Salt Lake,Salt Lake & New Town,Kolkata,Regular,05-11-2023,02-11-2023,BLK_KOL_029,9,3784.59
KOL_CUST_005259,Shyambazar,North Kolkata,Kolkata,Premium,06-04-2023,02-04-2023,BLK_KOL_003,9,5162.84
KOL_CUST_005260,Rajarhat,Salt Lake & New Town,Kolkata,Premium,03-09-2023,01-09-2023,BLK_KOL_035,8,2974.77
KOL_CUST_005261,Salt Lake,Salt Lake & New Town,Kolkata,Regular,10-09-2023,11-08-2023,BLK_KOL_028,6,3366.38
KOL_CUST_005262,B.B.D. Bagh,Central Kolkata,Kolkata,New,26-11-2023,20-11-2023,BLK_KOL_018,8,4051.54
KOL_CUST_005263,Howrah,Howrah District,Kolkata,Regular,17-01-2023,01-01-2023,BLK_KOL_048,10,2852.83
KOL_CUST_005264,Behala,East Kolkata,Kolkata,Regular,19-06-2024,22-05-2024,BLK_KOL_043,10,4019.87
KOL_CUST_005265,New Town,Salt Lake & New Town,Kolkata,Regular,15-04-2023,06-04-2023,BLK_KOL_031,7,2582.31
KOL_CUST_005266,B.B.D. Bagh,Central Kolkata,Kolkata,Regular,20-05-2023,28-04-2023,BLK_KOL_018,14,6252.62
KOL_CUST_005267,Tollygunge,South Kolkata,Kolkata,Premium,25-03-2024,22-03-2024,BLK_KOL_027,10,5249.14
KOL_CUST_005268,Esplanade,Central Kolkata,Kolkata,Regular,16-08-2023,14-08-2023,BLK_KOL_011,3,1272.54
KOL_CUST_005269,Rajarhat,Salt Lake & New Town,Kolkata,Regular,28-08-2023,29-07-2023,BLK_KOL_035,4,2356.5
KOL_CUST_005270,Gariahat,South Kolkata,Kolkata,Regular,04-08-2024,22-07-2024,BLK_KOL_023,12,5040.62
KOL_CUST_005271,Behala,East Kolkata,Kolkata,Regular,05-10-2023,06-09-2023,BLK_KOL_043,10,6131.29
KOL_CUST_005272,Shyambazar,North Kolkata,Kolkata,Regular,12-06-2024,18-05-2024,BLK_KOL_003,2,1366.03
KOL_CUST_005273,Behala,East Kolkata,Kolkata,Regular,09-11-2023,23-10-2023,BLK_KOL_043,10,3841.09
KOL_CUST_005274,EM Bypass,East Kolkata,Kolkata,Regular,23-10-2023,04-10-2023,BLK_KOL_038,6,5298.59
KOL_CUST_005275,Shibpur,Howrah District,Kolkata,Regular,13-06-2023,07-06-2023,BLK_KOL_050,11,4854.83
KOL_CUST_005276,Ultadanga,North Kolkata,Kolkata,Regular,15-08-2024,04-08-2024,BLK_KOL_005,9,3280.9
KOL_CUST_005277,Santragachi,Howrah District,Kolkata,Regular,31-08-2023,06-08-2023,BLK_KOL_054,5,1288.05
KOL_CUST_005278,Park Street,Central Kolkata,Kolkata,Premium,25-02-2024,21-02-2024,BLK_KOL_013,5,2302.68
KOL_CUST_005279,Ultadanga,North Kolkata,Kolkata,Regular,22-09-2024,30-08-2024,BLK_KOL_004,9,4572.78
KOL_CUST_005280,Santragachi,Howrah District,Kolkata,New,29-04-2023,09-04-2023,BLK_KOL_052,6,3128.14
KOL_CUST_005281,New Town,Salt Lake & New Town,Kolkata,Premium,09-09-2023,28-08-2023,BLK_KOL_031,7,3608.9
KOL_CUST_005282,Kasba,East Kolkata,Kolkata,Premium,17-08-2023,26-07-2023,BLK_KOL_042,9,4629.93
KOL_CUST_005283,Ballygunge,South Kolkata,Kolkata,Premium,29-09-2024,04-09-2024,BLK_KOL_019,6,2142.46
KOL_CUST_005284,Park Street,Central Kolkata,Kolkata,Regular,02-05-2023,20-04-2023,BLK_KOL_014,9,3497.87
KOL_CUST_005285,Howrah,Howrah District,Kolkata,Premium,09-03-2024,10-02-2024,BLK_KOL_048,14,7992.19
KOL_CUST_005286,Santragachi,Howrah District,Kolkata,Regular,21-10-2024,22-09-2024,BLK_KOL_053,7,2711.97
KOL_CUST_005287,Santragachi,Howrah District,Kolkata,New,13-03-2024,14-02-2024,BLK_KOL_054,12,6059.02
KOL_CUST_005288,Salt Lake,Salt Lake & New Town,Kolkata,Regular,25-07-2023,07-07-2023,BLK_KOL_028,5,1667.12
KOL_CUST_005289,Salt Lake,Salt Lake & New Town,Kolkata,Premium,05-07-2023,27-06-2023,BLK_KOL_028,20,7957.01
KOL_CUST_005290,Esplanade,Central Kolkata,Kolkata,New,25-02-2023,03-02-2023,BLK_KOL_010,7,2104.165
KOL_CUST_005291,B.B.D. Bagh,Central Kolkata,Kolkata,Premium,26-04-2023,20-04-2023,BLK_KOL_017,11,5547.97
KOL_CUST_005292,Santragachi,Howrah District,Kolkata,Regular,17-07-2023,12-07-2023,BLK_KOL_053,6,2861.07
KOL_CUST_005293,B.B.D. Bagh,Central Kolkata,Kolkata,Regular,27-04-2023,10-04-2023,BLK_KOL_016,3,1688.05
KOL_CUST_005294,Behala,East Kolkata,Kolkata,Regular,28-02-2023,12-02-2023,BLK_KOL_044,10,6199.29
KOL_CUST_005295,Tollygunge,South Kolkata,Kolkata,New,23-07-2023,28-06-2023,BLK_KOL_025,7,2275.46
KOL_CUST_005296,Baghbazar,North Kolkata,Kolkata,Premium,30-11-2023,10-11-2023,BLK_KOL_008,6,3103.53
KOL_CUST_005297,Park Street,Central Kolkata,Kolkata,New,24-10-2024,17-10-2024,BLK_KOL_014,5,2222.51
KOL_CUST_005298,Shyambazar,North Kolkata,Kolkata,Premium,10-08-2024,26-07-2024,BLK_KOL_003,6,2308.63
KOL_CUST_005299,Baghbazar,North Kolkata,Kolkata,Regular,24-10-2024,11-10-2024,BLK_KOL_008,5,2695.43
KOL_CUST_005300,Shibpur,Howrah District,Kolkata,Premium,26-02-2024,17-02-2024,BLK_KOL_051,8,3326.605
KOL_CUST_005301,Shibpur,Howrah District,Kolkata,Regular,05-07-2023,27-06-2023,BLK_KOL_051,10,5091.8
KOL_CUST_005302,Rajarhat,Salt Lake & New Town,Kolkata,New,28-10-2023,14-10-2023,BLK_KOL_035,9,4736.98
KOL_CUST_005303,EM Bypass,East Kolkata,Kolkata,Regular,26-09-2023,18-09-2023,BLK_KOL_037,11,6214.13
KOL_CUST_005304,Ultadanga,North Kolkata,Kolkata,Premium,26-08-2024,12-08-2024,BLK_KOL_005,8,3153.22
KOL_CUST_005305,Tollygunge,South Kolkata,Kolkata,New,24-06-2023,20-06-2023,BLK_KOL_026,12,5332.73
KOL_CUST_005306,Park Street,Central Kolkata,Kolkata,Regular,18-08-2024,08-08-2024,BLK_KOL_014,6,2901.13
KOL_CUST_005307,Ultadanga,North Kolkata,Kolkata,New,21-04-2023,15-04-2023,BLK_KOL_004,11,6577.37
KOL_CUST_005308,Howrah,Howrah District,Kolkata,Regular,05-05-2023,29-04-2023,BLK_KOL_048,4,1252.57
KOL_CUST_005309,Behala,East Kolkata,Kolkata,Regular,29-06-2024,01-06-2024,BLK_KOL_044,10,5265.58
KOL_CUST_005310,Esplanade,Central Kolkata,Kolkata,Regular,24-10-2023,01-10-2023,BLK_KOL_011,6,2965.27
KOL_CUST_005311,Santragachi,Howrah District,Kolkata,New,12-10-2024,24-09-2024,BLK_KOL_052,11,4556.36
KOL_CUST_005312,Ultadanga,North Kolkata,Kolkata,Premium,01-08-2024,09-07-2024,BLK_KOL_004,13,7076.95
KOL_CUST_005313,Rajarhat,Salt Lake & New Town,Kolkata,Regular,18-09-2024,05-09-2024,BLK_KOL_036,13,8621.9
KOL_CUST_005314,Rajarhat,Salt Lake & New Town,Kolkata,Premium,04-07-2023,04-06-2023,BLK_KOL_036,9,3589.5
KOL_CUST_005315,Santragachi,Howrah District,Kolkata,Regular,31-03-2024,28-03-2024,BLK_KOL_054,11,8640.53
KOL_CUST_005316,Shibpur,Howrah District,Kolkata,Regular,14-07-2024,12-07-2024,BLK_KOL_050,9,2923.59
KOL_CUST_005317,New Town,Salt Lake & New Town,Kolkata,Regular,19-05-2024,19-04-2024,BLK_KOL_033,13,7101.21
KOL_CUST_005318,Shibpur,Howrah District,Kolkata,Regular,30-03-2024,01-03-2024,BLK_KOL_049,4,1645.8
KOL_CUST_005319,Santragachi,Howrah District,Kolkata,New,17-08-2024,06-08-2024,BLK_KOL_052,9,4373.79
KOL_CUST_005320,Gariahat,South Kolkata,Kolkata,Regular,12-08-2023,06-08-2023,BLK_KOL_024,7,2460.24
KOL_CUST_005321,Santragachi,Howrah District,Kolkata,Premium,11-04-2023,18-03-2023,BLK_KOL_052,12,4902.955
KOL_CUST_005322,B.B.D. Bagh,Central Kolkata,Kolkata,New,12-09-2023,05-09-2023,BLK_KOL_016,14,7655.04
KOL_CUST_005323,EM Bypass,East Kolkata,Kolkata,Premium,05-07-2023,20-06-2023,BLK_KOL_039,11,5933.26
KOL_CUST_005324,Howrah,Howrah District,Kolkata,Regular,24-09-2023,06-09-2023,BLK_KOL_046,16,6943.33
KOL_CUST_005325,New Town,Salt Lake & New Town,Kolkata,Regular,20-09-2023,27-08-2023,BLK_KOL_033,9,3398.89
KOL_CUST_005326,Shyambazar,North Kolkata,Kolkata,Premium,17-03-2024,16-02-2024,BLK_KOL_001,11,5574.83
KOL_CUST_005327,Santragachi,Howrah District,Kolkata,Regular,18-07-2023,15-07-2023,BLK_KOL_053,16,8577
KOL_CUST_005328,Shyambazar,North Kolkata,Kolkata,Regular,03-03-2023,23-02-2023,BLK_KOL_001,10,3431.815
KOL_CUST_005329,Rajarhat,Salt Lake & New Town,Kolkata,Regular,07-07-2024,26-06-2024,BLK_KOL_034,8,3893.82
KOL_CUST_005330,B.B.D. Bagh,Central Kolkata,Kolkata,Premium,04-01-2023,09-12-2022,BLK_KOL_018,7,4379.19
KOL_CUST_005331,Behala,East Kolkata,Kolkata,Premium,14-11-2023,03-11-2023,BLK_KOL_044,13,4228.95
KOL_CUST_005332,Shibpur,Howrah District,Kolkata,Regular,06-02-2023,04-02-2023,BLK_KOL_050,15,7938.195
KOL_CUST_005333,Behala,East Kolkata,Kolkata,Regular,11-01-2023,06-01-2023,BLK_KOL_045,13,5756.45
KOL_CUST_005334,Rajarhat,Salt Lake & New Town,Kolkata,New,17-08-2024,16-08-2024,BLK_KOL_034,7,4222.24
KOL_CUST_005335,B.B.D. Bagh,Central Kolkata,Kolkata,Regular,22-01-2024,17-01-2024,BLK_KOL_018,5,3250.87
KOL_CUST_005336,New Town,Salt Lake & New Town,Kolkata,Regular,06-05-2023,12-04-2023,BLK_KOL_033,10,4698.98
KOL_CUST_005337,Gariahat,South Kolkata,Kolkata,New,18-08-2024,03-08-2024,BLK_KOL_022,10,7040.92
KOL_CUST_005338,Salt Lake,Salt Lake & New Town,Kolkata,Regular,04-05-2023,16-04-2023,BLK_KOL_028,10,5964.325
KOL_CUST_005339,Baghbazar,North Kolkata,Kolkata,Regular,07-02-2023,12-01-2023,BLK_KOL_007,4,2181.53
KOL_CUST_005340,EM Bypass,East Kolkata,Kolkata,Regular,23-08-2024,10-08-2024,BLK_KOL_038,6,3789.29
KOL_CUST_005341,New Town,Salt Lake & New Town,Kolkata,Regular,27-11-2023,18-11-2023,BLK_KOL_031,6,3429.45
KOL_CUST_005342,Tollygunge,South Kolkata,Kolkata,Regular,08-08-2024,31-07-2024,BLK_KOL_026,5,1608.31
KOL_CUST_005343,B.B.D. Bagh,Central Kolkata,Kolkata,New,06-02-2024,31-01-2024,BLK_KOL_018,10,3971.83
KOL_CUST_005344,New Town,Salt Lake & New Town,Kolkata,New,08-04-2023,24-03-2023,BLK_KOL_031,6,3427.83
KOL_CUST_005345,Kasba,East Kolkata,Kolkata,Regular,02-05-2024,23-04-2024,BLK_KOL_041,13,8290.1
KOL_CUST_005346,Tollygunge,South Kolkata,Kolkata,Regular,03-08-2024,18-07-2024,BLK_KOL_025,15,7610.1
KOL_CUST_005347,Santragachi,Howrah District,Kolkata,Premium,19-08-2023,14-08-2023,BLK_KOL_053,10,4125.39
KOL_CUST_005348,Ultadanga,North Kolkata,Kolkata,Regular,30-07-2023,29-07-2023,BLK_KOL_006,2,1378.82
KOL_CUST_005349,Gariahat,South Kolkata,Kolkata,Regular,15-09-2024,18-08-2024,BLK_KOL_022,14,7393.13
KOL_CUST_005350,Park Street,Central Kolkata,Kolkata,Regular,29-07-2023,11-07-2023,BLK_KOL_013,13,6978.45
KOL_CUST_005351,New Town,Salt Lake & New Town,Kolkata,Regular,07-10-2024,04-10-2024,BLK_KOL_031,9,4647.92
KOL_CUST_005352,Shyambazar,North Kolkata,Kolkata,Regular,06-07-2024,29-06-2024,BLK_KOL_001,10,7942.89
KOL_CUST_005353,Ballygunge,South Kolkata,Kolkata,Premium,12-04-2023,22-03-2023,BLK_KOL_021,11,5797.52
KOL_CUST_005354,Howrah,Howrah District,Kolkata,Premium,11-04-2023,31-03-2023,BLK_KOL_046,10,3509.72
KOL_CUST_005355,Rajarhat,Salt Lake & New Town,Kolkata,Regular,07-07-2024,07-06-2024,BLK_KOL_034,10,4859.6
KOL_CUST_005356,Salt Lake,Salt Lake & New Town,Kolkata,Regular,24-03-2023,13-03-2023,BLK_KOL_029,11,7625.79
KOL_CUST_005357,Rajarhat,Salt Lake & New Town,Kolkata,New,14-01-2024,03-01-2024,BLK_KOL_034,6,3705.75
KOL_CUST_005358,Gariahat,South Kolkata,Kolkata,Premium,17-07-2024,24-06-2024,BLK_KOL_023,10,4754.86
KOL_CUST_005359,Behala,East Kolkata,Kolkata,Regular,14-03-2023,13-02-2023,BLK_KOL_044,10,3209.84
KOL_CUST_005360,Salt Lake,Salt Lake & New Town,Kolkata,Regular,13-10-2024,01-10-2024,BLK_KOL_028,7,4511.65
KOL_CUST_005361,New Town,Salt Lake & New Town,Kolkata,Premium,29-05-2023,29-04-2023,BLK_KOL_031,4,2126.29
KOL_CUST_005362,Behala,East Kolkata,Kolkata,Regular,28-09-2024,11-09-2024,BLK_KOL_043,10,3010.16
KOL_CUST_005363,Baghbazar,North Kolkata,Kolkata,Premium,25-06-2023,22-06-2023,BLK_KOL_008,13,8323.49
KOL_CUST_005364,B.B.D. Bagh,Central Kolkata,Kolkata,Regular,25-05-2023,02-05-2023,BLK_KOL_017,6,3587.84
KOL_CUST_005365,Park Street,Central Kolkata,Kolkata,Premium,20-08-2023,25-07-2023,BLK_KOL_014,7,3053.07
KOL_CUST_005366,Howrah,Howrah District,Kolkata,Regular,14-05-2024,13-05-2024,BLK_KOL_046,10,5765.41
KOL_CUST_005367,Santragachi,Howrah District,Kolkata,Premium,03-11-2023,10-10-2023,BLK_KOL_054,11,5085.72
KOL_CUST_005368,Gariahat,South Kolkata,Kolkata,Regular,17-10-2023,23-09-2023,BLK_KOL_024,9,3717.6
KOL_CUST_005369,Salt Lake,Salt Lake & New Town,Kolkata,Regular,05-09-2023,11-08-2023,BLK_KOL_028,8,4770.56
KOL_CUST_005370,Salt Lake,Salt Lake & New Town,Kolkata,Regular,12-01-2024,09-01-2024,BLK_KOL_030,6,3657.58
KOL_CUST_005371,Baghbazar,North Kolkata,Kolkata,Regular,20-01-2024,24-12-2023,BLK_KOL_009,8,3579.42
KOL_CUST_005372,Rajarhat,Salt Lake & New Town,Kolkata,Regular,23-06-2023,21-06-2023,BLK_KOL_036,4,2100.78
KOL_CUST_005373,Salt Lake,Salt Lake & New Town,Kolkata,Regular,01-09-2024,23-08-2024,BLK_KOL_028,10,3092.82
KOL_CUST_005374,Gariahat,South Kolkata,Kolkata,Regular,15-06-2024,14-06-2024,BLK_KOL_023,14,5231.41
KOL_CUST_005375,Baghbazar,North Kolkata,Kolkata,Regular,28-02-2024,18-02-2024,BLK_KOL_008,11,7161.89
KOL_CUST_005376,Gariahat,South Kolkata,Kolkata,Regular,20-03-2023,04-03-2023,BLK_KOL_022,11,4031.29
KOL_CUST_005377,Ballygunge,South Kolkata,Kolkata,Regular,09-08-2024,11-07-2024,BLK_KOL_019,14,5570.7
KOL_CUST_005378,Santragachi,Howrah District,Kolkata,Regular,29-08-2023,19-08-2023,BLK_KOL_054,16,8405.49
KOL_CUST_005379,Esplanade,Central Kolkata,Kolkata,Premium,18-03-2024,12-03-2024,BLK_KOL_011,15,7536.44
KOL_CUST_005380,Ballygunge,South Kolkata,Kolkata,Premium,10-08-2023,31-07-2023,BLK_KOL_019,11,5938.29
KOL_CUST_005381,Salt Lake,Salt Lake & New Town,Kolkata,Regular,10-09-2023,21-08-2023,BLK_KOL_029,17,7117.45
KOL_CUST_005382,Santragachi,Howrah District,Kolkata,Regular,05-02-2024,14-01-2024,BLK_KOL_052,7,3826.34
KOL_CUST_005383,Rajarhat,Salt Lake & New Town,Kolkata,Regular,04-10-2023,30-09-2023,BLK_KOL_036,7,3849.92
KOL_CUST_005384,Ultadanga,North Kolkata,Kolkata,Regular,28-10-2023,21-10-2023,BLK_KOL_006,8,4260.83
KOL_CUST_005385,Santragachi,Howrah District,Kolkata,Premium,15-04-2024,10-04-2024,BLK_KOL_052,12,5926.69
KOL_CUST_005386,Kasba,East Kolkata,Kolkata,Regular,23-07-2024,13-07-2024,BLK_KOL_041,7,4625.06
KOL_CUST_005387,Baghbazar,North Kolkata,Kolkata,Premium,13-02-2024,23-01-2024,BLK_KOL_009,7,3923.48
KOL_CUST_005388,Santragachi,Howrah District,Kolkata,Regular,17-02-2024,19-01-2024,BLK_KOL_052,7,3096.54
KOL_CUST_005389,Howrah,Howrah District,Kolkata,Regular,21-06-2023,20-06-2023,BLK_KOL_046,5,2047.2
KOL_CUST_005390,Ballygunge,South Kolkata,Kolkata,Regular,12-01-2024,04-01-2024,BLK_KOL_019,3,1100.34
KOL_CUST_005391,Tollygunge,South Kolkata,Kolkata,Premium,26-04-2023,10-04-2023,BLK_KOL_026,4,961.93
KOL_CUST_005392,Shibpur,Howrah District,Kolkata,Regular,16-05-2023,19-04-2023,BLK_KOL_050,6,3502.44
KOL_CUST_005393,Behala,East Kolkata,Kolkata,Regular,15-09-2023,18-08-2023,BLK_KOL_043,6,4191.56
KOL_CUST_005394,Park Street,Central Kolkata,Kolkata,Regular,23-05-2023,16-05-2023,BLK_KOL_014,8,3412.35
KOL_CUST_005395,Shyambazar,North Kolkata,Kolkata,New,11-09-2024,25-08-2024,BLK_KOL_003,7,3302.67
KOL_CUST_005396,Baghbazar,North Kolkata,Kolkata,Regular,29-01-2024,31-12-2023,BLK_KOL_009,12,6566.5
KOL_CUST_005397,Behala,East Kolkata,Kolkata,New,16-01-2024,22-12-2023,BLK_KOL_043,13,7111.11
KOL_CUST_005398,EM Bypass,East Kolkata,Kolkata,Premium,15-04-2024,02-04-2024,BLK_KOL_037,5,2445.23
KOL_CUST_005399,Shyambazar,North Kolkata,Kolkata,Regular,01-02-2023,19-01-2023,BLK_KOL_003,12,7069.5
KOL_CUST_005400,EM Bypass,East Kolkata,Kolkata,Regular,27-01-2023,04-01-2023,BLK_KOL_038,5,1488.68
KOL_CUST_005401,Gariahat,South Kolkata,Kolkata,Premium,10-04-2023,25-03-2023,BLK_KOL_022,15,7008.92
KOL_CUST_005402,New Town,Salt Lake & New Town,Kolkata,Regular,28-11-2023,09-11-2023,BLK_KOL_031,9,5162.02
KOL_CUST_005403,Baghbazar,North Kolkata,Kolkata,Regular,08-11-2023,01-11-2023,BLK_KOL_008,9,2849.125
KOL_CUST_005404,Ballygunge,South Kolkata,Kolkata,Regular,17-11-2023,04-11-2023,BLK_KOL_020,12,5611.97
KOL_CUST_005405,Santragachi,Howrah District,Kolkata,Regular,30-05-2024,07-05-2024,BLK_KOL_052,4,1757.99
KOL_CUST_005406,Shibpur,Howrah District,Kolkata,New,17-01-2023,11-01-2023,BLK_KOL_051,11,3050.94
KOL_CUST_005407,New Town,Salt Lake & New Town,Kolkata,Regular,30-11-2023,14-11-2023,BLK_KOL_032,10,5927.62
KOL_CUST_005408,Shibpur,Howrah District,Kolkata,New,15-06-2024,19-05-2024,BLK_KOL_049,8,5389.61
KOL_CUST_005409,Rajarhat,Salt Lake & New Town,Kolkata,Regular,13-06-2023,01-06-2023,BLK_KOL_036,9,5159.25
KOL_CUST_005410,Esplanade,Central Kolkata,Kolkata,New,05-10-2023,21-09-2023,BLK_KOL_012,12,3861.73
KOL_CUST_005411,Ballygunge,South Kolkata,Kolkata,New,22-09-2024,28-08-2024,BLK_KOL_020,4,2018.53
KOL_CUST_005412,Kasba,East Kolkata,Kolkata,New,18-02-2023,31-01-2023,BLK_KOL_042,8,5887.81
KOL_CUST_005413,Ballygunge,South Kolkata,Kolkata,Regular,17-02-2023,10-02-2023,BLK_KOL_020,5,2655.92
KOL_CUST_005414,Gariahat,South Kolkata,Kolkata,Regular,16-11-2023,08-11-2023,BLK_KOL_022,7,3475.37
KOL_CUST_005415,Behala,East Kolkata,Kolkata,Regular,26-06-2023,28-05-2023,BLK_KOL_045,10,5738.74
KOL_CUST_005416,Shibpur,Howrah District,Kolkata,New,01-04-2023,23-03-2023,BLK_KOL_049,9,2142.81
KOL_CUST_005417,Gariahat,South Kolkata,Kolkata,Premium,18-10-2023,05-10-2023,BLK_KOL_024,11,4107.61
KOL_CUST_005418,Behala,East Kolkata,Kolkata,Regular,07-09-2023,22-08-2023,BLK_KOL_043,11,5639.22
KOL_CUST_005419,Esplanade,Central Kolkata,Kolkata,Regular,15-03-2023,26-02-2023,BLK_KOL_010,10,5037.08
KOL_CUST_005420,Tollygunge,South Kolkata,Kolkata,Regular,23-10-2023,17-10-2023,BLK_KOL_027,15,8001.73
KOL_CUST_005421,Salt Lake,Salt Lake & New Town,Kolkata,New,13-07-2024,10-07-2024,BLK_KOL_029,7,2768.6
KOL_CUST_005422,EM Bypass,East Kolkata,Kolkata,Regular,28-06-2023,27-06-2023,BLK_KOL_038,7,3526.01
KOL_CUST_005423,EM Bypass,East Kolkata,Kolkata,Regular,13-03-2023,28-02-2023,BLK_KOL_037,9,5347.52
KOL_CUST_005424,Shyambazar,North Kolkata,Kolkata,Regular,23-06-2024,02-06-2024,BLK_KOL_003,7,2344.58
KOL_CUST_005425,Rajarhat,Salt Lake & New Town,Kolkata,Regular,30-03-2024,13-03-2024,BLK_KOL_034,11,5012.47
KOL_CUST_005426,EM Bypass,East Kolkata,Kolkata,New,25-07-2023,30-06-2023,BLK_KOL_037,5,2441.38
KOL_CUST_005427,Gariahat,South Kolkata,Kolkata,New,18-10-2023,22-09-2023,BLK_KOL_022,11,4872.5
KOL_CUST_005428,Salt Lake,Salt Lake & New Town,Kolkata,Regular,19-05-2024,08-05-2024,BLK_KOL_029,8,3557.1
KOL_CUST_005429,New Town,Salt Lake & New Town,Kolkata,Regular,30-06-2024,04-06-2024,BLK_KOL_032,8,4245.67
KOL_CUST_005430,Shyambazar,North Kolkata,Kolkata,New,29-11-2023,26-11-2023,BLK_KOL_001,4,3164.34
KOL_CUST_005431,Kasba,East Kolkata,Kolkata,Premium,11-03-2024,15-02-2024,BLK_KOL_040,9,4177.39
KOL_CUST_005432,Gariahat,South Kolkata,Kolkata,Regular,11-07-2024,25-06-2024,BLK_KOL_023,4,2861.18
KOL_CUST_005433,Park Street,Central Kolkata,Kolkata,Regular,15-08-2024,20-07-2024,BLK_KOL_015,9,4802.18
KOL_CUST_005434,Shibpur,Howrah District,Kolkata,Regular,28-05-2023,30-04-2023,BLK_KOL_050,7,2819.9
KOL_CUST_005435,New Town,Salt Lake & New Town,Kolkata,Premium,18-08-2024,23-07-2024,BLK_KOL_032,13,7145.71
KOL_CUST_005436,Tollygunge,South Kolkata,Kolkata,Regular,27-01-2023,13-01-2023,BLK_KOL_027,11,5637.31
KOL_CUST_005437,Rajarhat,Salt Lake & New Town,Kolkata,Premium,05-10-2023,21-09-2023,BLK_KOL_036,14,7672.33
KOL_CUST_005438,Tollygunge,South Kolkata,Kolkata,Regular,10-01-2024,14-12-2023,BLK_KOL_025,7,4615.54
KOL_CUST_005439,Tollygunge,South Kolkata,Kolkata,New,28-08-2023,12-08-2023,BLK_KOL_026,8,3775.77
KOL_CUST_005440,Ultadanga,North Kolkata,Kolkata,Premium,01-05-2023,15-04-2023,BLK_KOL_005,10,5455.52
KOL_CUST_005441,New Town,Salt Lake & New Town,Kolkata,Regular,22-10-2024,29-09-2024,BLK_KOL_032,7,2305.31
KOL_CUST_005442,B.B.D. Bagh,Central Kolkata,Kolkata,Regular,04-06-2023,15-05-2023,BLK_KOL_016,5,1444.99
KOL_CUST_005443,Kasba,East Kolkata,Kolkata,Premium,05-07-2023,02-07-2023,BLK_KOL_042,8,3901.63
KOL_CUST_005444,Howrah,Howrah District,Kolkata,Regular,30-06-2024,25-06-2024,BLK_KOL_047,9,4529.3
KOL_CUST_005445,B.B.D. Bagh,Central Kolkata,Kolkata,Premium,26-11-2023,27-10-2023,BLK_KOL_017,14,7756.47
KOL_CUST_005446,Baghbazar,North Kolkata,Kolkata,Regular,16-08-2024,06-08-2024,BLK_KOL_009,4,1252.69
KOL_CUST_005447,Salt Lake,Salt Lake & New Town,Kolkata,Regular,12-06-2024,04-06-2024,BLK_KOL_029,11,4566.68
KOL_CUST_005448,Esplanade,Central Kolkata,Kolkata,Regular,18-04-2024,22-03-2024,BLK_KOL_011,9,2709.46
KOL_CUST_005449,Tollygunge,South Kolkata,Kolkata,Regular,20-09-2024,28-08-2024,BLK_KOL_025,7,4571.5
KOL_CUST_005450,Ultadanga,North Kolkata,Kolkata,Premium,19-04-2023,01-04-2023,BLK_KOL_005,8,4159.39
KOL_CUST_005451,Esplanade,Central Kolkata,Kolkata,Regular,18-01-2023,28-12-2022,BLK_KOL_010,10,4610.4
KOL_CUST_005452,EM Bypass,East Kolkata,Kolkata,Premium,02-05-2024,23-04-2024,BLK_KOL_037,8,3602.59
KOL_CUST_005453,Salt Lake,Salt Lake & New Town,Kolkata,Regular,17-10-2023,19-09-2023,BLK_KOL_030,8,3677.31
KOL_CUST_005454,Gariahat,South Kolkata,Kolkata,Regular,06-06-2023,11-05-2023,BLK_KOL_022,5,3464.29
KOL_CUST_005455,Santragachi,Howrah District,Kolkata,Regular,15-08-2023,24-07-2023,BLK_KOL_054,8,3635.25
KOL_CUST_005456,Howrah,Howrah District,Kolkata,Regular,26-07-2024,07-07-2024,BLK_KOL_047,8,7365.66
KOL_CUST_005457,Esplanade,Central Kolkata,Kolkata,New,25-01-2024,11-01-2024,BLK_KOL_010,8,3936.75
KOL_CUST_005458,EM Bypass,East Kolkata,Kolkata,New,13-04-2023,28-03-2023,BLK_KOL_038,8,2687.235
KOL_CUST_005459,Baghbazar,North Kolkata,Kolkata,Premium,19-02-2023,26-01-2023,BLK_KOL_007,7,4734.99
KOL_CUST_005460,Baghbazar,North Kolkata,Kolkata,New,27-08-2024,05-08-2024,BLK_KOL_008,11,4696.86
KOL_CUST_005461,Tollygunge,South Kolkata,Kolkata,Regular,01-12-2023,12-11-2023,BLK_KOL_027,10,4324.35
KOL_CUST_005462,Kasba,East Kolkata,Kolkata,New,02-07-2023,23-06-2023,BLK_KOL_042,8,3614.64
KOL_CUST_005463,Baghbazar,North Kolkata,Kolkata,New,25-10-2024,17-10-2024,BLK_KOL_008,11,3077.205
KOL_CUST_005464,Behala,East Kolkata,Kolkata,Premium,30-06-2023,05-06-2023,BLK_KOL_043,9,5524.92
KOL_CUST_005465,Howrah,Howrah District,Kolkata,New,13-03-2023,13-02-2023,BLK_KOL_047,9,5827.87
KOL_CUST_005466,New Town,Salt Lake & New Town,Kolkata,Regular,04-04-2024,11-03-2024,BLK_KOL_031,7,3167.07
KOL_CUST_005467,Salt Lake,Salt Lake & New Town,Kolkata,Regular,24-03-2023,22-03-2023,BLK_KOL_028,9,7428.57
KOL_CUST_005468,Santragachi,Howrah District,Kolkata,Regular,16-03-2024,10-03-2024,BLK_KOL_052,16,8351.84
KOL_CUST_005469,Esplanade,Central Kolkata,Kolkata,Regular,04-01-2023,17-12-2022,BLK_KOL_011,7,3519.64
KOL_CUST_005470,Santragachi,Howrah District,Kolkata,Regular,25-03-2024,06-03-2024,BLK_KOL_054,10,3675.06
KOL_CUST_005471,Ultadanga,North Kolkata,Kolkata,Regular,26-07-2024,25-07-2024,BLK_KOL_005,11,3278.21
KOL_CUST_005472,Kasba,East Kolkata,Kolkata,Regular,20-08-2023,13-08-2023,BLK_KOL_040,8,5261.68
KOL_CUST_005473,Rajarhat,Salt Lake & New Town,Kolkata,Regular,07-05-2023,12-04-2023,BLK_KOL_036,3,970.56
KOL_CUST_005474,Shibpur,Howrah District,Kolkata,Regular,08-10-2023,07-10-2023,BLK_KOL_051,15,10055.34
KOL_CUST_005475,Ballygunge,South Kolkata,Kolkata,Premium,29-08-2024,04-08-2024,BLK_KOL_020,10,5140.24
KOL_CUST_005476,Shyambazar,North Kolkata,Kolkata,Regular,30-07-2023,05-07-2023,BLK_KOL_003,4,1049.95
KOL_CUST_005477,Shibpur,Howrah District,Kolkata,New,01-08-2024,09-07-2024,BLK_KOL_050,10,5895.4
KOL_CUST_005478,Gariahat,South Kolkata,Kolkata,Regular,22-03-2023,24-02-2023,BLK_KOL_022,14,6253.49
KOL_CUST_005479,Ultadanga,North Kolkata,Kolkata,Regular,14-03-2023,25-02-2023,BLK_KOL_005,9,3604.96
KOL_CUST_005480,Park Street,Central Kolkata,Kolkata,Regular,10-08-2024,31-07-2024,BLK_KOL_013,10,5049.07
KOL_CUST_005481,Kasba,East Kolkata,Kolkata,Regular,31-03-2024,19-03-2024,BLK_KOL_041,8,4339.03
KOL_CUST_005482,Howrah,Howrah District,Kolkata,Regular,17-05-2024,04-05-2024,BLK_KOL_046,15,7212.47
KOL_CUST_005483,Park Street,Central Kolkata,Kolkata,Regular,14-05-2023,05-05-2023,BLK_KOL_015,4,1721.3
KOL_CUST_005484,Shibpur,Howrah District,Kolkata,Regular,11-10-2023,22-09-2023,BLK_KOL_050,8,2710.54
KOL_CUST_005485,Howrah,Howrah District,Kolkata,New,01-12-2023,05-11-2023,BLK_KOL_047,11,4844.27
KOL_CUST_005486,Salt Lake,Salt Lake & New Town,Kolkata,Regular,26-09-2023,24-09-2023,BLK_KOL_029,9,3071.07
KOL_CUST_005487,B.B.D. Bagh,Central Kolkata,Kolkata,Premium,09-08-2023,04-08-2023,BLK_KOL_018,5,2085.08
KOL_CUST_005488,EM Bypass,East Kolkata,Kolkata,Regular,10-05-2024,10-04-2024,BLK_KOL_039,12,5839.37
KOL_CUST_005489,Behala,East Kolkata,Kolkata,Regular,27-11-2023,04-11-2023,BLK_KOL_045,11,5703.66
KOL_CUST_005490,Behala,East Kolkata,Kolkata,Regular,12-05-2024,10-05-2024,BLK_KOL_045,12,6536.4
KOL_CUST_005491,Gariahat,South Kolkata,Kolkata,Regular,25-04-2023,20-04-2023,BLK_KOL_023,19,8450.65
KOL_CUST_005492,Tollygunge,South Kolkata,Kolkata,Regular,01-04-2023,27-03-2023,BLK_KOL_026,9,4251.68
KOL_CUST_005493,Santragachi,Howrah District,Kolkata,Regular,12-01-2023,11-01-2023,BLK_KOL_053,14,6837
KOL_CUST_005494,Rajarhat,Salt Lake & New Town,Kolkata,Regular,17-04-2024,18-03-2024,BLK_KOL_034,10,6924.08
KOL_CUST_005495,Ballygunge,South Kolkata,Kolkata,Regular,25-03-2023,18-03-2023,BLK_KOL_019,6,3998
KOL_CUST_005496,Park Street,Central Kolkata,Kolkata,Regular,04-06-2023,29-05-2023,BLK_KOL_014,8,3983.75
KOL_CUST_005497,Shibpur,Howrah District,Kolkata,New,22-09-2023,26-08-2023,BLK_KOL_050,13,5906.4
KOL_CUST_005498,Gariahat,South Kolkata,Kolkata,Premium,03-09-2023,09-08-2023,BLK_KOL_022,10,3761.62
KOL_CUST_005499,Esplanade,Central Kolkata,Kolkata,Regular,07-08-2023,11-07-2023,BLK_KOL_010,7,5493.95
KOL_CUST_005500,Ultadanga,North Kolkata,Kolkata,Regular,06-02-2023,16-01-2023,BLK_KOL_006,5,1663.39
KOL_CUST_005501,Ultadanga,North Kolkata,Kolkata,Premium,18-04-2023,11-04-2023,BLK_KOL_005,11,3672.36
KOL_CUST_005502,Ballygunge,South Kolkata,Kolkata,New,02-10-2024,15-09-2024,BLK_KOL_021,11,4124.29
KOL_CUST_005503,Tollygunge,South Kolkata,Kolkata,Regular,12-01-2023,09-01-2023,BLK_KOL_025,9,3632.34
KOL_CUST_005504,Howrah,Howrah District,Kolkata,Regular,07-01-2024,30-12-2023,BLK_KOL_046,8,4710.34
KOL_CUST_005505,Shibpur,Howrah District,Kolkata,Regular,09-07-2024,17-06-2024,BLK_KOL_049,11,4233.4
KOL_CUST_005506,Howrah,Howrah District,Kolkata,Regular,19-10-2024,01-10-2024,BLK_KOL_046,15,4336.17
KOL_CUST_005507,EM Bypass,East Kolkata,Kolkata,Regular,03-06-2023,10-05-2023,BLK_KOL_039,11,6960.27
KOL_CUST_005508,Park Street,Central Kolkata,Kolkata,Regular,27-03-2023,09-03-2023,BLK_KOL_015,10,4447.47
KOL_CUST_005509,Behala,East Kolkata,Kolkata,Regular,21-03-2024,20-03-2024,BLK_KOL_043,10,4026.21
KOL_CUST_005510,Park Street,Central Kolkata,Kolkata,Premium,18-08-2024,29-07-2024,BLK_KOL_015,11,7314.09
KOL_CUST_005511,Shibpur,Howrah District,Kolkata,Regular,20-08-2023,15-08-2023,BLK_KOL_051,13,5817.56
KOL_CUST_005512,Santragachi,Howrah District,Kolkata,Premium,13-02-2023,24-01-2023,BLK_KOL_052,9,4611.08
KOL_CUST_005513,Behala,East Kolkata,Kolkata,New,22-09-2024,31-08-2024,BLK_KOL_043,11,4560.75
KOL_CUST_005514,Rajarhat,Salt Lake & New Town,Kolkata,Premium,09-09-2023,23-08-2023,BLK_KOL_035,8,4612.33
KOL_CUST_005515,Kasba,East Kolkata,Kolkata,Regular,04-07-2024,12-06-2024,BLK_KOL_042,9,5855.87
KOL_CUST_005516,Shyambazar,North Kolkata,Kolkata,Regular,27-11-2023,13-11-2023,BLK_KOL_003,8,4958.68
KOL_CUST_005517,Shibpur,Howrah District,Kolkata,Regular,14-11-2023,30-10-2023,BLK_KOL_050,11,3335.7
KOL_CUST_005518,Salt Lake,Salt Lake & New Town,Kolkata,Premium,05-04-2023,26-03-2023,BLK_KOL_029,21,8450.23
KOL_CUST_005519,Santragachi,Howrah District,Kolkata,Regular,21-09-2023,09-09-2023,BLK_KOL_052,12,5926.45
KOL_CUST_005520,Baghbazar,North Kolkata,Kolkata,Regular,01-01-2024,21-12-2023,BLK_KOL_008,10,3045.345
KOL_CUST_005521,Park Street,Central Kolkata,Kolkata,Premium,14-07-2024,10-07-2024,BLK_KOL_015,10,4683.04
KOL_CUST_005522,EM Bypass,East Kolkata,Kolkata,Regular,20-04-2023,01-04-2023,BLK_KOL_037,7,3900.14
KOL_CUST_005523,Kasba,East Kolkata,Kolkata,Regular,27-01-2023,16-01-2023,BLK_KOL_040,12,7281.25
KOL_CUST_005524,Salt Lake,Salt Lake & New Town,Kolkata,Regular,21-02-2023,10-02-2023,BLK_KOL_028,10,4679.69
KOL_CUST_005525,Salt Lake,Salt Lake & New Town,Kolkata,Regular,24-04-2023,03-04-2023,BLK_KOL_028,6,4064.34
KOL_CUST_005526,Baghbazar,North Kolkata,Kolkata,Regular,15-03-2023,13-03-2023,BLK_KOL_009,4,2985.19
KOL_CUST_005527,Baghbazar,North Kolkata,Kolkata,Regular,19-09-2023,04-09-2023,BLK_KOL_009,12,7564.74
KOL_CUST_005528,EM Bypass,East Kolkata,Kolkata,Regular,23-04-2024,17-04-2024,BLK_KOL_037,8,3814.79
KOL_CUST_005529,EM Bypass,East Kolkata,Kolkata,Regular,24-08-2024,01-08-2024,BLK_KOL_039,7,3613.39
KOL_CUST_005530,B.B.D. Bagh,Central Kolkata,Kolkata,Regular,14-04-2024,28-03-2024,BLK_KOL_016,8,3808.78
KOL_CUST_005531,Ballygunge,South Kolkata,Kolkata,Regular,30-10-2023,17-10-2023,BLK_KOL_021,9,4502.37
KOL_CUST_005532,Esplanade,Central Kolkata,Kolkata,Regular,15-11-2023,05-11-2023,BLK_KOL_010,15,8582.64
KOL_CUST_005533,Kasba,East Kolkata,Kolkata,Regular,21-11-2023,14-11-2023,BLK_KOL_042,7,4048.47
KOL_CUST_005534,Park Street,Central Kolkata,Kolkata,New,30-06-2023,15-06-2023,BLK_KOL_015,9,3409.98
KOL_CUST_005535,Santragachi,Howrah District,Kolkata,Regular,11-04-2024,25-03-2024,BLK_KOL_054,11,4486.34
KOL_CUST_005536,Rajarhat,Salt Lake & New Town,Kolkata,Premium,23-05-2024,09-05-2024,BLK_KOL_035,12,4921.08
KOL_CUST_005537,Shyambazar,North Kolkata,Kolkata,Premium,24-03-2023,10-03-2023,BLK_KOL_003,9,3054.86
KOL_CUST_005538,Rajarhat,Salt Lake & New Town,Kolkata,Premium,13-10-2024,03-10-2024,BLK_KOL_035,9,5579.98
KOL_CUST_005539,Howrah,Howrah District,Kolkata,Regular,19-05-2024,30-04-2024,BLK_KOL_046,14,6986.66
KOL_CUST_005540,Tollygunge,South Kolkata,Kolkata,Regular,19-04-2024,11-04-2024,BLK_KOL_025,11,4033.75
KOL_CUST_005541,Santragachi,Howrah District,Kolkata,Premium,15-06-2024,27-05-2024,BLK_KOL_052,8,3489.32
KOL_CUST_005542,New Town,Salt Lake & New Town,Kolkata,New,09-06-2023,06-06-2023,BLK_KOL_031,13,7273.43
KOL_CUST_005543,Behala,East Kolkata,Kolkata,Regular,30-06-2023,15-06-2023,BLK_KOL_044,12,3290.1
KOL_CUST_005544,Shibpur,Howrah District,Kolkata,Regular,03-10-2024,18-09-2024,BLK_KOL_049,7,2914.46
KOL_CUST_005545,Tollygunge,South Kolkata,Kolkata,Regular,26-01-2023,09-01-2023,BLK_KOL_025,8,5059.26
KOL_CUST_005546,Ballygunge,South Kolkata,Kolkata,Premium,14-05-2023,03-05-2023,BLK_KOL_020,10,3437.96
KOL_CUST_005547,Gariahat,South Kolkata,Kolkata,Regular,13-02-2023,17-01-2023,BLK_KOL_022,9,2582.6
KOL_CUST_005548,Tollygunge,South Kolkata,Kolkata,New,25-01-2023,19-01-2023,BLK_KOL_025,12,5416.92
KOL_CUST_005549,Gariahat,South Kolkata,Kolkata,Regular,06-08-2023,20-07-2023,BLK_KOL_022,9,3760.75
KOL_CUST_005550,New Town,Salt Lake & New Town,Kolkata,Premium,06-10-2023,02-10-2023,BLK_KOL_033,12,5668.17
KOL_CUST_005551,EM Bypass,East Kolkata,Kolkata,Regular,04-08-2023,01-08-2023,BLK_KOL_039,9,3765.7
KOL_CUST_005552,Santragachi,Howrah District,Kolkata,New,16-06-2023,02-06-2023,BLK_KOL_052,5,2705.37
KOL_CUST_005553,EM Bypass,East Kolkata,Kolkata,Regular,02-07-2023,30-06-2023,BLK_KOL_037,3,913.77
KOL_CUST_005554,EM Bypass,East Kolkata,Kolkata,Regular,14-07-2023,20-06-2023,BLK_KOL_038,12,5705.29
KOL_CUST_005555,Esplanade,Central Kolkata,Kolkata,Regular,11-02-2024,05-02-2024,BLK_KOL_011,9,3740.7
KOL_CUST_005556,New Town,Salt Lake & New Town,Kolkata,Regular,03-08-2023,07-07-2023,BLK_KOL_031,8,3611.55
KOL_CUST_005557,New Town,Salt Lake & New Town,Kolkata,Regular,09-10-2024,16-09-2024,BLK_KOL_033,12,5413.02
KOL_CUST_005558,Baghbazar,North Kolkata,Kolkata,Premium,23-01-2024,27-12-2023,BLK_KOL_009,11,5645.1
KOL_CUST_005559,New Town,Salt Lake & New Town,Kolkata,Regular,11-08-2023,30-07-2023,BLK_KOL_031,11,6815.05
KOL_CUST_005560,Santragachi,Howrah District,Kolkata,Premium,11-05-2023,14-04-2023,BLK_KOL_052,8,4111.58
KOL_CUST_005561,New Town,Salt Lake & New Town,Kolkata,Regular,02-12-2023,01-12-2023,BLK_KOL_033,7,2023.91
KOL_CUST_005562,New Town,Salt Lake & New Town,Kolkata,Premium,03-09-2024,17-08-2024,BLK_KOL_032,11,4259.1
KOL_CUST_005563,Shyambazar,North Kolkata,Kolkata,Regular,05-07-2023,07-06-2023,BLK_KOL_003,9,5304.81
KOL_CUST_005564,Santragachi,Howrah District,Kolkata,Regular,25-05-2023,12-05-2023,BLK_KOL_054,6,2478.04
KOL_CUST_005565,Baghbazar,North Kolkata,Kolkata,Regular,25-01-2023,06-01-2023,BLK_KOL_008,9,4402.38
KOL_CUST_005566,EM Bypass,East Kolkata,Kolkata,Premium,10-07-2024,28-06-2024,BLK_KOL_039,9,5752.14
KOL_CUST_005567,Esplanade,Central Kolkata,Kolkata,Regular,23-04-2024,04-04-2024,BLK_KOL_010,11,7536.87
KOL_CUST_005568,Behala,East Kolkata,Kolkata,Regular,25-04-2023,09-04-2023,BLK_KOL_044,12,5568.28
KOL_CUST_005569,Shyambazar,North Kolkata,Kolkata,Regular,08-01-2023,03-01-2023,BLK_KOL_003,11,6068.62
KOL_CUST_005570,Ballygunge,South Kolkata,Kolkata,New,12-10-2024,16-09-2024,BLK_KOL_019,7,3552.25
KOL_CUST_005571,Rajarhat,Salt Lake & New Town,Kolkata,Regular,12-10-2023,09-10-2023,BLK_KOL_035,10,3988.69
KOL_CUST_005572,Gariahat,South Kolkata,Kolkata,Premium,22-09-2023,15-09-2023,BLK_KOL_022,11,3944.43
KOL_CUST_005573,Rajarhat,Salt Lake & New Town,Kolkata,Premium,24-09-2023,27-08-2023,BLK_KOL_036,10,6553.6
KOL_CUST_005574,Tollygunge,South Kolkata,Kolkata,New,06-11-2023,10-10-2023,BLK_KOL_026,9,2738.34
KOL_CUST_005575,Baghbazar,North Kolkata,Kolkata,Regular,29-08-2024,12-08-2024,BLK_KOL_009,12,8147.17
KOL_CUST_005576,EM Bypass,East Kolkata,Kolkata,Regular,17-04-2023,16-04-2023,BLK_KOL_037,10,2780.44
KOL_CUST_005577,Esplanade,Central Kolkata,Kolkata,New,01-09-2023,06-08-2023,BLK_KOL_011,10,4090.38
KOL_CUST_005578,Park Street,Central Kolkata,Kolkata,New,27-04-2024,14-04-2024,BLK_KOL_013,6,4318.05
KOL_CUST_005579,Rajarhat,Salt Lake & New Town,Kolkata,Regular,07-08-2024,16-07-2024,BLK_KOL_034,10,3306.73
KOL_CUST_005580,Esplanade,Central Kolkata,Kolkata,Premium,26-04-2023,05-04-2023,BLK_KOL_011,7,3286.16
KOL_CUST_005581,Baghbazar,North Kolkata,Kolkata,New,08-03-2024,14-02-2024,BLK_KOL_008,6,4453.84
KOL_CUST_005582,Gariahat,South Kolkata,Kolkata,Premium,23-04-2024,17-04-2024,BLK_KOL_024,9,4965.38
KOL_CUST_005583,Shibpur,Howrah District,Kolkata,Regular,24-10-2024,19-10-2024,BLK_KOL_049,9,2185.905
KOL_CUST_005584,Park Street,Central Kolkata,Kolkata,Regular,10-07-2023,29-06-2023,BLK_KOL_014,6,1522.78
KOL_CUST_005585,Santragachi,Howrah District,Kolkata,Regular,15-09-2024,18-08-2024,BLK_KOL_054,17,5808.86
KOL_CUST_005586,Shyambazar,North Kolkata,Kolkata,Regular,17-07-2024,28-06-2024,BLK_KOL_002,9,5245.16
KOL_CUST_005587,Santragachi,Howrah District,Kolkata,Regular,08-07-2023,26-06-2023,BLK_KOL_053,9,2675.52
KOL_CUST_005588,Baghbazar,North Kolkata,Kolkata,Regular,07-11-2023,12-10-2023,BLK_KOL_008,6,3040.77
KOL_CUST_005589,Shibpur,Howrah District,Kolkata,Regular,15-07-2023,22-06-2023,BLK_KOL_051,9,3358.47
KOL_CUST_005590,Shyambazar,North Kolkata,Kolkata,Regular,08-05-2023,09-04-2023,BLK_KOL_003,11,5668.59
KOL_CUST_005591,Baghbazar,North Kolkata,Kolkata,New,12-09-2024,03-09-2024,BLK_KOL_008,8,3345.69
KOL_CUST_005592,Santragachi,Howrah District,Kolkata,Regular,19-05-2024,08-05-2024,BLK_KOL_052,7,3761.5
KOL_CUST_005593,Rajarhat,Salt Lake & New Town,Kolkata,Premium,10-05-2023,18-04-2023,BLK_KOL_035,9,5559.91
KOL_CUST_005594,New Town,Salt Lake & New Town,Kolkata,Premium,13-09-2024,17-08-2024,BLK_KOL_032,7,2536.45
KOL_CUST_005595,Behala,East Kolkata,Kolkata,Regular,13-05-2023,25-04-2023,BLK_KOL_044,10,4677.34
KOL_CUST_005596,Santragachi,Howrah District,Kolkata,Regular,27-06-2024,25-06-2024,BLK_KOL_053,9,5223.39
KOL_CUST_005597,Park Street,Central Kolkata,Kolkata,Premium,20-05-2024,15-05-2024,BLK_KOL_015,10,6132.3
KOL_CUST_005598,Shyambazar,North Kolkata,Kolkata,Regular,02-06-2023,05-05-2023,BLK_KOL_001,8,4903.46
KOL_CUST_005599,Behala,East Kolkata,Kolkata,Regular,01-04-2024,25-03-2024,BLK_KOL_045,9,4244.74
KOL_CUST_005600,Santragachi,Howrah District,Kolkata,Regular,09-05-2023,19-04-2023,BLK_KOL_054,8,3943.53
KOL_CUST_005601,Rajarhat,Salt Lake & New Town,Kolkata,Regular,14-10-2023,16-09-2023,BLK_KOL_035,11,5501.52
KOL_CUST_005602,Howrah,Howrah District,Kolkata,Regular,14-01-2023,29-12-2022,BLK_KOL_048,10,5194.38
KOL_CUST_005603,EM Bypass,East Kolkata,Kolkata,Regular,12-06-2024,11-06-2024,BLK_KOL_039,7,2637.07
KOL_CUST_005604,EM Bypass,East Kolkata,Kolkata,New,18-04-2023,15-04-2023,BLK_KOL_037,9,4309.46
KOL_CUST_005605,EM Bypass,East Kolkata,Kolkata,Regular,01-03-2023,28-02-2023,BLK_KOL_038,12,7257.41
KOL_CUST_005606,Salt Lake,Salt Lake & New Town,Kolkata,Regular,28-09-2023,15-09-2023,BLK_KOL_029,9,5144.12
KOL_CUST_005607,Kasba,East Kolkata,Kolkata,Premium,09-11-2023,28-10-2023,BLK_KOL_042,5,2804.47
KOL_CUST_005608,Howrah,Howrah District,Kolkata,Premium,31-05-2024,28-05-2024,BLK_KOL_047,11,7929.9
KOL_CUST_005609,Howrah,Howrah District,Kolkata,Premium,15-04-2024,10-04-2024,BLK_KOL_048,10,5290.19
KOL_CUST_005610,Tollygunge,South Kolkata,Kolkata,Regular,21-08-2023,10-08-2023,BLK_KOL_026,14,5668.815
KOL_CUST_005611,EM Bypass,East Kolkata,Kolkata,Regular,01-01-2024,08-12-2023,BLK_KOL_038,4,1908.41
KOL_CUST_005612,Salt Lake,Salt Lake & New Town,Kolkata,Regular,02-02-2024,29-01-2024,BLK_KOL_030,2,1480.85
KOL_CUST_005613,Ultadanga,North Kolkata,Kolkata,Premium,17-09-2023,05-09-2023,BLK_KOL_005,13,8551.68
KOL_CUST_005614,Gariahat,South Kolkata,Kolkata,Premium,19-10-2023,15-10-2023,BLK_KOL_022,10,6728.12
KOL_CUST_005615,Rajarhat,Salt Lake & New Town,Kolkata,Regular,09-01-2024,13-12-2023,BLK_KOL_035,7,3696.46
KOL_CUST_005616,Salt Lake,Salt Lake & New Town,Kolkata,Premium,04-05-2024,10-04-2024,BLK_KOL_030,8,6010.03
KOL_CUST_005617,Esplanade,Central Kolkata,Kolkata,New,20-10-2023,20-09-2023,BLK_KOL_012,11,6808.81
KOL_CUST_005618,Tollygunge,South Kolkata,Kolkata,Regular,25-04-2024,30-03-2024,BLK_KOL_027,10,5490.87
KOL_CUST_005619,Baghbazar,North Kolkata,Kolkata,Regular,17-11-2023,30-10-2023,BLK_KOL_009,8,4439.14
KOL_CUST_005620,Howrah,Howrah District,Kolkata,Regular,20-07-2023,24-06-2023,BLK_KOL_047,6,2753.75
KOL_CUST_005621,Behala,East Kolkata,Kolkata,Regular,03-09-2024,16-08-2024,BLK_KOL_043,7,3119.34
KOL_CUST_005622,Salt Lake,Salt Lake & New Town,Kolkata,Premium,17-09-2023,13-09-2023,BLK_KOL_029,12,5863.37
KOL_CUST_005623,Shibpur,Howrah District,Kolkata,Regular,16-10-2023,26-09-2023,BLK_KOL_050,15,7621.3
KOL_CUST_005624,Shibpur,Howrah District,Kolkata,Regular,08-10-2023,06-10-2023,BLK_KOL_051,18,7619.14
KOL_CUST_005625,EM Bypass,East Kolkata,Kolkata,Premium,26-06-2023,12-06-2023,BLK_KOL_037,9,5785.42
KOL_CUST_005626,Behala,East Kolkata,Kolkata,Regular,21-01-2023,07-01-2023,BLK_KOL_044,10,4802.78
KOL_CUST_005627,New Town,Salt Lake & New Town,Kolkata,Regular,04-04-2023,25-03-2023,BLK_KOL_032,6,2482.89
KOL_CUST_005628,Rajarhat,Salt Lake & New Town,Kolkata,Regular,01-08-2024,09-07-2024,BLK_KOL_036,10,6549.33
KOL_CUST_005629,Shibpur,Howrah District,Kolkata,Premium,14-03-2024,18-02-2024,BLK_KOL_050,11,3934.05
KOL_CUST_005630,Park Street,Central Kolkata,Kolkata,Regular,04-07-2023,29-06-2023,BLK_KOL_014,11,5498.95
KOL_CUST_005631,Ballygunge,South Kolkata,Kolkata,New,29-10-2023,12-10-2023,BLK_KOL_020,9,3276.02
KOL_CUST_005632,B.B.D. Bagh,Central Kolkata,Kolkata,Premium,16-06-2023,08-06-2023,BLK_KOL_016,9,3034.78
KOL_CUST_005633,Rajarhat,Salt Lake & New Town,Kolkata,Premium,08-03-2023,20-02-2023,BLK_KOL_034,13,4902.01
KOL_CUST_005634,Tollygunge,South Kolkata,Kolkata,Regular,04-04-2023,05-03-2023,BLK_KOL_026,19,8939.18
KOL_CUST_005635,Ultadanga,North Kolkata,Kolkata,Regular,01-03-2023,13-02-2023,BLK_KOL_005,7,2901.74
KOL_CUST_005636,Shibpur,Howrah District,Kolkata,Premium,27-09-2023,11-09-2023,BLK_KOL_051,6,2714.02
KOL_CUST_005637,Baghbazar,North Kolkata,Kolkata,Regular,20-04-2024,07-04-2024,BLK_KOL_009,10,5246.53
KOL_CUST_005638,Ballygunge,South Kolkata,Kolkata,Regular,24-09-2023,20-09-2023,BLK_KOL_019,10,4039.48
KOL_CUST_005639,Ultadanga,North Kolkata,Kolkata,Regular,04-07-2023,01-07-2023,BLK_KOL_006,9,2473.54
KOL_CUST_005640,Tollygunge,South Kolkata,Kolkata,Regular,11-01-2023,10-01-2023,BLK_KOL_026,6,2540.07
KOL_CUST_005641,Baghbazar,North Kolkata,Kolkata,Regular,09-07-2023,20-06-2023,BLK_KOL_008,13,6350.19
KOL_CUST_005642,EM Bypass,East Kolkata,Kolkata,Regular,29-06-2024,19-06-2024,BLK_KOL_039,13,5280.44
KOL_CUST_005643,Ballygunge,South Kolkata,Kolkata,Regular,01-02-2023,04-01-2023,BLK_KOL_021,5,2150.94
KOL_CUST_005644,Esplanade,Central Kolkata,Kolkata,Regular,04-07-2024,07-06-2024,BLK_KOL_011,5,1584.31
KOL_CUST_005645,Tollygunge,South Kolkata,Kolkata,Premium,18-08-2024,04-08-2024,BLK_KOL_027,10,6927.46
KOL_CUST_005646,Behala,East Kolkata,Kolkata,Regular,20-11-2023,27-10-2023,BLK_KOL_045,8,3051.93
KOL_CUST_005647,Salt Lake,Salt Lake & New Town,Kolkata,Regular,01-07-2023,15-06-2023,BLK_KOL_028,10,4783.79
KOL_CUST_005648,Santragachi,Howrah District,Kolkata,Regular,09-10-2024,18-09-2024,BLK_KOL_054,8,2687.99
KOL_CUST_005649,Shibpur,Howrah District,Kolkata,Regular,16-10-2023,30-09-2023,BLK_KOL_049,10,6079.21
KOL_CUST_005650,Ultadanga,North Kolkata,Kolkata,Premium,07-03-2024,17-02-2024,BLK_KOL_005,16,9738.67
KOL_CUST_005651,Howrah,Howrah District,Kolkata,Regular,21-04-2024,22-03-2024,BLK_KOL_048,10,4497.59
KOL_CUST_005652,Park Street,Central Kolkata,Kolkata,Regular,08-07-2023,06-07-2023,BLK_KOL_014,9,3912.04
KOL_CUST_005653,Ballygunge,South Kolkata,Kolkata,Premium,11-09-2023,03-09-2023,BLK_KOL_021,11,4064.015
KOL_CUST_005654,New Town,Salt Lake & New Town,Kolkata,New,12-11-2023,28-10-2023,BLK_KOL_031,9,3184.13
KOL_CUST_005655,Behala,East Kolkata,Kolkata,New,03-10-2023,09-09-2023,BLK_KOL_045,10,5330.75
KOL_CUST_005656,Shibpur,Howrah District,Kolkata,Regular,14-05-2023,04-05-2023,BLK_KOL_050,6,2986.63
KOL_CUST_005657,Howrah,Howrah District,Kolkata,Premium,11-04-2023,29-03-2023,BLK_KOL_046,12,4316.005
KOL_CUST_005658,Rajarhat,Salt Lake & New Town,Kolkata,Regular,01-12-2023,16-11-2023,BLK_KOL_034,7,3039.77
KOL_CUST_005659,Park Street,Central Kolkata,Kolkata,New,24-02-2023,20-02-2023,BLK_KOL_015,8,4228.68
KOL_CUST_005660,B.B.D. Bagh,Central Kolkata,Kolkata,Premium,02-10-2024,13-09-2024,BLK_KOL_017,6,3804.8
KOL_CUST_005661,Ballygunge,South Kolkata,Kolkata,Regular,14-09-2024,27-08-2024,BLK_KOL_020,8,3779.12
KOL_CUST_005662,Santragachi,Howrah District,Kolkata,Premium,13-08-2024,04-08-2024,BLK_KOL_054,11,6756.77
KOL_CUST_005663,Ballygunge,South Kolkata,Kolkata,New,23-08-2023,24-07-2023,BLK_KOL_019,14,5122.69
KOL_CUST_005664,Rajarhat,Salt Lake & New Town,Kolkata,Regular,08-08-2024,17-07-2024,BLK_KOL_034,7,3897.95
KOL_CUST_005665,EM Bypass,East Kolkata,Kolkata,Premium,13-05-2023,04-05-2023,BLK_KOL_037,6,3385.29
KOL_CUST_005666,Gariahat,South Kolkata,Kolkata,Regular,21-08-2023,22-07-2023,BLK_KOL_023,11,3292.09
KOL_CUST_005667,New Town,Salt Lake & New Town,Kolkata,Regular,14-07-2023,26-06-2023,BLK_KOL_032,9,3736.78
KOL_CUST_005668,Shibpur,Howrah District,Kolkata,Regular,09-08-2024,04-08-2024,BLK_KOL_051,13,5770.04
KOL_CUST_005669,B.B.D. Bagh,Central Kolkata,Kolkata,Regular,17-05-2023,02-05-2023,BLK_KOL_017,12,8805.31
KOL_CUST_005670,Baghbazar,North Kolkata,Kolkata,Regular,23-11-2023,31-10-2023,BLK_KOL_009,14,7535.17
KOL_CUST_005671,Gariahat,South Kolkata,Kolkata,Regular,09-05-2024,22-04-2024,BLK_KOL_022,10,3849.71
KOL_CUST_005672,Kasba,East Kolkata,Kolkata,Regular,23-10-2024,11-10-2024,BLK_KOL_041,14,6553.69
KOL_CUST_005673,Santragachi,Howrah District,Kolkata,Regular,09-07-2024,30-06-2024,BLK_KOL_053,10,4309.45
KOL_CUST_005674,Gariahat,South Kolkata,Kolkata,New,23-08-2023,16-08-2023,BLK_KOL_024,9,4564.3
KOL_CUST_005675,Kasba,East Kolkata,Kolkata,Regular,15-05-2023,29-04-2023,BLK_KOL_040,10,4607.72
KOL_CUST_005676,EM Bypass,East Kolkata,Kolkata,Regular,11-03-2023,23-02-2023,BLK_KOL_037,7,3885.215
KOL_CUST_005677,Ballygunge,South Kolkata,Kolkata,Regular,19-02-2023,12-02-2023,BLK_KOL_020,10,5611.49
KOL_CUST_005678,Salt Lake,Salt Lake & New Town,Kolkata,New,24-07-2023,21-07-2023,BLK_KOL_030,12,5161.02
KOL_CUST_005679,Gariahat,South Kolkata,Kolkata,Premium,11-10-2024,23-09-2024,BLK_KOL_023,10,3417.97
KOL_CUST_005680,Salt Lake,Salt Lake & New Town,Kolkata,New,26-03-2023,19-03-2023,BLK_KOL_029,9,2896.28
KOL_CUST_005681,Shyambazar,North Kolkata,Kolkata,Regular,07-09-2024,03-09-2024,BLK_KOL_002,6,3854.96
KOL_CUST_005682,Shyambazar,North Kolkata,Kolkata,Premium,25-10-2023,05-10-2023,BLK_KOL_003,9,3637
KOL_CUST_005683,Salt Lake,Salt Lake & New Town,Kolkata,Regular,02-12-2023,26-11-2023,BLK_KOL_028,4,1351.31
KOL_CUST_005684,Kasba,East Kolkata,Kolkata,Regular,12-09-2024,18-08-2024,BLK_KOL_040,7,3415.11
KOL_CUST_005685,Shyambazar,North Kolkata,Kolkata,New,09-03-2023,05-03-2023,BLK_KOL_001,12,4946.3
KOL_CUST_005686,EM Bypass,East Kolkata,Kolkata,Regular,08-05-2024,15-04-2024,BLK_KOL_038,8,6519.4
KOL_CUST_005687,Salt Lake,Salt Lake & New Town,Kolkata,New,19-10-2024,08-10-2024,BLK_KOL_029,15,8254.92
KOL_CUST_005688,Howrah,Howrah District,Kolkata,Regular,19-11-2023,30-10-2023,BLK_KOL_048,7,4645.1
KOL_CUST_005689,EM Bypass,East Kolkata,Kolkata,Regular,06-08-2023,31-07-2023,BLK_KOL_038,8,2696.47
KOL_CUST_005690,EM Bypass,East Kolkata,Kolkata,Regular,01-09-2023,17-08-2023,BLK_KOL_039,9,4287.34
KOL_CUST_005691,Salt Lake,Salt Lake & New Town,Kolkata,Premium,05-09-2023,19-08-2023,BLK_KOL_028,11,7333.75
KOL_CUST_005692,Behala,East Kolkata,Kolkata,New,16-05-2024,26-04-2024,BLK_KOL_045,4,3605.34
KOL_CUST_005693,Esplanade,Central Kolkata,Kolkata,Regular,05-07-2024,13-06-2024,BLK_KOL_011,11,5090.85
KOL_CUST_005694,Ballygunge,South Kolkata,Kolkata,Regular,27-03-2023,23-03-2023,BLK_KOL_019,8,2616.26
KOL_CUST_005695,New Town,Salt Lake & New Town,Kolkata,Premium,20-01-2023,05-01-2023,BLK_KOL_031,8,7082.6
KOL_CUST_005696,Ballygunge,South Kolkata,Kolkata,Regular,03-04-2024,06-03-2024,BLK_KOL_021,12,4440.1
KOL_CUST_005697,Kasba,East Kolkata,Kolkata,Regular,08-05-2023,15-04-2023,BLK_KOL_040,11,5429.47
KOL_CUST_005698,Santragachi,Howrah District,Kolkata,Premium,31-10-2023,06-10-2023,BLK_KOL_052,8,3348.33
KOL_CUST_005699,Howrah,Howrah District,Kolkata,Regular,08-06-2023,23-05-2023,BLK_KOL_048,9,5672.39
KOL_CUST_005700,Salt Lake,Salt Lake & New Town,Kolkata,New,09-04-2024,26-03-2024,BLK_KOL_028,11,4664.205
KOL_CUST_005701,Howrah,Howrah District,Kolkata,Regular,21-05-2023,05-05-2023,BLK_KOL_046,11,4984.71
KOL_CUST_005702,Howrah,Howrah District,Kolkata,Regular,28-06-2024,02-06-2024,BLK_KOL_048,10,5097.02
KOL_CUST_005703,Tollygunge,South Kolkata,Kolkata,Regular,22-09-2024,29-08-2024,BLK_KOL_025,5,3240.47
KOL_CUST_005704,Tollygunge,South Kolkata,Kolkata,New,15-05-2024,21-04-2024,BLK_KOL_026,8,4134.09
KOL_CUST_005705,Rajarhat,Salt Lake & New Town,Kolkata,Regular,02-05-2024,17-04-2024,BLK_KOL_034,8,4777.71
KOL_CUST_005706,New Town,Salt Lake & New Town,Kolkata,Regular,07-03-2024,11-02-2024,BLK_KOL_032,8,4162.07
KOL_CUST_005707,Behala,East Kolkata,Kolkata,Regular,29-01-2023,11-01-2023,BLK_KOL_045,12,8471.71
KOL_CUST_005708,Shibpur,Howrah District,Kolkata,New,10-06-2024,20-05-2024,BLK_KOL_051,7,2739.64
KOL_CUST_005709,New Town,Salt Lake & New Town,Kolkata,Regular,01-05-2024,04-04-2024,BLK_KOL_033,13,6490.18
KOL_CUST_005710,Santragachi,Howrah District,Kolkata,Regular,17-01-2024,01-01-2024,BLK_KOL_053,7,4546.98
KOL_CUST_005711,Rajarhat,Salt Lake & New Town,Kolkata,Premium,14-08-2023,27-07-2023,BLK_KOL_035,10,6317.5
KOL_CUST_005712,EM Bypass,East Kolkata,Kolkata,Regular,29-08-2023,25-08-2023,BLK_KOL_037,6,3084.71
KOL_CUST_005713,EM Bypass,East Kolkata,Kolkata,Premium,09-03-2023,07-02-2023,BLK_KOL_037,11,4359.96
KOL_CUST_005714,Shyambazar,North Kolkata,Kolkata,Regular,12-04-2023,17-03-2023,BLK_KOL_002,13,6965.55
KOL_CUST_005715,Baghbazar,North Kolkata,Kolkata,Regular,19-05-2023,23-04-2023,BLK_KOL_008,9,2894.64
KOL_CUST_005716,Tollygunge,South Kolkata,Kolkata,Premium,09-06-2024,14-05-2024,BLK_KOL_027,7,2712.47
KOL_CUST_005717,Park Street,Central Kolkata,Kolkata,Regular,13-03-2023,23-02-2023,BLK_KOL_014,13,4607.62
KOL_CUST_005718,Kasba,East Kolkata,Kolkata,New,06-07-2023,21-06-2023,BLK_KOL_041,7,3319.05
KOL_CUST_005719,Kasba,East Kolkata,Kolkata,New,15-05-2023,21-04-2023,BLK_KOL_040,10,3237
KOL_CUST_005720,Ballygunge,South Kolkata,Kolkata,New,10-03-2024,03-03-2024,BLK_KOL_020,9,2908.12
KOL_CUST_005721,Howrah,Howrah District,Kolkata,Regular,14-06-2023,19-05-2023,BLK_KOL_046,9,3039.04
KOL_CUST_005722,Salt Lake,Salt Lake & New Town,Kolkata,Premium,05-02-2024,02-02-2024,BLK_KOL_029,5,2297.46
KOL_CUST_005723,Howrah,Howrah District,Kolkata,Regular,30-03-2023,26-03-2023,BLK_KOL_046,6,3140.95
KOL_CUST_005724,New Town,Salt Lake & New Town,Kolkata,New,02-07-2023,23-06-2023,BLK_KOL_033,9,5668.55
KOL_CUST_005725,Behala,East Kolkata,Kolkata,Regular,12-01-2023,26-12-2022,BLK_KOL_043,3,1767.16
KOL_CUST_005726,Gariahat,South Kolkata,Kolkata,Regular,12-01-2024,03-01-2024,BLK_KOL_024,9,3422.33
KOL_CUST_005727,New Town,Salt Lake & New Town,Kolkata,Regular,01-01-2023,09-12-2022,BLK_KOL_033,12,5075.93
KOL_CUST_005728,Shibpur,Howrah District,Kolkata,Premium,11-06-2023,16-05-2023,BLK_KOL_049,12,6834.61
KOL_CUST_005729,B.B.D. Bagh,Central Kolkata,Kolkata,Regular,29-08-2023,28-08-2023,BLK_KOL_018,9,4273
KOL_CUST_005730,Shibpur,Howrah District,Kolkata,Regular,25-04-2023,23-04-2023,BLK_KOL_050,6,2847.38
KOL_CUST_005731,Santragachi,Howrah District,Kolkata,New,02-03-2024,11-02-2024,BLK_KOL_052,8,4658.36
KOL_CUST_005732,EM Bypass,East Kolkata,Kolkata,Regular,21-04-2024,16-04-2024,BLK_KOL_038,6,2837.66
KOL_CUST_005733,Behala,East Kolkata,Kolkata,Regular,30-01-2023,13-01-2023,BLK_KOL_045,11,5205
KOL_CUST_005734,Esplanade,Central Kolkata,Kolkata,New,16-04-2024,08-04-2024,BLK_KOL_011,12,6360.29
KOL_CUST_005735,Shibpur,Howrah District,Kolkata,New,14-06-2023,28-05-2023,BLK_KOL_051,5,2070.56
KOL_CUST_005736,Shyambazar,North Kolkata,Kolkata,Regular,30-10-2023,09-10-2023,BLK_KOL_001,8,4583.79
KOL_CUST_005737,EM Bypass,East Kolkata,Kolkata,Premium,05-07-2024,04-07-2024,BLK_KOL_037,5,1890.52
KOL_CUST_005738,Tollygunge,South Kolkata,Kolkata,New,14-11-2023,28-10-2023,BLK_KOL_027,9,4417.02
KOL_CUST_005739,Santragachi,Howrah District,Kolkata,Regular,03-06-2024,10-05-2024,BLK_KOL_052,9,2903.73
KOL_CUST_005740,Ballygunge,South Kolkata,Kolkata,Regular,26-04-2024,30-03-2024,BLK_KOL_021,7,3111.4
KOL_CUST_005741,Behala,East Kolkata,Kolkata,Regular,17-06-2023,25-05-2023,BLK_KOL_043,7,3440.92
KOL_CUST_005742,Salt Lake,Salt Lake & New Town,Kolkata,Regular,07-03-2024,19-02-2024,BLK_KOL_029,13,4548.08
KOL_CUST_005743,Shyambazar,North Kolkata,Kolkata,Regular,15-04-2023,19-03-2023,BLK_KOL_002,10,4851.13
KOL_CUST_005744,EM Bypass,East Kolkata,Kolkata,Regular,11-05-2024,08-05-2024,BLK_KOL_039,9,5315.66
KOL_CUST_005745,Shibpur,Howrah District,Kolkata,Regular,17-01-2023,08-01-2023,BLK_KOL_051,5,3429.41
KOL_CUST_005746,Tollygunge,South Kolkata,Kolkata,Regular,09-10-2024,20-09-2024,BLK_KOL_025,9,3856.965
KOL_CUST_005747,Ballygunge,South Kolkata,Kolkata,New,29-08-2023,27-08-2023,BLK_KOL_019,6,3225.27
KOL_CUST_005748,Rajarhat,Salt Lake & New Town,Kolkata,Premium,10-06-2023,21-05-2023,BLK_KOL_034,5,2661.05
KOL_CUST_005749,Ultadanga,North Kolkata,Kolkata,Premium,31-05-2023,04-05-2023,BLK_KOL_005,4,1179.38
KOL_CUST_005750,Ultadanga,North Kolkata,Kolkata,Regular,24-07-2024,16-07-2024,BLK_KOL_005,12,4290.77
KOL_CUST_005751,B.B.D. Bagh,Central Kolkata,Kolkata,Regular,02-07-2024,19-06-2024,BLK_KOL_017,10,5710.81
KOL_CUST_005752,Shyambazar,North Kolkata,Kolkata,Regular,16-01-2024,26-12-2023,BLK_KOL_002,11,6001.62
KOL_CUST_005753,Rajarhat,Salt Lake & New Town,Kolkata,Regular,02-11-2023,11-10-2023,BLK_KOL_036,7,2494.39
KOL_CUST_005754,B.B.D. Bagh,Central Kolkata,Kolkata,New,19-09-2023,29-08-2023,BLK_KOL_018,10,3986.66
KOL_CUST_005755,Ballygunge,South Kolkata,Kolkata,Premium,18-06-2023,08-06-2023,BLK_KOL_019,11,2447.26
KOL_CUST_005756,Baghbazar,North Kolkata,Kolkata,Premium,29-09-2024,27-09-2024,BLK_KOL_008,5,2351.42
KOL_CUST_005757,EM Bypass,East Kolkata,Kolkata,Regular,05-03-2024,03-03-2024,BLK_KOL_037,6,2526.85
KOL_CUST_005758,Esplanade,Central Kolkata,Kolkata,Regular,17-01-2024,18-12-2023,BLK_KOL_012,10,4880.49
KOL_CUST_005759,Rajarhat,Salt Lake & New Town,Kolkata,Regular,08-07-2023,01-07-2023,BLK_KOL_034,4,1301.72
KOL_CUST_005760,Rajarhat,Salt Lake & New Town,Kolkata,Regular,29-03-2023,28-02-2023,BLK_KOL_034,9,4472.52
KOL_CUST_005761,Shibpur,Howrah District,Kolkata,Regular,17-03-2024,23-02-2024,BLK_KOL_049,15,7115.95
KOL_CUST_005762,New Town,Salt Lake & New Town,Kolkata,Regular,10-10-2023,07-10-2023,BLK_KOL_031,10,4590.1
KOL_CUST_005763,Howrah,Howrah District,Kolkata,Regular,28-08-2023,31-07-2023,BLK_KOL_048,9,3256.97
KOL_CUST_005764,Tollygunge,South Kolkata,Kolkata,Regular,27-10-2024,23-10-2024,BLK_KOL_027,12,6693.99
KOL_CUST_005765,B.B.D. Bagh,Central Kolkata,Kolkata,Regular,05-07-2024,13-06-2024,BLK_KOL_018,6,3912.97
KOL_CUST_005766,Shibpur,Howrah District,Kolkata,Regular,10-02-2024,30-01-2024,BLK_KOL_049,14,5667.76
KOL_CUST_005767,Gariahat,South Kolkata,Kolkata,Premium,15-03-2023,01-03-2023,BLK_KOL_024,10,4150.805
KOL_CUST_005768,New Town,Salt Lake & New Town,Kolkata,Regular,14-05-2024,29-04-2024,BLK_KOL_032,7,4765.71
KOL_CUST_005769,New Town,Salt Lake & New Town,Kolkata,Regular,05-07-2023,25-06-2023,BLK_KOL_032,8,3428.67
KOL_CUST_005770,Esplanade,Central Kolkata,Kolkata,Regular,15-06-2024,29-05-2024,BLK_KOL_010,9,3620.23
KOL_CUST_005771,Tollygunge,South Kolkata,Kolkata,Premium,07-07-2023,07-06-2023,BLK_KOL_027,12,5586.25
KOL_CUST_005772,Behala,East Kolkata,Kolkata,Regular,30-07-2024,18-07-2024,BLK_KOL_044,4,2977.55
KOL_CUST_005773,Rajarhat,Salt Lake & New Town,Kolkata,Regular,17-04-2024,06-04-2024,BLK_KOL_035,6,3090.06
KOL_CUST_005774,Baghbazar,North Kolkata,Kolkata,Regular,16-09-2024,11-09-2024,BLK_KOL_009,3,2017.41
KOL_CUST_005775,Behala,East Kolkata,Kolkata,Regular,17-06-2023,23-05-2023,BLK_KOL_044,9,3843.33
KOL_CUST_005776,Howrah,Howrah District,Kolkata,Regular,19-05-2024,21-04-2024,BLK_KOL_046,6,2521.79
KOL_CUST_005777,Salt Lake,Salt Lake & New Town,Kolkata,Premium,01-03-2024,13-02-2024,BLK_KOL_030,10,8425.08
KOL_CUST_005778,Salt Lake,Salt Lake & New Town,Kolkata,Regular,07-05-2024,21-04-2024,BLK_KOL_029,8,4717.17
KOL_CUST_005779,Shyambazar,North Kolkata,Kolkata,New,10-07-2023,11-06-2023,BLK_KOL_003,2,1744.87
KOL_CUST_005780,Salt Lake,Salt Lake & New Town,Kolkata,Regular,27-06-2023,03-06-2023,BLK_KOL_030,10,5338.12
KOL_CUST_005781,Tollygunge,South Kolkata,Kolkata,Regular,24-02-2024,19-02-2024,BLK_KOL_025,6,2992.12
KOL_CUST_005782,New Town,Salt Lake & New Town,Kolkata,Premium,07-09-2024,27-08-2024,BLK_KOL_033,7,2183.79
KOL_CUST_005783,Gariahat,South Kolkata,Kolkata,New,17-11-2023,23-10-2023,BLK_KOL_023,10,8555.92
KOL_CUST_005784,Behala,East Kolkata,Kolkata,Regular,22-11-2023,18-11-2023,BLK_KOL_044,12,7908.88
KOL_CUST_005785,Park Street,Central Kolkata,Kolkata,Regular,30-03-2023,23-03-2023,BLK_KOL_013,7,2899.27
KOL_CUST_005786,Salt Lake,Salt Lake & New Town,Kolkata,Regular,27-02-2024,20-02-2024,BLK_KOL_029,4,1646.88
KOL_CUST_005787,Howrah,Howrah District,Kolkata,Premium,26-01-2024,16-01-2024,BLK_KOL_048,5,2588.73
KOL_CUST_005788,New Town,Salt Lake & New Town,Kolkata,Regular,07-07-2023,17-06-2023,BLK_KOL_031,7,3372.3
KOL_CUST_005789,Rajarhat,Salt Lake & New Town,Kolkata,New,05-04-2024,22-03-2024,BLK_KOL_034,8,5291.11
KOL_CUST_005790,Ballygunge,South Kolkata,Kolkata,Regular,30-03-2023,02-03-2023,BLK_KOL_020,11,5655.4
KOL_CUST_005791,Kasba,East Kolkata,Kolkata,Regular,19-02-2023,30-01-2023,BLK_KOL_042,3,1794.7
KOL_CUST_005792,Shyambazar,North Kolkata,Kolkata,Premium,08-02-2023,22-01-2023,BLK_KOL_003,5,2312.91
KOL_CUST_005793,Ultadanga,North Kolkata,Kolkata,Regular,23-10-2023,11-10-2023,BLK_KOL_006,5,3811.01
KOL_CUST_005794,Howrah,Howrah District,Kolkata,Premium,12-09-2023,20-08-2023,BLK_KOL_048,15,6933.58
KOL_CUST_005795,Gariahat,South Kolkata,Kolkata,Regular,21-02-2023,19-02-2023,BLK_KOL_024,16,9221.17
KOL_CUST_005796,Gariahat,South Kolkata,Kolkata,Premium,03-08-2024,15-07-2024,BLK_KOL_023,9,5593.27
KOL_CUST_005797,Shibpur,Howrah District,Kolkata,Regular,06-10-2024,14-09-2024,BLK_KOL_051,11,5340.73
KOL_CUST_005798,Baghbazar,North Kolkata,Kolkata,Regular,26-05-2023,08-05-2023,BLK_KOL_008,10,3292.47
KOL_CUST_005799,Baghbazar,North Kolkata,Kolkata,Regular,27-05-2023,21-05-2023,BLK_KOL_007,11,5271.18
KOL_CUST_005800,EM Bypass,East Kolkata,Kolkata,Regular,16-11-2023,09-11-2023,BLK_KOL_039,7,4823.68
KOL_CUST_005801,Gariahat,South Kolkata,Kolkata,Regular,19-10-2024,03-10-2024,BLK_KOL_023,5,3190.4
KOL_CUST_005802,B.B.D. Bagh,Central Kolkata,Kolkata,Regular,30-04-2024,09-04-2024,BLK_KOL_017,4,1177.75
KOL_CUST_005803,B.B.D. Bagh,Central Kolkata,Kolkata,Regular,02-02-2024,13-01-2024,BLK_KOL_017,11,3100.17
KOL_CUST_005804,Salt Lake,Salt Lake & New Town,Kolkata,Regular,16-04-2023,22-03-2023,BLK_KOL_030,10,5661.83
KOL_CUST_005805,Behala,East Kolkata,Kolkata,Regular,28-07-2023,19-07-2023,BLK_KOL_045,7,2518.55
KOL_CUST_005806,Park Street,Central Kolkata,Kolkata,Regular,05-10-2024,18-09-2024,BLK_KOL_015,3,1641.57
KOL_CUST_005807,B.B.D. Bagh,Central Kolkata,Kolkata,Regular,09-05-2023,23-04-2023,BLK_KOL_017,9,4266.32
KOL_CUST_005808,Kasba,East Kolkata,Kolkata,Regular,17-11-2023,27-10-2023,BLK_KOL_041,7,3302.66
KOL_CUST_005809,B.B.D. Bagh,Central Kolkata,Kolkata,Regular,10-08-2024,26-07-2024,BLK_KOL_017,8,3701.79
KOL_CUST_005810,New Town,Salt Lake & New Town,Kolkata,Regular,24-02-2023,28-01-2023,BLK_KOL_031,9,5153.57
KOL_CUST_005811,Tollygunge,South Kolkata,Kolkata,Regular,27-03-2024,10-03-2024,BLK_KOL_026,9,3214.82
KOL_CUST_005812,Baghbazar,North Kolkata,Kolkata,Regular,24-07-2023,04-07-2023,BLK_KOL_007,5,2362.52
KOL_CUST_005813,New Town,Salt Lake & New Town,Kolkata,Regular,18-06-2023,04-06-2023,BLK_KOL_031,9,4930.82
KOL_CUST_005814,Park Street,Central Kolkata,Kolkata,Premium,13-07-2023,08-07-2023,BLK_KOL_014,9,5079.18
KOL_CUST_005815,Shyambazar,North Kolkata,Kolkata,Regular,16-10-2024,07-10-2024,BLK_KOL_003,11,6912.01
KOL_CUST_005816,EM Bypass,East Kolkata,Kolkata,Premium,12-03-2023,11-02-2023,BLK_KOL_037,5,1841.29
KOL_CUST_005817,Santragachi,Howrah District,Kolkata,Regular,22-09-2023,27-08-2023,BLK_KOL_053,10,5236.67
KOL_CUST_005818,Park Street,Central Kolkata,Kolkata,Regular,19-02-2023,13-02-2023,BLK_KOL_014,9,6638.36
KOL_CUST_005819,Gariahat,South Kolkata,Kolkata,Regular,07-08-2023,20-07-2023,BLK_KOL_023,6,4190.82
KOL_CUST_005820,Ultadanga,North Kolkata,Kolkata,Regular,02-02-2024,19-01-2024,BLK_KOL_006,6,3321.37
KOL_CUST_005821,Salt Lake,Salt Lake & New Town,Kolkata,New,23-09-2024,07-09-2024,BLK_KOL_028,17,10195.91
KOL_CUST_005822,Ultadanga,North Kolkata,Kolkata,Regular,17-06-2024,04-06-2024,BLK_KOL_006,7,3479.6
KOL_CUST_005823,New Town,Salt Lake & New Town,Kolkata,Regular,18-08-2024,28-07-2024,BLK_KOL_033,9,4664.37
KOL_CUST_005824,Rajarhat,Salt Lake & New Town,Kolkata,Regular,23-08-2024,05-08-2024,BLK_KOL_034,9,4391.47
KOL_CUST_005825,Ultadanga,North Kolkata,Kolkata,Premium,21-06-2024,28-05-2024,BLK_KOL_005,11,3907.9
KOL_CUST_005826,EM Bypass,East Kolkata,Kolkata,Regular,02-09-2024,24-08-2024,BLK_KOL_037,8,4379.16
KOL_CUST_005827,Tollygunge,South Kolkata,Kolkata,New,04-05-2023,28-04-2023,BLK_KOL_027,10,4552.98
KOL_CUST_005828,Rajarhat,Salt Lake & New Town,Kolkata,New,25-07-2023,13-07-2023,BLK_KOL_034,8,2704.73
KOL_CUST_005829,Tollygunge,South Kolkata,Kolkata,Premium,31-03-2024,21-03-2024,BLK_KOL_025,8,2276.605
KOL_CUST_005830,Shibpur,Howrah District,Kolkata,Regular,27-07-2023,23-07-2023,BLK_KOL_049,9,5029.56
KOL_CUST_005831,Park Street,Central Kolkata,Kolkata,Premium,19-06-2023,31-05-2023,BLK_KOL_013,8,3172.56
KOL_CUST_005832,Shibpur,Howrah District,Kolkata,Regular,21-11-2023,07-11-2023,BLK_KOL_050,9,4548.01
KOL_CUST_005833,Esplanade,Central Kolkata,Kolkata,New,23-06-2023,05-06-2023,BLK_KOL_010,9,3699.38
KOL_CUST_005834,Santragachi,Howrah District,Kolkata,New,21-07-2023,21-06-2023,BLK_KOL_052,13,5736.28
KOL_CUST_005835,B.B.D. Bagh,Central Kolkata,Kolkata,New,13-09-2024,28-08-2024,BLK_KOL_016,9,2746.76
KOL_CUST_005836,Kasba,East Kolkata,Kolkata,Premium,14-04-2024,29-03-2024,BLK_KOL_041,13,6889.72
KOL_CUST_005837,Ultadanga,North Kolkata,Kolkata,Regular,06-03-2024,17-02-2024,BLK_KOL_005,8,1955.08
KOL_CUST_005838,EM Bypass,East Kolkata,Kolkata,Regular,19-03-2023,16-03-2023,BLK_KOL_037,6,3275.32
KOL_CUST_005839,Howrah,Howrah District,Kolkata,Premium,30-05-2023,10-05-2023,BLK_KOL_048,10,4130.96
KOL_CUST_005840,Tollygunge,South Kolkata,Kolkata,Regular,01-01-2023,02-12-2022,BLK_KOL_027,7,3571.55
KOL_CUST_005841,Kasba,East Kolkata,Kolkata,Premium,30-01-2023,02-01-2023,BLK_KOL_042,11,4149.99
KOL_CUST_005842,Shyambazar,North Kolkata,Kolkata,Regular,28-06-2024,14-06-2024,BLK_KOL_001,8,2970.035
KOL_CUST_005843,Esplanade,Central Kolkata,Kolkata,Regular,20-04-2024,03-04-2024,BLK_KOL_012,9,4155.25
KOL_CUST_005844,Ultadanga,North Kolkata,Kolkata,Regular,29-11-2023,13-11-2023,BLK_KOL_005,10,5555.48
KOL_CUST_005845,Rajarhat,Salt Lake & New Town,Kolkata,Regular,12-11-2023,11-11-2023,BLK_KOL_034,7,3766.21
KOL_CUST_005846,Park Street,Central Kolkata,Kolkata,Premium,12-03-2024,23-02-2024,BLK_KOL_014,8,3725.84
KOL_CUST_005847,Salt Lake,Salt Lake & New Town,Kolkata,Regular,22-08-2023,18-08-2023,BLK_KOL_029,12,5068.89
KOL_CUST_005848,Behala,East Kolkata,Kolkata,Premium,14-09-2023,06-09-2023,BLK_KOL_044,10,3377.91
KOL_CUST_005849,Park Street,Central Kolkata,Kolkata,Regular,28-07-2023,22-07-2023,BLK_KOL_014,12,7803.3
KOL_CUST_005850,Kasba,East Kolkata,Kolkata,Premium,10-11-2023,03-11-2023,BLK_KOL_041,8,4613.44
KOL_CUST_005851,Kasba,East Kolkata,Kolkata,Regular,22-06-2024,08-06-2024,BLK_KOL_041,11,5908.76
KOL_CUST_005852,Tollygunge,South Kolkata,Kolkata,Regular,16-06-2023,02-06-2023,BLK_KOL_027,3,1197.86
KOL_CUST_005853,Park Street,Central Kolkata,Kolkata,Regular,03-05-2024,04-04-2024,BLK_KOL_015,11,4236.28
KOL_CUST_005854,Ultadanga,North Kolkata,Kolkata,Premium,25-06-2023,24-06-2023,BLK_KOL_004,9,3988.05
KOL_CUST_005855,Rajarhat,Salt Lake & New Town,Kolkata,Regular,11-08-2024,09-08-2024,BLK_KOL_035,6,2219.46
KOL_CUST_005856,Shyambazar,North Kolkata,Kolkata,Regular,25-10-2023,19-10-2023,BLK_KOL_001,5,1834.11
KOL_CUST_005857,Shibpur,Howrah District,Kolkata,Regular,20-05-2023,27-04-2023,BLK_KOL_050,11,3360.05
KOL_CUST_005858,B.B.D. Bagh,Central Kolkata,Kolkata,Regular,05-07-2024,28-06-2024,BLK_KOL_017,5,1683.18
KOL_CUST_005859,Gariahat,South Kolkata,Kolkata,Premium,28-04-2024,31-03-2024,BLK_KOL_022,10,5605
KOL_CUST_005860,Shibpur,Howrah District,Kolkata,Regular,07-02-2023,04-02-2023,BLK_KOL_050,7,1944.2
KOL_CUST_005861,Kasba,East Kolkata,Kolkata,New,04-11-2023,16-10-2023,BLK_KOL_040,3,1291.61
KOL_CUST_005862,Park Street,Central Kolkata,Kolkata,Regular,27-09-2024,22-09-2024,BLK_KOL_015,1,249.65
KOL_CUST_005863,EM Bypass,East Kolkata,Kolkata,Regular,30-07-2024,04-07-2024,BLK_KOL_039,6,3469.14
KOL_CUST_005864,New Town,Salt Lake & New Town,Kolkata,Premium,20-10-2024,26-09-2024,BLK_KOL_032,5,2212.63
KOL_CUST_005865,Baghbazar,North Kolkata,Kolkata,Regular,03-02-2024,24-01-2024,BLK_KOL_009,7,4348.04
KOL_CUST_005866,Ultadanga,North Kolkata,Kolkata,Premium,20-02-2024,12-02-2024,BLK_KOL_005,16,7045.33
KOL_CUST_005867,EM Bypass,East Kolkata,Kolkata,Regular,06-05-2024,22-04-2024,BLK_KOL_037,7,2832.59
KOL_CUST_005868,Gariahat,South Kolkata,Kolkata,Regular,31-03-2023,19-03-2023,BLK_KOL_023,14,8782.53
KOL_CUST_005869,Ballygunge,South Kolkata,Kolkata,Premium,05-11-2023,09-10-2023,BLK_KOL_021,16,8789.85
KOL_CUST_005870,Salt Lake,Salt Lake & New Town,Kolkata,Regular,21-07-2023,21-06-2023,BLK_KOL_028,8,4789.78
KOL_CUST_005871,Park Street,Central Kolkata,Kolkata,Premium,10-04-2023,17-03-2023,BLK_KOL_013,13,6640.38
KOL_CUST_005872,Ultadanga,North Kolkata,Kolkata,Regular,30-08-2023,07-08-2023,BLK_KOL_004,18,10469.22
KOL_CUST_005873,B.B.D. Bagh,Central Kolkata,Kolkata,New,10-08-2023,11-07-2023,BLK_KOL_016,6,2123.87
KOL_CUST_005874,Howrah,Howrah District,Kolkata,Regular,08-01-2023,21-12-2022,BLK_KOL_046,12,4166.59
KOL_CUST_005875,Shibpur,Howrah District,Kolkata,Regular,23-05-2023,11-05-2023,BLK_KOL_049,11,5301.17
KOL_CUST_005876,Esplanade,Central Kolkata,Kolkata,New,03-08-2023,09-07-2023,BLK_KOL_010,6,1981.68
KOL_CUST_005877,Shyambazar,North Kolkata,Kolkata,New,05-02-2024,14-01-2024,BLK_KOL_001,5,2804.23
KOL_CUST_005878,Rajarhat,Salt Lake & New Town,Kolkata,Regular,12-02-2024,23-01-2024,BLK_KOL_035,10,7128.46
KOL_CUST_005879,Ballygunge,South Kolkata,Kolkata,Premium,03-01-2023,15-12-2022,BLK_KOL_021,6,2982.84
KOL_CUST_005880,EM Bypass,East Kolkata,Kolkata,Premium,22-03-2023,02-03-2023,BLK_KOL_038,9,3576.2
KOL_CUST_005881,Tollygunge,South Kolkata,Kolkata,Regular,23-01-2024,31-12-2023,BLK_KOL_025,9,4953.17
KOL_CUST_005882,Salt Lake,Salt Lake & New Town,Kolkata,Regular,30-06-2024,06-06-2024,BLK_KOL_030,12,5324.28
KOL_CUST_005883,Ballygunge,South Kolkata,Kolkata,Regular,07-07-2024,15-06-2024,BLK_KOL_020,13,4364.71
KOL_CUST_005884,EM Bypass,East Kolkata,Kolkata,Regular,04-01-2024,22-12-2023,BLK_KOL_039,8,2510.47
KOL_CUST_005885,Shyambazar,North Kolkata,Kolkata,Regular,05-01-2023,31-12-2022,BLK_KOL_002,13,7398.32
KOL_CUST_005886,B.B.D. Bagh,Central Kolkata,Kolkata,Regular,08-02-2023,02-02-2023,BLK_KOL_016,7,3887.99
KOL_CUST_005887,Park Street,Central Kolkata,Kolkata,Regular,15-07-2024,18-06-2024,BLK_KOL_015,9,2448.59
KOL_CUST_005888,Esplanade,Central Kolkata,Kolkata,New,15-03-2023,14-03-2023,BLK_KOL_012,13,7054.03
KOL_CUST_005889,Shyambazar,North Kolkata,Kolkata,Regular,22-04-2024,21-04-2024,BLK_KOL_001,9,4276.72
KOL_CUST_005890,Baghbazar,North Kolkata,Kolkata,Premium,13-02-2023,26-01-2023,BLK_KOL_007,9,2496.08
KOL_CUST_005891,Behala,East Kolkata,Kolkata,New,24-08-2023,08-08-2023,BLK_KOL_045,12,5390.17
KOL_CUST_005892,B.B.D. Bagh,Central Kolkata,Kolkata,New,09-06-2023,14-05-2023,BLK_KOL_017,6,3550.96
KOL_CUST_005893,Shibpur,Howrah District,Kolkata,New,26-03-2023,28-02-2023,BLK_KOL_051,13,6608.09
KOL_CUST_005894,Tollygunge,South Kolkata,Kolkata,Premium,25-08-2024,12-08-2024,BLK_KOL_026,8,3848.58
KOL_CUST_005895,Esplanade,Central Kolkata,Kolkata,Regular,14-06-2023,24-05-2023,BLK_KOL_010,7,4443.09
KOL_CUST_005896,EM Bypass,East Kolkata,Kolkata,New,18-11-2023,03-11-2023,BLK_KOL_039,12,5130.02
KOL_CUST_005897,New Town,Salt Lake & New Town,Kolkata,Regular,04-07-2024,08-06-2024,BLK_KOL_032,5,5273.61
KOL_CUST_005898,Esplanade,Central Kolkata,Kolkata,Premium,26-03-2024,14-03-2024,BLK_KOL_011,7,3027.58
KOL_CUST_005899,Esplanade,Central Kolkata,Kolkata,Regular,07-07-2024,09-06-2024,BLK_KOL_011,8,3986.71
KOL_CUST_005900,Behala,East Kolkata,Kolkata,Regular,28-09-2024,08-09-2024,BLK_KOL_045,12,4991.01
KOL_CUST_005901,Ultadanga,North Kolkata,Kolkata,Premium,03-06-2023,19-05-2023,BLK_KOL_005,9,6033.94
KOL_CUST_005902,Shibpur,Howrah District,Kolkata,Premium,04-04-2023,17-03-2023,BLK_KOL_051,7,2706.16
KOL_CUST_005903,Park Street,Central Kolkata,Kolkata,Regular,07-09-2024,29-08-2024,BLK_KOL_013,10,4572.92
KOL_CUST_005904,Salt Lake,Salt Lake & New Town,Kolkata,Regular,26-01-2023,29-12-2022,BLK_KOL_028,11,5304.56
KOL_CUST_005905,New Town,Salt Lake & New Town,Kolkata,Regular,06-06-2024,29-05-2024,BLK_KOL_033,12,3893.09
KOL_CUST_005906,Howrah,Howrah District,Kolkata,Regular,31-03-2024,06-03-2024,BLK_KOL_047,8,2302.735
KOL_CUST_005907,Baghbazar,North Kolkata,Kolkata,Regular,01-02-2024,03-01-2024,BLK_KOL_007,5,2614.06
KOL_CUST_005908,Esplanade,Central Kolkata,Kolkata,Premium,26-03-2023,23-03-2023,BLK_KOL_012,12,6551.82
KOL_CUST_005909,Ballygunge,South Kolkata,Kolkata,Regular,02-08-2023,26-07-2023,BLK_KOL_020,13,6439.27
KOL_CUST_005910,Gariahat,South Kolkata,Kolkata,Regular,01-09-2024,30-08-2024,BLK_KOL_023,14,8991.25
KOL_CUST_005911,EM Bypass,East Kolkata,Kolkata,Regular,14-03-2023,18-02-2023,BLK_KOL_037,9,5216.35
KOL_CUST_005912,Rajarhat,Salt Lake & New Town,Kolkata,Regular,17-06-2023,11-06-2023,BLK_KOL_036,6,3340.84
KOL_CUST_005913,B.B.D. Bagh,Central Kolkata,Kolkata,Regular,30-01-2023,05-01-2023,BLK_KOL_017,13,6691.19
KOL_CUST_005914,Howrah,Howrah District,Kolkata,Premium,19-03-2023,13-03-2023,BLK_KOL_047,10,4153.29
KOL_CUST_005915,EM Bypass,East Kolkata,Kolkata,Premium,04-02-2023,11-01-2023,BLK_KOL_038,10,5911.1
KOL_CUST_005916,Behala,East Kolkata,Kolkata,Regular,09-09-2023,04-09-2023,BLK_KOL_043,14,7174.87
KOL_CUST_005917,Baghbazar,North Kolkata,Kolkata,Regular,11-04-2023,31-03-2023,BLK_KOL_008,13,7727.69
KOL_CUST_005918,Shyambazar,North Kolkata,Kolkata,Regular,17-10-2024,25-09-2024,BLK_KOL_001,14,7335.05
KOL_CUST_005919,Behala,East Kolkata,Kolkata,Regular,07-01-2023,27-12-2022,BLK_KOL_043,9,3883.01
KOL_CUST_005920,Howrah,Howrah District,Kolkata,Regular,10-09-2024,16-08-2024,BLK_KOL_046,10,4821.2
KOL_CUST_005921,Baghbazar,North Kolkata,Kolkata,Premium,20-08-2023,15-08-2023,BLK_KOL_008,5,2398.61
KOL_CUST_005922,Ballygunge,South Kolkata,Kolkata,Regular,22-06-2023,14-06-2023,BLK_KOL_020,7,3032.16
KOL_CUST_005923,Baghbazar,North Kolkata,Kolkata,Regular,16-06-2023,14-06-2023,BLK_KOL_009,6,3081.38
KOL_CUST_005924,Park Street,Central Kolkata,Kolkata,Premium,23-08-2024,03-08-2024,BLK_KOL_013,6,3514.82
KOL_CUST_005925,Ultadanga,North Kolkata,Kolkata,Regular,06-04-2024,14-03-2024,BLK_KOL_006,8,3989.84
KOL_CUST_005926,Behala,East Kolkata,Kolkata,Premium,01-08-2024,12-07-2024,BLK_KOL_043,14,3325.41
KOL_CUST_005927,Ballygunge,South Kolkata,Kolkata,Regular,08-05-2023,09-04-2023,BLK_KOL_019,10,4510.51
KOL_CUST_005928,Behala,East Kolkata,Kolkata,Regular,23-09-2024,12-09-2024,BLK_KOL_044,11,4347.49
KOL_CUST_005929,Tollygunge,South Kolkata,Kolkata,Regular,09-02-2023,31-01-2023,BLK_KOL_025,10,2789.76
KOL_CUST_005930,Esplanade,Central Kolkata,Kolkata,Premium,29-10-2023,24-10-2023,BLK_KOL_011,8,5104.66
KOL_CUST_005931,Howrah,Howrah District,Kolkata,Regular,26-08-2023,30-07-2023,BLK_KOL_047,7,4069.39
KOL_CUST_005932,Esplanade,Central Kolkata,Kolkata,Premium,01-01-2024,15-12-2023,BLK_KOL_012,8,4251.72
KOL_CUST_005933,Shibpur,Howrah District,Kolkata,Regular,09-01-2023,20-12-2022,BLK_KOL_049,3,660.22
KOL_CUST_005934,Esplanade,Central Kolkata,Kolkata,Regular,14-09-2023,17-08-2023,BLK_KOL_012,11,8071.76
KOL_CUST_005935,Gariahat,South Kolkata,Kolkata,Regular,21-06-2023,11-06-2023,BLK_KOL_024,16,8304.49
KOL_CUST_005936,Baghbazar,North Kolkata,Kolkata,Regular,19-06-2023,17-06-2023,BLK_KOL_007,12,6187.41
KOL_CUST_005937,Salt Lake,Salt Lake & New Town,Kolkata,Premium,14-05-2023,11-05-2023,BLK_KOL_028,13,7235.27
KOL_CUST_005938,Kasba,East Kolkata,Kolkata,Regular,11-09-2023,01-09-2023,BLK_KOL_040,12,5405.46
KOL_CUST_005939,New Town,Salt Lake & New Town,Kolkata,Regular,25-05-2024,19-05-2024,BLK_KOL_032,9,4822.82
KOL_CUST_005940,B.B.D. Bagh,Central Kolkata,Kolkata,Regular,28-04-2024,19-04-2024,BLK_KOL_017,13,6183.11
KOL_CUST_005941,B.B.D. Bagh,Central Kolkata,Kolkata,Regular,28-07-2023,27-07-2023,BLK_KOL_017,6,2522.18
KOL_CUST_005942,Baghbazar,North Kolkata,Kolkata,Regular,06-05-2024,28-04-2024,BLK_KOL_007,10,5819.93
KOL_CUST_005943,EM Bypass,East Kolkata,Kolkata,Regular,23-06-2024,14-06-2024,BLK_KOL_037,13,8494.45
KOL_CUST_005944,Ultadanga,North Kolkata,Kolkata,Regular,26-01-2024,31-12-2023,BLK_KOL_006,8,3269.68
KOL_CUST_005945,Shibpur,Howrah District,Kolkata,Premium,09-02-2024,21-01-2024,BLK_KOL_051,10,6583.55
KOL_CUST_005946,Rajarhat,Salt Lake & New Town,Kolkata,Regular,27-08-2023,24-08-2023,BLK_KOL_035,7,3105.27
KOL_CUST_005947,Baghbazar,North Kolkata,Kolkata,New,01-01-2024,26-12-2023,BLK_KOL_007,9,2682.68
KOL_CUST_005948,Esplanade,Central Kolkata,Kolkata,Premium,12-05-2023,25-04-2023,BLK_KOL_012,5,1981.58
KOL_CUST_005949,New Town,Salt Lake & New Town,Kolkata,Regular,20-10-2023,20-09-2023,BLK_KOL_033,11,4710.88
KOL_CUST_005950,Esplanade,Central Kolkata,Kolkata,Regular,24-08-2023,12-08-2023,BLK_KOL_010,10,4892.78
KOL_CUST_005951,Shyambazar,North Kolkata,Kolkata,New,11-06-2023,22-05-2023,BLK_KOL_002,11,4633.39
KOL_CUST_005952,Baghbazar,North Kolkata,Kolkata,Regular,26-04-2023,28-03-2023,BLK_KOL_007,9,4319.93
KOL_CUST_005953,Esplanade,Central Kolkata,Kolkata,Premium,23-01-2023,11-01-2023,BLK_KOL_010,16,8763.12
KOL_CUST_005954,Santragachi,Howrah District,Kolkata,Regular,02-11-2023,27-10-2023,BLK_KOL_052,13,5367.155
KOL_CUST_005955,Salt Lake,Salt Lake & New Town,Kolkata,Premium,06-09-2023,18-08-2023,BLK_KOL_030,5,3254.07
KOL_CUST_005956,Esplanade,Central Kolkata,Kolkata,Regular,22-03-2024,21-02-2024,BLK_KOL_010,7,4498.09
KOL_CUST_005957,Shibpur,Howrah District,Kolkata,Regular,07-10-2023,12-09-2023,BLK_KOL_050,7,1844.89
KOL_CUST_005958,Shibpur,Howrah District,Kolkata,New,22-07-2024,03-07-2024,BLK_KOL_050,14,7752.26
KOL_CUST_005959,Esplanade,Central Kolkata,Kolkata,Regular,07-09-2023,02-09-2023,BLK_KOL_011,4,2181.13
KOL_CUST_005960,Esplanade,Central Kolkata,Kolkata,Premium,16-01-2024,06-01-2024,BLK_KOL_011,6,2370.23
KOL_CUST_005961,Park Street,Central Kolkata,Kolkata,Regular,18-03-2023,23-02-2023,BLK_KOL_013,8,6459.28
KOL_CUST_005962,Shibpur,Howrah District,Kolkata,Regular,11-03-2023,27-02-2023,BLK_KOL_051,5,1942.18
KOL_CUST_005963,Santragachi,Howrah District,Kolkata,Premium,28-02-2023,22-02-2023,BLK_KOL_052,10,3331.14
KOL_CUST_005964,Esplanade,Central Kolkata,Kolkata,Regular,19-05-2023,27-04-2023,BLK_KOL_012,6,2987.51
KOL_CUST_005965,Esplanade,Central Kolkata,Kolkata,New,08-06-2024,16-05-2024,BLK_KOL_011,8,4541.15
KOL_CUST_005966,Esplanade,Central Kolkata,Kolkata,Premium,09-06-2024,04-06-2024,BLK_KOL_011,7,2958.64
KOL_CUST_005967,Santragachi,Howrah District,Kolkata,Premium,18-02-2024,16-02-2024,BLK_KOL_052,9,4565.65
KOL_CUST_005968,Park Street,Central Kolkata,Kolkata,Regular,02-06-2023,04-05-2023,BLK_KOL_015,9,2701.34
KOL_CUST_005969,B.B.D. Bagh,Central Kolkata,Kolkata,Regular,30-04-2024,12-04-2024,BLK_KOL_016,9,4629.75
KOL_CUST_005970,Shyambazar,North Kolkata,Kolkata,New,16-03-2024,16-02-2024,BLK_KOL_003,8,2814.94
KOL_CUST_005971,Tollygunge,South Kolkata,Kolkata,Regular,15-05-2023,12-05-2023,BLK_KOL_027,6,3082.45
KOL_CUST_005972,B.B.D. Bagh,Central Kolkata,Kolkata,Regular,22-09-2023,23-08-2023,BLK_KOL_018,5,3203.84
KOL_CUST_005973,Tollygunge,South Kolkata,Kolkata,Regular,03-03-2023,05-02-2023,BLK_KOL_027,9,4564.04
KOL_CUST_005974,Behala,East Kolkata,Kolkata,Regular,17-11-2023,12-11-2023,BLK_KOL_043,9,5347.69
KOL_CUST_005975,Ballygunge,South Kolkata,Kolkata,Regular,01-10-2024,08-09-2024,BLK_KOL_020,9,4537.49
KOL_CUST_005976,Kasba,East Kolkata,Kolkata,Regular,28-08-2024,10-08-2024,BLK_KOL_040,10,4838.62
KOL_CUST_005977,Howrah,Howrah District,Kolkata,Premium,25-09-2023,10-09-2023,BLK_KOL_048,15,5373.79
KOL_CUST_005978,B.B.D. Bagh,Central Kolkata,Kolkata,Premium,27-01-2024,31-12-2023,BLK_KOL_017,16,5868.795
KOL_CUST_005979,Ultadanga,North Kolkata,Kolkata,New,08-07-2024,07-07-2024,BLK_KOL_006,10,5114.28
KOL_CUST_005980,Howrah,Howrah District,Kolkata,Regular,15-03-2024,29-02-2024,BLK_KOL_046,9,4206.59
KOL_CUST_005981,Park Street,Central Kolkata,Kolkata,Regular,31-08-2023,21-08-2023,BLK_KOL_014,8,4455.16
KOL_CUST_005982,Kasba,East Kolkata,Kolkata,Regular,29-09-2024,22-09-2024,BLK_KOL_040,5,1448.86
KOL_CUST_005983,Howrah,Howrah District,Kolkata,Regular,10-08-2024,16-07-2024,BLK_KOL_047,11,7564.48
KOL_CUST_005984,Gariahat,South Kolkata,Kolkata,Regular,22-06-2023,14-06-2023,BLK_KOL_023,4,3588.4
KOL_CUST_005985,Esplanade,Central Kolkata,Kolkata,Regular,27-03-2024,10-03-2024,BLK_KOL_012,10,5653.01
KOL_CUST_005986,EM Bypass,East Kolkata,Kolkata,Regular,26-03-2024,11-03-2024,BLK_KOL_038,7,3188.5
KOL_CUST_005987,Kasba,East Kolkata,Kolkata,New,02-04-2023,09-03-2023,BLK_KOL_042,5,1221.99
KOL_CUST_005988,Tollygunge,South Kolkata,Kolkata,Regular,06-08-2023,07-07-2023,BLK_KOL_027,7,3696.15
KOL_CUST_005989,Gariahat,South Kolkata,Kolkata,Regular,22-01-2023,03-01-2023,BLK_KOL_022,15,5821.97
KOL_CUST_005990,Baghbazar,North Kolkata,Kolkata,Regular,23-10-2024,01-10-2024,BLK_KOL_007,9,2854.2
KOL_CUST_005991,Ballygunge,South Kolkata,Kolkata,Regular,26-06-2023,02-06-2023,BLK_KOL_021,10,5958.56
KOL_CUST_005992,Shyambazar,North Kolkata,Kolkata,Regular,02-01-2024,21-12-2023,BLK_KOL_001,6,2286.3
KOL_CUST_005993,Santragachi,Howrah District,Kolkata,Regular,03-07-2023,11-06-2023,BLK_KOL_053,11,6220.93
KOL_CUST_005994,EM Bypass,East Kolkata,Kolkata,Regular,08-06-2023,22-05-2023,BLK_KOL_039,5,1351.69
KOL_CUST_005995,Kasba,East Kolkata,Kolkata,Regular,27-10-2023,27-09-2023,BLK_KOL_041,5,3464.02
KOL_CUST_005996,New Town,Salt Lake & New Town,Kolkata,Premium,02-07-2024,07-06-2024,BLK_KOL_031,9,5544.1
KOL_CUST_005997,Santragachi,Howrah District,Kolkata,Regular,02-06-2023,27-05-2023,BLK_KOL_052,14,6263.55
KOL_CUST_005998,Rajarhat,Salt Lake & New Town,Kolkata,Premium,13-06-2023,17-05-2023,BLK_KOL_036,5,1773.58
KOL_CUST_005999,Ballygunge,South Kolkata,Kolkata,Regular,16-06-2024,04-06-2024,BLK_KOL_020,9,3112.48
KOL_CUST_006000,Kasba,East Kolkata,Kolkata,Premium,04-06-2023,11-05-2023,BLK_KOL_040,12,9416.5
KOL_CUST_006001,Esplanade,Central Kolkata,Kolkata,Regular,06-05-2023,25-04-2023,BLK_KOL_012,8,3568.92
KOL_CUST_006002,Gariahat,South Kolkata,Kolkata,Regular,07-08-2024,13-07-2024,BLK_KOL_022,10,5189.54
KOL_CUST_006003,Shyambazar,North Kolkata,Kolkata,Regular,20-06-2024,11-06-2024,BLK_KOL_002,4,1058.05
KOL_CUST_006004,Gariahat,South Kolkata,Kolkata,Premium,21-09-2023,12-09-2023,BLK_KOL_022,14,5595.65
KOL_CUST_006005,Howrah,Howrah District,Kolkata,New,26-08-2024,24-08-2024,BLK_KOL_048,9,5875.2
KOL_CUST_006006,Ballygunge,South Kolkata,Kolkata,Regular,29-03-2024,02-03-2024,BLK_KOL_021,10,4636.68
KOL_CUST_006007,Park Street,Central Kolkata,Kolkata,Premium,21-04-2023,26-03-2023,BLK_KOL_015,12,3522.71
KOL_CUST_006008,Gariahat,South Kolkata,Kolkata,Regular,28-06-2023,04-06-2023,BLK_KOL_023,7,4107.845
KOL_CUST_006009,New Town,Salt Lake & New Town,Kolkata,Premium,02-03-2024,25-02-2024,BLK_KOL_032,4,3133.3
KOL_CUST_006010,New Town,Salt Lake & New Town,Kolkata,Regular,04-08-2024,07-07-2024,BLK_KOL_032,16,5627.26
KOL_CUST_006011,Ballygunge,South Kolkata,Kolkata,Regular,29-06-2023,22-06-2023,BLK_KOL_019,14,7045.69
KOL_CUST_006012,Esplanade,Central Kolkata,Kolkata,Regular,30-09-2024,24-09-2024,BLK_KOL_012,8,2793.52
KOL_CUST_006013,Ultadanga,North Kolkata,Kolkata,Regular,20-06-2024,01-06-2024,BLK_KOL_005,10,5070.54
KOL_CUST_006014,Shyambazar,North Kolkata,Kolkata,Premium,05-03-2023,07-02-2023,BLK_KOL_003,6,2956.86
KOL_CUST_006015,Kasba,East Kolkata,Kolkata,Regular,26-05-2023,04-05-2023,BLK_KOL_040,6,2483.28
KOL_CUST_006016,Ultadanga,North Kolkata,Kolkata,Premium,21-03-2023,18-03-2023,BLK_KOL_004,8,3398.27
KOL_CUST_006017,Shyambazar,North Kolkata,Kolkata,Premium,17-04-2023,31-03-2023,BLK_KOL_003,8,1358.01
KOL_CUST_006018,Kasba,East Kolkata,Kolkata,Regular,12-01-2023,25-12-2022,BLK_KOL_042,7,3511.72
KOL_CUST_006019,Ballygunge,South Kolkata,Kolkata,Regular,31-10-2023,11-10-2023,BLK_KOL_019,5,2908.35
KOL_CUST_006020,Shyambazar,North Kolkata,Kolkata,New,28-09-2023,19-09-2023,BLK_KOL_002,14,5442.25
KOL_CUST_006021,Salt Lake,Salt Lake & New Town,Kolkata,Regular,10-05-2024,03-05-2024,BLK_KOL_029,6,2643.48
KOL_CUST_006022,Park Street,Central Kolkata,Kolkata,Regular,06-05-2023,08-04-2023,BLK_KOL_014,5,3178.46
KOL_CUST_006023,Shyambazar,North Kolkata,Kolkata,Premium,14-05-2023,13-05-2023,BLK_KOL_002,1,339.04
KOL_CUST_006024,Esplanade,Central Kolkata,Kolkata,Regular,04-08-2023,24-07-2023,BLK_KOL_011,5,3172.98
KOL_CUST_006025,Behala,East Kolkata,Kolkata,Premium,25-09-2023,09-09-2023,BLK_KOL_044,8,3776.8
KOL_CUST_006026,Park Street,Central Kolkata,Kolkata,Regular,06-03-2024,15-02-2024,BLK_KOL_015,12,6445.21
KOL_CUST_006027,Kasba,East Kolkata,Kolkata,Premium,25-08-2024,22-08-2024,BLK_KOL_041,14,8258.85
KOL_CUST_006028,Baghbazar,North Kolkata,Kolkata,New,13-10-2024,25-09-2024,BLK_KOL_008,6,1666.21
KOL_CUST_006029,Santragachi,Howrah District,Kolkata,Regular,20-08-2024,04-08-2024,BLK_KOL_053,12,8087.19
KOL_CUST_006030,Rajarhat,Salt Lake & New Town,Kolkata,Regular,21-04-2024,06-04-2024,BLK_KOL_034,14,5633.56
KOL_CUST_006031,Park Street,Central Kolkata,Kolkata,Premium,01-10-2024,12-09-2024,BLK_KOL_014,5,1248.26
KOL_CUST_006032,Behala,East Kolkata,Kolkata,Premium,23-03-2024,06-03-2024,BLK_KOL_045,9,3141.68
KOL_CUST_006033,Ultadanga,North Kolkata,Kolkata,Regular,04-10-2023,23-09-2023,BLK_KOL_005,12,6165.71
KOL_CUST_006034,Shibpur,Howrah District,Kolkata,Regular,16-03-2023,13-03-2023,BLK_KOL_049,10,5356.97
KOL_CUST_006035,Behala,East Kolkata,Kolkata,Regular,24-04-2024,06-04-2024,BLK_KOL_044,11,4488
KOL_CUST_006036,Shyambazar,North Kolkata,Kolkata,Regular,09-02-2023,15-01-2023,BLK_KOL_002,11,7296.35
KOL_CUST_006037,Ultadanga,North Kolkata,Kolkata,Regular,12-01-2023,31-12-2022,BLK_KOL_005,8,3801.66
KOL_CUST_006038,New Town,Salt Lake & New Town,Kolkata,Premium,19-01-2023,31-12-2022,BLK_KOL_032,14,4053.89
KOL_CUST_006039,Santragachi,Howrah District,Kolkata,Regular,02-05-2024,08-04-2024,BLK_KOL_054,6,3046.81
KOL_CUST_006040,Rajarhat,Salt Lake & New Town,Kolkata,Regular,05-06-2024,11-05-2024,BLK_KOL_036,8,4067.045
KOL_CUST_006041,B.B.D. Bagh,Central Kolkata,Kolkata,Regular,17-02-2023,16-02-2023,BLK_KOL_017,10,7328.4
KOL_CUST_006042,Gariahat,South Kolkata,Kolkata,New,01-05-2023,30-04-2023,BLK_KOL_023,15,5024.47
KOL_CUST_006043,Ultadanga,North Kolkata,Kolkata,Regular,08-02-2024,01-02-2024,BLK_KOL_005,4,1583.37
KOL_CUST_006044,Tollygunge,South Kolkata,Kolkata,Regular,08-06-2023,18-05-2023,BLK_KOL_026,5,1877.83
KOL_CUST_006045,New Town,Salt Lake & New Town,Kolkata,Regular,12-06-2024,13-05-2024,BLK_KOL_031,10,4755.53
KOL_CUST_006046,Ultadanga,North Kolkata,Kolkata,Regular,13-03-2023,19-02-2023,BLK_KOL_006,10,3427.36
KOL_CUST_006047,Behala,East Kolkata,Kolkata,New,14-09-2024,27-08-2024,BLK_KOL_043,9,4366.04
KOL_CUST_006048,B.B.D. Bagh,Central Kolkata,Kolkata,New,10-03-2024,13-02-2024,BLK_KOL_018,7,1601.11
KOL_CUST_006049,Ultadanga,North Kolkata,Kolkata,Regular,21-08-2024,30-07-2024,BLK_KOL_006,16,8846.8
KOL_CUST_006050,Tollygunge,South Kolkata,Kolkata,Regular,20-01-2023,26-12-2022,BLK_KOL_027,4,2235.73
KOL_CUST_006051,Esplanade,Central Kolkata,Kolkata,Regular,31-05-2024,08-05-2024,BLK_KOL_010,12,5998.21
KOL_CUST_006052,Howrah,Howrah District,Kolkata,New,25-11-2023,16-11-2023,BLK_KOL_046,6,2193.15
KOL_CUST_006053,Shyambazar,North Kolkata,Kolkata,Regular,08-06-2024,25-05-2024,BLK_KOL_001,7,3383.72
KOL_CUST_006054,Shibpur,Howrah District,Kolkata,Premium,16-07-2023,02-07-2023,BLK_KOL_050,12,4264.14
KOL_CUST_006055,Salt Lake,Salt Lake & New Town,Kolkata,Premium,23-03-2023,14-03-2023,BLK_KOL_030,5,2611.71
KOL_CUST_006056,Kasba,East Kolkata,Kolkata,Regular,05-10-2023,01-10-2023,BLK_KOL_041,3,1571.12
KOL_CUST_006057,Behala,East Kolkata,Kolkata,Regular,28-04-2024,17-04-2024,BLK_KOL_043,11,7437.27
KOL_CUST_006058,Ultadanga,North Kolkata,Kolkata,Regular,30-05-2024,05-05-2024,BLK_KOL_006,15,4103.92
KOL_CUST_006059,Gariahat,South Kolkata,Kolkata,Regular,24-05-2023,29-04-2023,BLK_KOL_022,14,8284.39
KOL_CUST_006060,Howrah,Howrah District,Kolkata,Regular,11-05-2024,15-04-2024,BLK_KOL_047,7,2954.26
KOL_CUST_006061,Ballygunge,South Kolkata,Kolkata,Regular,30-01-2024,22-01-2024,BLK_KOL_019,10,3379.47
KOL_CUST_006062,Esplanade,Central Kolkata,Kolkata,Regular,14-08-2024,16-07-2024,BLK_KOL_012,5,2762.76
KOL_CUST_006063,Park Street,Central Kolkata,Kolkata,Premium,12-02-2023,28-01-2023,BLK_KOL_014,9,4895.72
KOL_CUST_006064,Shibpur,Howrah District,Kolkata,Premium,26-08-2023,09-08-2023,BLK_KOL_050,7,1019.65
KOL_CUST_006065,Salt Lake,Salt Lake & New Town,Kolkata,Premium,29-07-2023,20-07-2023,BLK_KOL_029,13,5063.5
KOL_CUST_006066,EM Bypass,East Kolkata,Kolkata,Regular,19-02-2024,15-02-2024,BLK_KOL_038,7,2326.58
KOL_CUST_006067,Rajarhat,Salt Lake & New Town,Kolkata,Premium,03-04-2023,26-03-2023,BLK_KOL_035,13,5746.49
KOL_CUST_006068,Behala,East Kolkata,Kolkata,Regular,14-09-2023,01-09-2023,BLK_KOL_045,9,5239.13
KOL_CUST_006069,Howrah,Howrah District,Kolkata,Regular,16-06-2023,11-06-2023,BLK_KOL_046,10,5582.91
KOL_CUST_006070,Park Street,Central Kolkata,Kolkata,Regular,26-10-2023,17-10-2023,BLK_KOL_015,6,2095.5
KOL_CUST_006071,Baghbazar,North Kolkata,Kolkata,Regular,19-11-2023,18-11-2023,BLK_KOL_007,8,4454.21
KOL_CUST_006072,Howrah,Howrah District,Kolkata,Regular,11-05-2023,04-05-2023,BLK_KOL_048,9,4086.24
KOL_CUST_006073,Ultadanga,North Kolkata,Kolkata,Premium,28-09-2023,06-09-2023,BLK_KOL_006,15,7774.23
KOL_CUST_006074,B.B.D. Bagh,Central Kolkata,Kolkata,Regular,05-08-2024,21-07-2024,BLK_KOL_016,5,2678.74
KOL_CUST_006075,Gariahat,South Kolkata,Kolkata,Regular,06-07-2024,18-06-2024,BLK_KOL_022,9,3340.47
KOL_CUST_006076,Park Street,Central Kolkata,Kolkata,Premium,29-04-2023,02-04-2023,BLK_KOL_015,6,2408.56
KOL_CUST_006077,New Town,Salt Lake & New Town,Kolkata,Regular,19-10-2024,09-10-2024,BLK_KOL_032,18,7365.59
KOL_CUST_006078,Park Street,Central Kolkata,Kolkata,Regular,20-10-2023,22-09-2023,BLK_KOL_014,7,3513.12
KOL_CUST_006079,New Town,Salt Lake & New Town,Kolkata,Regular,23-06-2023,18-06-2023,BLK_KOL_031,10,6191.51
KOL_CUST_006080,Park Street,Central Kolkata,Kolkata,Premium,07-07-2024,03-07-2024,BLK_KOL_013,10,2651.82
KOL_CUST_006081,Salt Lake,Salt Lake & New Town,Kolkata,Regular,03-04-2024,29-03-2024,BLK_KOL_029,9,3649.97
KOL_CUST_006082,Santragachi,Howrah District,Kolkata,Regular,07-08-2023,21-07-2023,BLK_KOL_054,7,1696.5
KOL_CUST_006083,Ballygunge,South Kolkata,Kolkata,New,19-06-2024,13-06-2024,BLK_KOL_019,11,4908.82
KOL_CUST_006084,Shyambazar,North Kolkata,Kolkata,Regular,24-03-2023,24-02-2023,BLK_KOL_003,12,6580.125
KOL_CUST_006085,Shibpur,Howrah District,Kolkata,Regular,14-01-2023,19-12-2022,BLK_KOL_051,7,3474.18
KOL_CUST_006086,Tollygunge,South Kolkata,Kolkata,New,30-05-2024,18-05-2024,BLK_KOL_026,7,2198.055
KOL_CUST_006087,Howrah,Howrah District,Kolkata,Regular,30-03-2023,05-03-2023,BLK_KOL_046,3,2037.53
KOL_CUST_006088,EM Bypass,East Kolkata,Kolkata,Regular,05-02-2023,26-01-2023,BLK_KOL_038,8,3576.76
KOL_CUST_006089,Ultadanga,North Kolkata,Kolkata,Regular,28-11-2023,10-11-2023,BLK_KOL_006,8,2834.33
KOL_CUST_006090,Park Street,Central Kolkata,Kolkata,Regular,26-02-2023,02-02-2023,BLK_KOL_014,8,3206.16
KOL_CUST_006091,Rajarhat,Salt Lake & New Town,Kolkata,Regular,16-04-2024,28-03-2024,BLK_KOL_035,1,1025.98
KOL_CUST_006092,Santragachi,Howrah District,Kolkata,New,03-01-2023,13-12-2022,BLK_KOL_052,8,3084.52
KOL_CUST_006093,Shyambazar,North Kolkata,Kolkata,Premium,22-09-2023,24-08-2023,BLK_KOL_001,12,6182.56
KOL_CUST_006094,Shyambazar,North Kolkata,Kolkata,Regular,01-06-2023,20-05-2023,BLK_KOL_003,8,4574.32
KOL_CUST_006095,Kasba,East Kolkata,Kolkata,Premium,24-04-2023,28-03-2023,BLK_KOL_041,8,4114.81
KOL_CUST_006096,Gariahat,South Kolkata,Kolkata,Regular,13-01-2023,29-12-2022,BLK_KOL_024,8,5223.49
KOL_CUST_006097,Park Street,Central Kolkata,Kolkata,Regular,24-09-2023,26-08-2023,BLK_KOL_015,12,6981.22
KOL_CUST_006098,Howrah,Howrah District,Kolkata,Regular,30-09-2023,05-09-2023,BLK_KOL_046,11,3415.32
KOL_CUST_006099,Park Street,Central Kolkata,Kolkata,Regular,04-01-2023,11-12-2022,BLK_KOL_015,6,4475.84
KOL_CUST_006100,Salt Lake,Salt Lake & New Town,Kolkata,Regular,12-01-2023,13-12-2022,BLK_KOL_029,9,6857.7
KOL_CUST_006101,Tollygunge,South Kolkata,Kolkata,Regular,23-08-2024,11-08-2024,BLK_KOL_025,10,2788.8
KOL_CUST_006102,Gariahat,South Kolkata,Kolkata,Regular,22-03-2023,13-03-2023,BLK_KOL_024,12,5069.47
KOL_CUST_006103,Tollygunge,South Kolkata,Kolkata,Regular,29-06-2023,05-06-2023,BLK_KOL_027,14,9225.74
KOL_CUST_006104,Rajarhat,Salt Lake & New Town,Kolkata,New,16-09-2024,10-09-2024,BLK_KOL_036,9,4753.61
KOL_CUST_006105,Ballygunge,South Kolkata,Kolkata,Regular,09-09-2024,30-08-2024,BLK_KOL_019,10,3620.79
KOL_CUST_006106,Park Street,Central Kolkata,Kolkata,Regular,09-10-2023,04-10-2023,BLK_KOL_014,8,4990.4
KOL_CUST_006107,Tollygunge,South Kolkata,Kolkata,Regular,23-03-2024,16-03-2024,BLK_KOL_025,8,2351.94
KOL_CUST_006108,Park Street,Central Kolkata,Kolkata,Regular,11-10-2023,11-09-2023,BLK_KOL_015,7,1928.89
KOL_CUST_006109,Shyambazar,North Kolkata,Kolkata,New,21-05-2024,12-05-2024,BLK_KOL_001,8,3837.38
KOL_CUST_006110,EM Bypass,East Kolkata,Kolkata,Premium,29-05-2023,23-05-2023,BLK_KOL_037,8,4577.97
KOL_CUST_006111,Gariahat,South Kolkata,Kolkata,New,01-10-2023,19-09-2023,BLK_KOL_023,6,2072.34
KOL_CUST_006112,Park Street,Central Kolkata,Kolkata,Regular,08-03-2024,17-02-2024,BLK_KOL_013,10,3920.58
KOL_CUST_006113,Howrah,Howrah District,Kolkata,Regular,29-05-2024,18-05-2024,BLK_KOL_048,12,3714.7
KOL_CUST_006114,B.B.D. Bagh,Central Kolkata,Kolkata,New,26-09-2024,21-09-2024,BLK_KOL_016,7,2619.5
KOL_CUST_006115,Kasba,East Kolkata,Kolkata,Premium,16-07-2023,26-06-2023,BLK_KOL_041,10,4950.81
KOL_CUST_006116,Tollygunge,South Kolkata,Kolkata,Regular,07-08-2023,09-07-2023,BLK_KOL_027,7,2302.49
KOL_CUST_006117,Park Street,Central Kolkata,Kolkata,New,23-09-2024,03-09-2024,BLK_KOL_014,9,5639.2
KOL_CUST_006118,B.B.D. Bagh,Central Kolkata,Kolkata,Premium,09-06-2023,08-06-2023,BLK_KOL_018,6,2318.69
KOL_CUST_006119,Shyambazar,North Kolkata,Kolkata,Premium,09-09-2023,02-09-2023,BLK_KOL_002,14,8053.35
KOL_CUST_006120,Tollygunge,South Kolkata,Kolkata,Regular,24-09-2024,26-08-2024,BLK_KOL_027,8,3429.61
KOL_CUST_006121,EM Bypass,East Kolkata,Kolkata,Regular,24-06-2024,08-06-2024,BLK_KOL_038,8,2072.5
KOL_CUST_006122,Rajarhat,Salt Lake & New Town,Kolkata,New,06-10-2023,24-09-2023,BLK_KOL_034,10,2848.8
KOL_CUST_006123,Santragachi,Howrah District,Kolkata,Premium,25-08-2023,10-08-2023,BLK_KOL_054,13,3181.45
KOL_CUST_006124,Rajarhat,Salt Lake & New Town,Kolkata,Regular,18-01-2023,10-01-2023,BLK_KOL_035,7,4289.41
KOL_CUST_006125,Gariahat,South Kolkata,Kolkata,Regular,27-09-2023,20-09-2023,BLK_KOL_023,11,7531.83
KOL_CUST_006126,Tollygunge,South Kolkata,Kolkata,Regular,08-06-2024,06-06-2024,BLK_KOL_025,11,5245.08
KOL_CUST_006127,B.B.D. Bagh,Central Kolkata,Kolkata,Regular,20-08-2024,08-08-2024,BLK_KOL_016,10,4970.52
KOL_CUST_006128,Shyambazar,North Kolkata,Kolkata,Regular,06-05-2023,05-05-2023,BLK_KOL_001,7,2930.34
KOL_CUST_006129,Ultadanga,North Kolkata,Kolkata,Premium,05-09-2023,15-08-2023,BLK_KOL_006,8,3748.72
KOL_CUST_006130,Baghbazar,North Kolkata,Kolkata,Regular,03-03-2024,04-02-2024,BLK_KOL_009,5,2225.74
KOL_CUST_006131,Tollygunge,South Kolkata,Kolkata,Regular,30-07-2023,09-07-2023,BLK_KOL_027,13,5766.56
KOL_CUST_006132,Kasba,East Kolkata,Kolkata,Regular,08-03-2024,05-03-2024,BLK_KOL_042,8,3916.05
KOL_CUST_006133,Shibpur,Howrah District,Kolkata,Premium,28-06-2024,16-06-2024,BLK_KOL_051,10,5099.36
KOL_CUST_006134,Shyambazar,North Kolkata,Kolkata,Premium,24-08-2023,25-07-2023,BLK_KOL_001,7,3857.26
KOL_CUST_006135,Santragachi,Howrah District,Kolkata,New,24-04-2023,26-03-2023,BLK_KOL_052,8,4877.36
KOL_CUST_006136,Baghbazar,North Kolkata,Kolkata,Premium,26-11-2023,31-10-2023,BLK_KOL_008,13,4245.3
KOL_CUST_006137,Esplanade,Central Kolkata,Kolkata,Premium,13-01-2024,27-12-2023,BLK_KOL_010,9,4070.09
KOL_CUST_006138,Kasba,East Kolkata,Kolkata,Regular,07-06-2023,12-05-2023,BLK_KOL_041,14,5070.23
KOL_CUST_006139,New Town,Salt Lake & New Town,Kolkata,New,22-06-2024,21-06-2024,BLK_KOL_032,14,4661.02
KOL_CUST_006140,Esplanade,Central Kolkata,Kolkata,Regular,10-11-2023,14-10-2023,BLK_KOL_011,14,7698.37
KOL_CUST_006141,B.B.D. Bagh,Central Kolkata,Kolkata,Regular,19-07-2024,09-07-2024,BLK_KOL_017,12,6349.53
KOL_CUST_006142,Park Street,Central Kolkata,Kolkata,Regular,21-03-2023,10-03-2023,BLK_KOL_015,4,737.16
KOL_CUST_006143,Esplanade,Central Kolkata,Kolkata,Premium,25-09-2023,30-08-2023,BLK_KOL_011,9,4375.1
KOL_CUST_006144,Gariahat,South Kolkata,Kolkata,Regular,18-05-2024,07-05-2024,BLK_KOL_024,6,2988.85
KOL_CUST_006145,Tollygunge,South Kolkata,Kolkata,Premium,15-03-2024,15-02-2024,BLK_KOL_025,6,1823.53
KOL_CUST_006146,Ballygunge,South Kolkata,Kolkata,New,13-04-2024,15-03-2024,BLK_KOL_019,19,6778.33
KOL_CUST_006147,Kasba,East Kolkata,Kolkata,Regular,12-07-2024,10-07-2024,BLK_KOL_041,13,6841.63
KOL_CUST_006148,Santragachi,Howrah District,Kolkata,Regular,02-08-2024,09-07-2024,BLK_KOL_052,18,9868.09
KOL_CUST_006149,Rajarhat,Salt Lake & New Town,Kolkata,Regular,18-04-2023,15-04-2023,BLK_KOL_034,7,2772.92
KOL_CUST_006150,Baghbazar,North Kolkata,Kolkata,Regular,06-01-2023,23-12-2022,BLK_KOL_008,9,4274.32
KOL_CUST_006151,Park Street,Central Kolkata,Kolkata,New,28-05-2024,11-05-2024,BLK_KOL_015,7,2880.74
KOL_CUST_006152,Gariahat,South Kolkata,Kolkata,Regular,18-08-2024,20-07-2024,BLK_KOL_023,5,2757.53
KOL_CUST_006153,Behala,East Kolkata,Kolkata,New,26-10-2023,17-10-2023,BLK_KOL_044,14,7358.3
KOL_CUST_006154,Esplanade,Central Kolkata,Kolkata,Regular,19-07-2023,27-06-2023,BLK_KOL_010,13,4863.19
KOL_CUST_006155,Park Street,Central Kolkata,Kolkata,New,12-05-2024,12-04-2024,BLK_KOL_013,11,5640.9
KOL_CUST_006156,Shyambazar,North Kolkata,Kolkata,Regular,01-12-2023,15-11-2023,BLK_KOL_002,5,3207.765
KOL_CUST_006157,Ballygunge,South Kolkata,Kolkata,Regular,29-10-2023,02-10-2023,BLK_KOL_021,16,7333.65
KOL_CUST_006158,EM Bypass,East Kolkata,Kolkata,New,01-04-2024,03-03-2024,BLK_KOL_037,11,4890.89
KOL_CUST_006159,Park Street,Central Kolkata,Kolkata,Regular,22-04-2024,29-03-2024,BLK_KOL_014,8,4200.04
KOL_CUST_006160,Ballygunge,South Kolkata,Kolkata,Premium,11-09-2024,30-08-2024,BLK_KOL_019,10,4553.23
KOL_CUST_006161,Howrah,Howrah District,Kolkata,Premium,07-02-2024,30-01-2024,BLK_KOL_046,5,1299.37
KOL_CUST_006162,Santragachi,Howrah District,Kolkata,Regular,22-08-2024,25-07-2024,BLK_KOL_053,7,3309.18
KOL_CUST_006163,Esplanade,Central Kolkata,Kolkata,Regular,21-09-2023,15-09-2023,BLK_KOL_011,9,4029.52
KOL_CUST_006164,EM Bypass,East Kolkata,Kolkata,Regular,29-11-2023,03-11-2023,BLK_KOL_038,17,8953.38
KOL_CUST_006165,Shyambazar,North Kolkata,Kolkata,New,19-06-2024,24-05-2024,BLK_KOL_001,11,7447.82
KOL_CUST_006166,Kasba,East Kolkata,Kolkata,Regular,24-01-2024,17-01-2024,BLK_KOL_040,7,3740.3
KOL_CUST_006167,Tollygunge,South Kolkata,Kolkata,Regular,30-07-2023,17-07-2023,BLK_KOL_025,8,3873.22
KOL_CUST_006168,Ballygunge,South Kolkata,Kolkata,Regular,14-03-2023,18-02-2023,BLK_KOL_020,12,7932.22
KOL_CUST_006169,Tollygunge,South Kolkata,Kolkata,New,15-08-2024,20-07-2024,BLK_KOL_025,6,2692.02
KOL_CUST_006170,Shyambazar,North Kolkata,Kolkata,Regular,23-01-2024,22-01-2024,BLK_KOL_002,7,2879.64
KOL_CUST_006171,EM Bypass,East Kolkata,Kolkata,Regular,13-07-2023,05-07-2023,BLK_KOL_038,12,5532.37
KOL_CUST_006172,Ultadanga,North Kolkata,Kolkata,Regular,22-05-2024,19-05-2024,BLK_KOL_006,12,7766.45
KOL_CUST_006173,Howrah,Howrah District,Kolkata,Premium,25-05-2024,07-05-2024,BLK_KOL_048,9,3850.65
KOL_CUST_006174,EM Bypass,East Kolkata,Kolkata,Regular,12-04-2023,15-03-2023,BLK_KOL_037,8,2572.2
KOL_CUST_006175,Rajarhat,Salt Lake & New Town,Kolkata,Regular,07-09-2024,11-08-2024,BLK_KOL_034,9,2864.43
KOL_CUST_006176,New Town,Salt Lake & New Town,Kolkata,Regular,25-05-2023,11-05-2023,BLK_KOL_033,7,3343.48
KOL_CUST_006177,Shibpur,Howrah District,Kolkata,Regular,01-03-2023,19-02-2023,BLK_KOL_051,9,2763.96
KOL_CUST_006178,B.B.D. Bagh,Central Kolkata,Kolkata,New,31-05-2023,10-05-2023,BLK_KOL_017,9,2987.85
KOL_CUST_006179,Esplanade,Central Kolkata,Kolkata,Regular,14-09-2024,08-09-2024,BLK_KOL_011,9,3229.84
KOL_CUST_006180,Tollygunge,South Kolkata,Kolkata,Premium,29-03-2024,23-03-2024,BLK_KOL_027,10,4165.655
KOL_CUST_006181,Gariahat,South Kolkata,Kolkata,Regular,06-02-2023,20-01-2023,BLK_KOL_023,8,3548.83
KOL_CUST_006182,B.B.D. Bagh,Central Kolkata,Kolkata,Regular,17-02-2023,16-02-2023,BLK_KOL_016,8,2912.22
KOL_CUST_006183,Esplanade,Central Kolkata,Kolkata,Regular,23-09-2023,22-09-2023,BLK_KOL_011,10,4729.93
KOL_CUST_006184,Tollygunge,South Kolkata,Kolkata,New,12-05-2024,30-04-2024,BLK_KOL_027,3,1166.16
KOL_CUST_006185,Howrah,Howrah District,Kolkata,Premium,19-07-2023,04-07-2023,BLK_KOL_046,10,5507.29
KOL_CUST_006186,EM Bypass,East Kolkata,Kolkata,Regular,04-07-2023,16-06-2023,BLK_KOL_038,6,3861.47
KOL_CUST_006187,Gariahat,South Kolkata,Kolkata,Regular,13-10-2023,16-09-2023,BLK_KOL_024,12,5097.29
KOL_CUST_006188,Rajarhat,Salt Lake & New Town,Kolkata,Regular,11-05-2023,15-04-2023,BLK_KOL_036,7,4074.11
KOL_CUST_006189,Behala,East Kolkata,Kolkata,New,23-07-2024,26-06-2024,BLK_KOL_045,14,8551.16
KOL_CUST_006190,Kasba,East Kolkata,Kolkata,Regular,27-07-2023,14-07-2023,BLK_KOL_041,7,2779.35
KOL_CUST_006191,Rajarhat,Salt Lake & New Town,Kolkata,Regular,21-03-2023,19-02-2023,BLK_KOL_034,15,6517.31
KOL_CUST_006192,Park Street,Central Kolkata,Kolkata,Regular,26-06-2023,15-06-2023,BLK_KOL_014,7,4020.08
KOL_CUST_006193,Baghbazar,North Kolkata,Kolkata,Regular,01-11-2023,12-10-2023,BLK_KOL_008,8,4581.25
KOL_CUST_006194,Howrah,Howrah District,Kolkata,Regular,02-02-2023,17-01-2023,BLK_KOL_046,10,5555.15
KOL_CUST_006195,Behala,East Kolkata,Kolkata,Premium,14-07-2023,13-07-2023,BLK_KOL_043,13,8112.85
KOL_CUST_006196,Santragachi,Howrah District,Kolkata,Regular,12-11-2023,23-10-2023,BLK_KOL_052,15,7279.4
KOL_CUST_006197,Santragachi,Howrah District,Kolkata,Regular,06-08-2023,23-07-2023,BLK_KOL_052,10,4331.89
KOL_CUST_006198,Tollygunge,South Kolkata,Kolkata,Regular,22-05-2023,17-05-2023,BLK_KOL_025,7,5056.39
KOL_CUST_006199,Kasba,East Kolkata,Kolkata,Regular,13-11-2023,18-10-2023,BLK_KOL_041,14,7944.42
KOL_CUST_006200,Tollygunge,South Kolkata,Kolkata,Premium,25-08-2023,02-08-2023,BLK_KOL_025,4,1417.4
KOL_CUST_006201,Gariahat,South Kolkata,Kolkata,New,22-11-2023,18-11-2023,BLK_KOL_023,6,3498.46
KOL_CUST_006202,Shibpur,Howrah District,Kolkata,Regular,22-11-2023,13-11-2023,BLK_KOL_050,10,3909.58
KOL_CUST_006203,New Town,Salt Lake & New Town,Kolkata,Regular,22-03-2023,17-03-2023,BLK_KOL_032,10,6950.1
KOL_CUST_006204,Rajarhat,Salt Lake & New Town,Kolkata,Premium,15-05-2023,12-05-2023,BLK_KOL_036,6,2050.315
KOL_CUST_006205,Kasba,East Kolkata,Kolkata,Regular,09-05-2024,16-04-2024,BLK_KOL_042,6,2845.18
KOL_CUST_006206,Ballygunge,South Kolkata,Kolkata,New,15-04-2023,17-03-2023,BLK_KOL_019,15,8409.74
KOL_CUST_006207,Shibpur,Howrah District,Kolkata,Regular,18-10-2023,07-10-2023,BLK_KOL_051,9,4434.07
KOL_CUST_006208,EM Bypass,East Kolkata,Kolkata,New,09-08-2024,01-08-2024,BLK_KOL_037,10,5900.15
KOL_CUST_006209,Ballygunge,South Kolkata,Kolkata,Regular,04-10-2024,15-09-2024,BLK_KOL_021,8,3969.4
KOL_CUST_006210,Santragachi,Howrah District,Kolkata,Premium,27-07-2023,06-07-2023,BLK_KOL_053,8,4078.27
KOL_CUST_006211,Park Street,Central Kolkata,Kolkata,New,18-05-2023,25-04-2023,BLK_KOL_014,8,2867.85
KOL_CUST_006212,Esplanade,Central Kolkata,Kolkata,Premium,09-08-2024,12-07-2024,BLK_KOL_012,12,5857.83
KOL_CUST_006213,Salt Lake,Salt Lake & New Town,Kolkata,Regular,03-08-2024,28-07-2024,BLK_KOL_029,17,10375.17
KOL_CUST_006214,EM Bypass,East Kolkata,Kolkata,Regular,01-10-2024,17-09-2024,BLK_KOL_038,10,7931.26
KOL_CUST_006215,Rajarhat,Salt Lake & New Town,Kolkata,New,05-09-2024,21-08-2024,BLK_KOL_034,5,2017.35
KOL_CUST_006216,Howrah,Howrah District,Kolkata,New,26-01-2023,24-01-2023,BLK_KOL_047,4,1737.04
KOL_CUST_006217,Shyambazar,North Kolkata,Kolkata,Regular,24-03-2023,04-03-2023,BLK_KOL_003,10,5533.39
KOL_CUST_006218,New Town,Salt Lake & New Town,Kolkata,Regular,06-03-2024,28-02-2024,BLK_KOL_031,5,1802.98
KOL_CUST_006219,Behala,East Kolkata,Kolkata,Premium,28-09-2023,31-08-2023,BLK_KOL_044,8,4236.33
KOL_CUST_006220,Baghbazar,North Kolkata,Kolkata,Regular,12-01-2023,31-12-2022,BLK_KOL_007,3,1381.64
KOL_CUST_006221,EM Bypass,East Kolkata,Kolkata,Regular,29-06-2023,05-06-2023,BLK_KOL_039,9,3710.4
KOL_CUST_006222,B.B.D. Bagh,Central Kolkata,Kolkata,Regular,15-10-2023,01-10-2023,BLK_KOL_018,11,8528.74
KOL_CUST_006223,Gariahat,South Kolkata,Kolkata,Premium,29-06-2024,24-06-2024,BLK_KOL_023,8,2960.58
KOL_CUST_006224,Park Street,Central Kolkata,Kolkata,Regular,20-06-2023,02-06-2023,BLK_KOL_013,10,5057.11
KOL_CUST_006225,Tollygunge,South Kolkata,Kolkata,Regular,05-11-2023,25-10-2023,BLK_KOL_027,8,4790.51
KOL_CUST_006226,Shibpur,Howrah District,Kolkata,Regular,03-02-2024,05-01-2024,BLK_KOL_050,12,5107.05
KOL_CUST_006227,Park Street,Central Kolkata,Kolkata,Regular,27-09-2024,02-09-2024,BLK_KOL_014,8,3770.2
KOL_CUST_006228,Ultadanga,North Kolkata,Kolkata,Premium,28-05-2023,04-05-2023,BLK_KOL_006,12,5014.26
KOL_CUST_006229,Gariahat,South Kolkata,Kolkata,Premium,20-09-2024,01-09-2024,BLK_KOL_022,9,7496.17
KOL_CUST_006230,Behala,East Kolkata,Kolkata,Regular,20-07-2023,10-07-2023,BLK_KOL_044,5,3742.96
KOL_CUST_006231,Ballygunge,South Kolkata,Kolkata,Premium,19-01-2023,03-01-2023,BLK_KOL_019,8,3231.69
KOL_CUST_006232,Santragachi,Howrah District,Kolkata,Regular,17-06-2023,09-06-2023,BLK_KOL_052,4,684.59
KOL_CUST_006233,Park Street,Central Kolkata,Kolkata,Regular,07-09-2024,17-08-2024,BLK_KOL_013,4,1655.93
KOL_CUST_006234,Kasba,East Kolkata,Kolkata,Regular,24-07-2023,21-07-2023,BLK_KOL_040,8,4647.62
KOL_CUST_006235,Behala,East Kolkata,Kolkata,Regular,09-08-2023,30-07-2023,BLK_KOL_044,8,1893.04
KOL_CUST_006236,Esplanade,Central Kolkata,Kolkata,Premium,14-10-2023,01-10-2023,BLK_KOL_010,13,5369.32
KOL_CUST_006237,Esplanade,Central Kolkata,Kolkata,Regular,29-07-2023,03-07-2023,BLK_KOL_011,14,6959.18
KOL_CUST_006238,Park Street,Central Kolkata,Kolkata,Regular,01-04-2024,30-03-2024,BLK_KOL_014,3,3057.05
KOL_CUST_006239,Baghbazar,North Kolkata,Kolkata,Premium,08-01-2023,10-12-2022,BLK_KOL_009,10,3930.34
KOL_CUST_006240,Gariahat,South Kolkata,Kolkata,Premium,18-10-2024,12-10-2024,BLK_KOL_023,12,6346.91
KOL_CUST_006241,Santragachi,Howrah District,Kolkata,Regular,18-06-2024,20-05-2024,BLK_KOL_053,11,5590.33
KOL_CUST_006242,Behala,East Kolkata,Kolkata,Regular,14-08-2023,18-07-2023,BLK_KOL_043,12,3345.04
KOL_CUST_006243,Park Street,Central Kolkata,Kolkata,Regular,23-01-2024,24-12-2023,BLK_KOL_015,7,3296.16
KOL_CUST_006244,Esplanade,Central Kolkata,Kolkata,Regular,20-04-2023,12-04-2023,BLK_KOL_012,9,5447.06
KOL_CUST_006245,Rajarhat,Salt Lake & New Town,Kolkata,New,19-10-2023,23-09-2023,BLK_KOL_036,13,3599.67
KOL_CUST_006246,Baghbazar,North Kolkata,Kolkata,New,29-08-2023,27-08-2023,BLK_KOL_007,7,3196.61
KOL_CUST_006247,EM Bypass,East Kolkata,Kolkata,Regular,15-06-2024,13-06-2024,BLK_KOL_038,10,3591.17
KOL_CUST_006248,Tollygunge,South Kolkata,Kolkata,Regular,07-04-2024,09-03-2024,BLK_KOL_026,9,2346.7
KOL_CUST_006249,Tollygunge,South Kolkata,Kolkata,Regular,17-08-2023,24-07-2023,BLK_KOL_025,4,1290.48
KOL_CUST_006250,Kasba,East Kolkata,Kolkata,Premium,26-07-2023,03-07-2023,BLK_KOL_042,11,5207.89
KOL_CUST_006251,Shyambazar,North Kolkata,Kolkata,Regular,25-08-2024,19-08-2024,BLK_KOL_003,12,5602.1
KOL_CUST_006252,Behala,East Kolkata,Kolkata,Regular,21-03-2023,15-03-2023,BLK_KOL_043,17,6495.375
KOL_CUST_006253,Ultadanga,North Kolkata,Kolkata,New,16-09-2024,17-08-2024,BLK_KOL_004,9,4492.5
KOL_CUST_006254,Santragachi,Howrah District,Kolkata,Premium,31-03-2023,11-03-2023,BLK_KOL_053,10,4563.67
KOL_CUST_006255,Ballygunge,South Kolkata,Kolkata,Regular,26-05-2023,25-05-2023,BLK_KOL_019,9,4018.33
KOL_CUST_006256,Ultadanga,North Kolkata,Kolkata,Regular,04-08-2024,30-07-2024,BLK_KOL_004,12,5725.81
KOL_CUST_006257,Kasba,East Kolkata,Kolkata,New,31-08-2024,02-08-2024,BLK_KOL_040,9,3933.2
KOL_CUST_006258,EM Bypass,East Kolkata,Kolkata,Premium,05-05-2023,29-04-2023,BLK_KOL_039,7,4028.95
KOL_CUST_006259,Salt Lake,Salt Lake & New Town,Kolkata,Regular,15-01-2024,06-01-2024,BLK_KOL_028,6,4365.97
KOL_CUST_006260,Ballygunge,South Kolkata,Kolkata,Regular,09-07-2023,27-06-2023,BLK_KOL_019,12,7847.2
KOL_CUST_006261,Kasba,East Kolkata,Kolkata,Regular,27-09-2024,31-08-2024,BLK_KOL_040,13,5815.07
KOL_CUST_006262,New Town,Salt Lake & New Town,Kolkata,Regular,06-05-2023,25-04-2023,BLK_KOL_033,15,6044.53
KOL_CUST_006263,New Town,Salt Lake & New Town,Kolkata,New,25-06-2023,31-05-2023,BLK_KOL_033,9,2671.62
KOL_CUST_006264,Shibpur,Howrah District,Kolkata,Regular,22-03-2023,28-02-2023,BLK_KOL_050,8,3037.69
KOL_CUST_006265,Rajarhat,Salt Lake & New Town,Kolkata,Regular,28-07-2024,14-07-2024,BLK_KOL_035,6,2296.96
KOL_CUST_006266,Gariahat,South Kolkata,Kolkata,Regular,17-08-2024,12-08-2024,BLK_KOL_024,5,1709.17
KOL_CUST_006267,EM Bypass,East Kolkata,Kolkata,Regular,21-09-2024,16-09-2024,BLK_KOL_039,6,1726.61
KOL_CUST_006268,B.B.D. Bagh,Central Kolkata,Kolkata,Regular,28-09-2023,04-09-2023,BLK_KOL_017,10,5163.55
KOL_CUST_006269,Rajarhat,Salt Lake & New Town,Kolkata,Regular,05-02-2023,09-01-2023,BLK_KOL_035,9,4587.7
KOL_CUST_006270,Behala,East Kolkata,Kolkata,Regular,27-04-2024,13-04-2024,BLK_KOL_044,13,4479.66
KOL_CUST_006271,Baghbazar,North Kolkata,Kolkata,Regular,27-04-2023,25-04-2023,BLK_KOL_009,7,3151.31
KOL_CUST_006272,Howrah,Howrah District,Kolkata,Regular,24-10-2023,08-10-2023,BLK_KOL_048,11,4213.9
KOL_CUST_006273,Santragachi,Howrah District,Kolkata,Regular,24-11-2023,17-11-2023,BLK_KOL_053,8,4006.67
KOL_CUST_006274,Park Street,Central Kolkata,Kolkata,Regular,27-08-2023,21-08-2023,BLK_KOL_015,8,5879.02
KOL_CUST_006275,Rajarhat,Salt Lake & New Town,Kolkata,Regular,29-06-2023,31-05-2023,BLK_KOL_036,6,2102.93
KOL_CUST_006276,Tollygunge,South Kolkata,Kolkata,Regular,25-04-2023,03-04-2023,BLK_KOL_027,11,7007.875
KOL_CUST_006277,New Town,Salt Lake & New Town,Kolkata,New,05-11-2023,21-10-2023,BLK_KOL_032,12,8017.4
KOL_CUST_006278,Ballygunge,South Kolkata,Kolkata,Regular,30-05-2024,17-05-2024,BLK_KOL_021,13,5374.15
KOL_CUST_006279,Shyambazar,North Kolkata,Kolkata,Regular,22-04-2023,12-04-2023,BLK_KOL_001,10,5500.18
KOL_CUST_006280,Kasba,East Kolkata,Kolkata,Regular,12-07-2024,19-06-2024,BLK_KOL_041,6,1920.32
KOL_CUST_006281,Kasba,East Kolkata,Kolkata,Regular,03-01-2024,15-12-2023,BLK_KOL_040,16,8683.85
KOL_CUST_006282,Ballygunge,South Kolkata,Kolkata,Premium,19-03-2023,25-02-2023,BLK_KOL_020,10,6892.02
KOL_CUST_006283,Shyambazar,North Kolkata,Kolkata,Regular,14-06-2023,03-06-2023,BLK_KOL_001,6,4094.1
KOL_CUST_006284,Kasba,East Kolkata,Kolkata,Regular,02-04-2023,20-03-2023,BLK_KOL_042,9,4839.37
KOL_CUST_006285,Park Street,Central Kolkata,Kolkata,Regular,20-09-2023,27-08-2023,BLK_KOL_015,9,5163.695
KOL_CUST_006286,Howrah,Howrah District,Kolkata,Regular,30-06-2023,01-06-2023,BLK_KOL_046,11,3662.8
KOL_CUST_006287,Santragachi,Howrah District,Kolkata,Regular,25-03-2024,23-03-2024,BLK_KOL_053,9,4657.97
KOL_CUST_006288,Tollygunge,South Kolkata,Kolkata,Regular,26-08-2023,04-08-2023,BLK_KOL_027,7,2628.22
KOL_CUST_006289,Tollygunge,South Kolkata,Kolkata,Regular,08-08-2024,04-08-2024,BLK_KOL_027,9,3249.14
KOL_CUST_006290,Esplanade,Central Kolkata,Kolkata,Regular,01-06-2024,08-05-2024,BLK_KOL_011,9,7073.89
KOL_CUST_006291,Santragachi,Howrah District,Kolkata,New,23-05-2023,10-05-2023,BLK_KOL_052,13,5110.7
KOL_CUST_006292,Santragachi,Howrah District,Kolkata,Regular,11-03-2023,23-02-2023,BLK_KOL_054,14,5031.84
KOL_CUST_006293,B.B.D. Bagh,Central Kolkata,Kolkata,Regular,27-07-2023,18-07-2023,BLK_KOL_018,14,6738.45
KOL_CUST_006294,Gariahat,South Kolkata,Kolkata,Premium,03-07-2024,19-06-2024,BLK_KOL_024,14,8816.545
KOL_CUST_006295,New Town,Salt Lake & New Town,Kolkata,Regular,19-10-2023,09-10-2023,BLK_KOL_033,8,2059.12
KOL_CUST_006296,Santragachi,Howrah District,Kolkata,Regular,26-04-2024,18-04-2024,BLK_KOL_053,12,5218.3
KOL_CUST_006297,Santragachi,Howrah District,Kolkata,Premium,18-11-2023,30-10-2023,BLK_KOL_052,12,6082.75
KOL_CUST_006298,Tollygunge,South Kolkata,Kolkata,Premium,06-02-2023,01-02-2023,BLK_KOL_027,10,3665.23
KOL_CUST_006299,Ballygunge,South Kolkata,Kolkata,Regular,25-03-2023,27-02-2023,BLK_KOL_019,10,3327.24
KOL_CUST_006300,Santragachi,Howrah District,Kolkata,Regular,16-02-2024,18-01-2024,BLK_KOL_052,11,4470.98
KOL_CUST_006301,Shyambazar,North Kolkata,Kolkata,Premium,14-08-2023,20-07-2023,BLK_KOL_003,11,7925.13
KOL_CUST_006302,Shyambazar,North Kolkata,Kolkata,Regular,15-09-2023,11-09-2023,BLK_KOL_003,9,4548.58
KOL_CUST_006303,Ballygunge,South Kolkata,Kolkata,Regular,25-08-2023,29-07-2023,BLK_KOL_021,7,3920.9
KOL_CUST_006304,Ballygunge,South Kolkata,Kolkata,Regular,29-05-2024,10-05-2024,BLK_KOL_021,10,3836.39
KOL_CUST_006305,Baghbazar,North Kolkata,Kolkata,Premium,09-11-2023,05-11-2023,BLK_KOL_008,11,6202.2
KOL_CUST_006306,Kasba,East Kolkata,Kolkata,Regular,15-11-2023,09-11-2023,BLK_KOL_042,5,2951.53
KOL_CUST_006307,Shyambazar,North Kolkata,Kolkata,Premium,05-05-2024,10-04-2024,BLK_KOL_001,6,1213.495
KOL_CUST_006308,New Town,Salt Lake & New Town,Kolkata,Regular,11-02-2023,10-02-2023,BLK_KOL_033,9,3598.15
KOL_CUST_006309,Shyambazar,North Kolkata,Kolkata,Regular,24-10-2024,29-09-2024,BLK_KOL_003,8,3542.64
KOL_CUST_006310,Behala,East Kolkata,Kolkata,Regular,10-06-2023,12-05-2023,BLK_KOL_043,12,4815.11
KOL_CUST_006311,B.B.D. Bagh,Central Kolkata,Kolkata,Regular,07-06-2024,29-05-2024,BLK_KOL_018,9,4378.045
KOL_CUST_006312,Shibpur,Howrah District,Kolkata,Premium,03-09-2024,04-08-2024,BLK_KOL_050,9,4349.57
KOL_CUST_006313,Salt Lake,Salt Lake & New Town,Kolkata,Regular,04-06-2024,31-05-2024,BLK_KOL_029,12,5458.69
KOL_CUST_006314,Ultadanga,North Kolkata,Kolkata,Regular,09-10-2024,04-10-2024,BLK_KOL_005,16,9099.56
KOL_CUST_006315,Santragachi,Howrah District,Kolkata,Regular,17-01-2024,15-01-2024,BLK_KOL_054,8,3543.97
KOL_CUST_006316,Gariahat,South Kolkata,Kolkata,Premium,23-09-2024,26-08-2024,BLK_KOL_022,8,3471.37
KOL_CUST_006317,Ballygunge,South Kolkata,Kolkata,Regular,15-02-2023,09-02-2023,BLK_KOL_019,9,6307.88
KOL_CUST_006318,B.B.D. Bagh,Central Kolkata,Kolkata,Premium,26-11-2023,29-10-2023,BLK_KOL_016,7,5423.63
KOL_CUST_006319,Ballygunge,South Kolkata,Kolkata,Regular,25-10-2023,20-10-2023,BLK_KOL_020,7,4240.39
KOL_CUST_006320,Rajarhat,Salt Lake & New Town,Kolkata,Regular,16-04-2023,04-04-2023,BLK_KOL_035,10,4889.53
KOL_CUST_006321,Ultadanga,North Kolkata,Kolkata,Regular,15-02-2024,11-02-2024,BLK_KOL_004,9,4658.56
KOL_CUST_006322,Rajarhat,Salt Lake & New Town,Kolkata,Regular,25-03-2024,25-02-2024,BLK_KOL_035,9,5561.81
KOL_CUST_006323,B.B.D. Bagh,Central Kolkata,Kolkata,Regular,09-09-2024,05-09-2024,BLK_KOL_017,12,7790.89
KOL_CUST_006324,Baghbazar,North Kolkata,Kolkata,Premium,19-03-2023,21-02-2023,BLK_KOL_007,9,4366.3
KOL_CUST_006325,Behala,East Kolkata,Kolkata,Regular,01-10-2024,26-09-2024,BLK_KOL_044,8,4549.82
KOL_CUST_006326,Shyambazar,North Kolkata,Kolkata,Regular,14-10-2023,27-09-2023,BLK_KOL_001,7,3116.93
KOL_CUST_006327,Tollygunge,South Kolkata,Kolkata,Regular,09-08-2024,15-07-2024,BLK_KOL_026,10,4285.73
KOL_CUST_006328,B.B.D. Bagh,Central Kolkata,Kolkata,Regular,12-02-2023,27-01-2023,BLK_KOL_017,16,9568.19
KOL_CUST_006329,New Town,Salt Lake & New Town,Kolkata,Regular,21-11-2023,30-10-2023,BLK_KOL_033,5,1360.81
KOL_CUST_006330,Ballygunge,South Kolkata,Kolkata,Regular,10-03-2023,07-03-2023,BLK_KOL_020,6,2273.15
KOL_CUST_006331,New Town,Salt Lake & New Town,Kolkata,Regular,20-06-2023,19-06-2023,BLK_KOL_033,7,4127.41
KOL_CUST_006332,Shibpur,Howrah District,Kolkata,Regular,25-02-2023,26-01-2023,BLK_KOL_051,4,2189.28
KOL_CUST_006333,Ultadanga,North Kolkata,Kolkata,Regular,23-03-2023,09-03-2023,BLK_KOL_004,11,4700.6
KOL_CUST_006334,Howrah,Howrah District,Kolkata,Regular,29-11-2023,05-11-2023,BLK_KOL_047,12,4619
KOL_CUST_006335,Shyambazar,North Kolkata,Kolkata,Regular,20-07-2024,10-07-2024,BLK_KOL_001,6,4422.47
KOL_CUST_006336,New Town,Salt Lake & New Town,Kolkata,Regular,28-04-2024,05-04-2024,BLK_KOL_031,9,3631.3
KOL_CUST_006337,Baghbazar,North Kolkata,Kolkata,Regular,10-09-2023,26-08-2023,BLK_KOL_007,10,4488.75
KOL_CUST_006338,Behala,East Kolkata,Kolkata,Regular,23-09-2023,04-09-2023,BLK_KOL_045,14,6025.63
KOL_CUST_006339,Santragachi,Howrah District,Kolkata,Premium,07-03-2024,03-03-2024,BLK_KOL_053,7,2737.95
KOL_CUST_006340,B.B.D. Bagh,Central Kolkata,Kolkata,Regular,26-08-2023,12-08-2023,BLK_KOL_018,11,7462.5
KOL_CUST_006341,EM Bypass,East Kolkata,Kolkata,New,26-10-2023,06-10-2023,BLK_KOL_039,12,5561.01
KOL_CUST_006342,Shyambazar,North Kolkata,Kolkata,Regular,11-11-2023,08-11-2023,BLK_KOL_002,5,1505.34
KOL_CUST_006343,Howrah,Howrah District,Kolkata,New,19-05-2024,03-05-2024,BLK_KOL_047,8,3175.66
KOL_CUST_006344,Baghbazar,North Kolkata,Kolkata,Regular,15-05-2023,03-05-2023,BLK_KOL_009,8,2443.38
KOL_CUST_006345,Behala,East Kolkata,Kolkata,Regular,16-03-2023,09-03-2023,BLK_KOL_043,7,3071.04
KOL_CUST_006346,Baghbazar,North Kolkata,Kolkata,Regular,25-07-2023,10-07-2023,BLK_KOL_007,13,8242.29
KOL_CUST_006347,Shyambazar,North Kolkata,Kolkata,Regular,03-07-2023,30-06-2023,BLK_KOL_001,10,3873.55
KOL_CUST_006348,Santragachi,Howrah District,Kolkata,Premium,23-09-2024,21-09-2024,BLK_KOL_054,9,2756.945
KOL_CUST_006349,Esplanade,Central Kolkata,Kolkata,Regular,20-05-2024,09-05-2024,BLK_KOL_011,6,4108.35
KOL_CUST_006350,Howrah,Howrah District,Kolkata,Regular,24-07-2024,10-07-2024,BLK_KOL_046,8,3371.14
KOL_CUST_006351,New Town,Salt Lake & New Town,Kolkata,Regular,16-02-2023,15-02-2023,BLK_KOL_031,8,4573.26
KOL_CUST_006352,Ultadanga,North Kolkata,Kolkata,Regular,15-10-2023,05-10-2023,BLK_KOL_005,10,5813.26
KOL_CUST_006353,Howrah,Howrah District,Kolkata,Regular,26-08-2024,24-08-2024,BLK_KOL_047,11,4285.79
KOL_CUST_006354,Park Street,Central Kolkata,Kolkata,Premium,11-10-2024,18-09-2024,BLK_KOL_014,10,5453.26
KOL_CUST_006355,Gariahat,South Kolkata,Kolkata,New,19-03-2023,04-03-2023,BLK_KOL_022,6,3896.14
KOL_CUST_006356,Park Street,Central Kolkata,Kolkata,Regular,27-08-2023,25-08-2023,BLK_KOL_013,6,2949.49
KOL_CUST_006357,Rajarhat,Salt Lake & New Town,Kolkata,Regular,03-04-2024,17-03-2024,BLK_KOL_035,10,5260.73
KOL_CUST_006358,Howrah,Howrah District,Kolkata,Regular,03-07-2024,17-06-2024,BLK_KOL_046,11,5244.72
KOL_CUST_006359,Behala,East Kolkata,Kolkata,Regular,07-04-2024,14-03-2024,BLK_KOL_045,17,8899.02
KOL_CUST_006360,Howrah,Howrah District,Kolkata,Premium,09-01-2024,11-12-2023,BLK_KOL_047,6,2203.07
KOL_CUST_006361,Gariahat,South Kolkata,Kolkata,Regular,11-05-2023,04-05-2023,BLK_KOL_022,13,7255.33
KOL_CUST_006362,Shibpur,Howrah District,Kolkata,Regular,20-05-2023,10-05-2023,BLK_KOL_050,12,5287.34
KOL_CUST_006363,Behala,East Kolkata,Kolkata,Regular,20-02-2023,27-01-2023,BLK_KOL_043,9,3771
KOL_CUST_006364,Rajarhat,Salt Lake & New Town,Kolkata,Regular,02-08-2023,15-07-2023,BLK_KOL_034,3,1939.72
KOL_CUST_006365,Kasba,East Kolkata,Kolkata,Premium,26-07-2024,21-07-2024,BLK_KOL_041,8,3244.11
KOL_CUST_006366,New Town,Salt Lake & New Town,Kolkata,Regular,25-04-2024,28-03-2024,BLK_KOL_031,10,5962.86
KOL_CUST_006367,Shyambazar,North Kolkata,Kolkata,Premium,21-03-2024,17-03-2024,BLK_KOL_001,3,1371.78
KOL_CUST_006368,Ballygunge,South Kolkata,Kolkata,Premium,02-11-2023,10-10-2023,BLK_KOL_020,12,7377.14
KOL_CUST_006369,Baghbazar,North Kolkata,Kolkata,Regular,24-08-2023,01-08-2023,BLK_KOL_008,9,4684.48
KOL_CUST_006370,B.B.D. Bagh,Central Kolkata,Kolkata,Regular,31-07-2024,25-07-2024,BLK_KOL_016,10,6842.98
KOL_CUST_006371,Shibpur,Howrah District,Kolkata,New,31-08-2023,24-08-2023,BLK_KOL_051,9,6279.99
KOL_CUST_006372,Ultadanga,North Kolkata,Kolkata,Regular,19-07-2023,23-06-2023,BLK_KOL_005,10,3984.71
KOL_CUST_006373,Salt Lake,Salt Lake & New Town,Kolkata,New,07-07-2023,04-07-2023,BLK_KOL_030,8,3077.7
KOL_CUST_006374,Behala,East Kolkata,Kolkata,Regular,11-02-2023,23-01-2023,BLK_KOL_043,12,8157.88
KOL_CUST_006375,Salt Lake,Salt Lake & New Town,Kolkata,Regular,22-10-2023,04-10-2023,BLK_KOL_028,8,4704.61
KOL_CUST_006376,B.B.D. Bagh,Central Kolkata,Kolkata,Regular,02-06-2024,16-05-2024,BLK_KOL_016,6,2312.94
KOL_CUST_006377,Rajarhat,Salt Lake & New Town,Kolkata,Premium,17-01-2023,18-12-2022,BLK_KOL_035,6,2610.63
KOL_CUST_006378,Howrah,Howrah District,Kolkata,New,29-03-2024,07-03-2024,BLK_KOL_046,12,6365.92
KOL_CUST_006379,B.B.D. Bagh,Central Kolkata,Kolkata,New,21-03-2023,15-03-2023,BLK_KOL_016,11,4839.91
KOL_CUST_006380,Ballygunge,South Kolkata,Kolkata,New,03-01-2023,14-12-2022,BLK_KOL_020,10,4346.54
KOL_CUST_006381,Howrah,Howrah District,Kolkata,Regular,06-01-2023,02-01-2023,BLK_KOL_047,15,8571.7
KOL_CUST_006382,Shyambazar,North Kolkata,Kolkata,Regular,24-06-2023,15-06-2023,BLK_KOL_001,8,3248.95
KOL_CUST_006383,Baghbazar,North Kolkata,Kolkata,New,22-04-2024,06-04-2024,BLK_KOL_008,9,3926.15
KOL_CUST_006384,B.B.D. Bagh,Central Kolkata,Kolkata,Premium,30-04-2024,15-04-2024,BLK_KOL_017,6,2680.68
KOL_CUST_006385,Santragachi,Howrah District,Kolkata,Regular,19-06-2023,16-06-2023,BLK_KOL_053,3,1847.51
KOL_CUST_006386,Shibpur,Howrah District,Kolkata,Regular,27-07-2023,17-07-2023,BLK_KOL_051,10,6350.78
KOL_CUST_006387,Gariahat,South Kolkata,Kolkata,Regular,30-09-2024,03-09-2024,BLK_KOL_023,9,5004.02
KOL_CUST_006388,B.B.D. Bagh,Central Kolkata,Kolkata,New,08-11-2023,18-10-2023,BLK_KOL_018,9,3797.41
KOL_CUST_006389,Tollygunge,South Kolkata,Kolkata,Regular,07-01-2024,14-12-2023,BLK_KOL_025,9,4267.1
KOL_CUST_006390,EM Bypass,East Kolkata,Kolkata,Regular,19-11-2023,22-10-2023,BLK_KOL_038,7,2636.77
KOL_CUST_006391,Kasba,East Kolkata,Kolkata,New,18-04-2023,29-03-2023,BLK_KOL_040,10,3766.03
KOL_CUST_006392,Park Street,Central Kolkata,Kolkata,Regular,02-02-2024,17-01-2024,BLK_KOL_015,6,2032.54
KOL_CUST_006393,Ultadanga,North Kolkata,Kolkata,Regular,28-11-2023,31-10-2023,BLK_KOL_005,9,5452.13
KOL_CUST_006394,Behala,East Kolkata,Kolkata,Premium,08-02-2023,04-02-2023,BLK_KOL_044,12,6078.83
KOL_CUST_006395,New Town,Salt Lake & New Town,Kolkata,Premium,27-08-2023,25-08-2023,BLK_KOL_031,10,3856.21
KOL_CUST_006396,Tollygunge,South Kolkata,Kolkata,New,05-04-2024,20-03-2024,BLK_KOL_025,9,3637.48
KOL_CUST_006397,Santragachi,Howrah District,Kolkata,New,16-03-2023,23-02-2023,BLK_KOL_052,11,3687.27
KOL_CUST_006398,B.B.D. Bagh,Central Kolkata,Kolkata,New,16-05-2023,07-05-2023,BLK_KOL_017,11,4810.655
KOL_CUST_006399,Santragachi,Howrah District,Kolkata,Premium,26-05-2023,11-05-2023,BLK_KOL_054,5,4023.58
KOL_CUST_006400,EM Bypass,East Kolkata,Kolkata,Regular,19-08-2024,10-08-2024,BLK_KOL_038,11,3726.79
KOL_CUST_006401,Ultadanga,North Kolkata,Kolkata,Premium,26-05-2024,29-04-2024,BLK_KOL_005,9,3146.99
KOL_CUST_006402,Tollygunge,South Kolkata,Kolkata,Regular,08-01-2023,12-12-2022,BLK_KOL_026,17,6887.4
KOL_CUST_006403,Gariahat,South Kolkata,Kolkata,New,30-09-2024,27-09-2024,BLK_KOL_023,11,6609.21
KOL_CUST_006404,Rajarhat,Salt Lake & New Town,Kolkata,Regular,07-09-2023,08-08-2023,BLK_KOL_035,9,5243.81
KOL_CUST_006405,Tollygunge,South Kolkata,Kolkata,Regular,20-06-2023,28-05-2023,BLK_KOL_026,6,2562.75
KOL_CUST_006406,Howrah,Howrah District,Kolkata,Premium,14-09-2024,06-09-2024,BLK_KOL_046,10,3393.62
KOL_CUST_006407,New Town,Salt Lake & New Town,Kolkata,Regular,11-02-2023,15-01-2023,BLK_KOL_033,10,4588.91
KOL_CUST_006408,Santragachi,Howrah District,Kolkata,Regular,16-04-2024,02-04-2024,BLK_KOL_054,9,3219.11
KOL_CUST_006409,Salt Lake,Salt Lake & New Town,Kolkata,Premium,21-02-2024,02-02-2024,BLK_KOL_030,7,2560.66
KOL_CUST_006410,Tollygunge,South Kolkata,Kolkata,Premium,01-10-2024,30-09-2024,BLK_KOL_026,14,7963.66
KOL_CUST_006411,Gariahat,South Kolkata,Kolkata,Regular,03-08-2023,08-07-2023,BLK_KOL_023,10,4271.27
KOL_CUST_006412,Shyambazar,North Kolkata,Kolkata,Regular,28-09-2024,10-09-2024,BLK_KOL_001,13,6588.53
KOL_CUST_006413,EM Bypass,East Kolkata,Kolkata,New,25-11-2023,11-11-2023,BLK_KOL_038,10,4612.89
KOL_CUST_006414,Salt Lake,Salt Lake & New Town,Kolkata,Premium,20-07-2024,04-07-2024,BLK_KOL_029,9,3243.98
KOL_CUST_006415,Baghbazar,North Kolkata,Kolkata,Premium,14-02-2024,28-01-2024,BLK_KOL_009,9,3339.27
KOL_CUST_006416,EM Bypass,East Kolkata,Kolkata,Regular,23-09-2023,27-08-2023,BLK_KOL_039,6,4437.07
KOL_CUST_006417,Esplanade,Central Kolkata,Kolkata,New,27-09-2023,15-09-2023,BLK_KOL_010,10,3839.62
KOL_CUST_006418,Ultadanga,North Kolkata,Kolkata,Regular,26-01-2023,15-01-2023,BLK_KOL_005,14,6298.45
KOL_CUST_006419,Gariahat,South Kolkata,Kolkata,Regular,14-07-2023,28-06-2023,BLK_KOL_023,11,7092.45
KOL_CUST_006420,New Town,Salt Lake & New Town,Kolkata,Regular,18-04-2023,04-04-2023,BLK_KOL_031,9,5276.16
KOL_CUST_006421,Rajarhat,Salt Lake & New Town,Kolkata,Regular,14-06-2024,06-06-2024,BLK_KOL_035,5,2182.42
KOL_CUST_006422,Tollygunge,South Kolkata,Kolkata,Regular,05-06-2023,12-05-2023,BLK_KOL_027,7,2421.18
KOL_CUST_006423,Baghbazar,North Kolkata,Kolkata,New,16-06-2023,23-05-2023,BLK_KOL_007,7,6255.41
KOL_CUST_006424,Salt Lake,Salt Lake & New Town,Kolkata,Regular,02-02-2023,31-01-2023,BLK_KOL_030,13,5710.205
KOL_CUST_006425,Howrah,Howrah District,Kolkata,New,27-03-2024,28-02-2024,BLK_KOL_048,11,7953.83
KOL_CUST_006426,B.B.D. Bagh,Central Kolkata,Kolkata,Regular,15-10-2024,17-09-2024,BLK_KOL_017,8,5615.03
KOL_CUST_006427,New Town,Salt Lake & New Town,Kolkata,Regular,17-04-2024,04-04-2024,BLK_KOL_031,7,3886.55
KOL_CUST_006428,Ultadanga,North Kolkata,Kolkata,Regular,10-08-2023,30-07-2023,BLK_KOL_005,13,6080.55
KOL_CUST_006429,Behala,East Kolkata,Kolkata,Regular,19-02-2023,16-02-2023,BLK_KOL_045,7,2593.39
KOL_CUST_006430,Baghbazar,North Kolkata,Kolkata,Premium,24-05-2024,05-05-2024,BLK_KOL_008,6,4649.59
KOL_CUST_006431,Howrah,Howrah District,Kolkata,Regular,23-04-2024,05-04-2024,BLK_KOL_048,13,6348.59
KOL_CUST_006432,Ballygunge,South Kolkata,Kolkata,Regular,03-09-2024,26-08-2024,BLK_KOL_020,11,4841.48
KOL_CUST_006433,Salt Lake,Salt Lake & New Town,Kolkata,Premium,26-06-2023,12-06-2023,BLK_KOL_029,12,6045.11
KOL_CUST_006434,Shyambazar,North Kolkata,Kolkata,Regular,16-03-2023,15-03-2023,BLK_KOL_003,7,5324.65
KOL_CUST_006435,Gariahat,South Kolkata,Kolkata,Premium,08-05-2023,21-04-2023,BLK_KOL_023,13,3696.56
KOL_CUST_006436,Shibpur,Howrah District,Kolkata,Premium,17-04-2023,11-04-2023,BLK_KOL_051,15,7909.08
KOL_CUST_006437,Rajarhat,Salt Lake & New Town,Kolkata,Regular,06-04-2024,14-03-2024,BLK_KOL_036,11,7619.06
KOL_CUST_006438,Salt Lake,Salt Lake & New Town,Kolkata,Premium,23-01-2023,20-01-2023,BLK_KOL_028,13,6387.35
KOL_CUST_006439,EM Bypass,East Kolkata,Kolkata,Regular,30-07-2023,03-07-2023,BLK_KOL_039,7,3153.71
KOL_CUST_006440,Gariahat,South Kolkata,Kolkata,Regular,25-05-2023,22-05-2023,BLK_KOL_023,15,7678.64
KOL_CUST_006441,Salt Lake,Salt Lake & New Town,Kolkata,Regular,02-01-2023,19-12-2022,BLK_KOL_029,10,4705.38
KOL_CUST_006442,B.B.D. Bagh,Central Kolkata,Kolkata,Premium,11-04-2024,26-03-2024,BLK_KOL_016,6,2846.1
KOL_CUST_006443,Santragachi,Howrah District,Kolkata,Regular,12-09-2023,09-09-2023,BLK_KOL_054,10,2721.78
KOL_CUST_006444,Gariahat,South Kolkata,Kolkata,Regular,05-09-2024,12-08-2024,BLK_KOL_023,9,5420.1
KOL_CUST_006445,Howrah,Howrah District,Kolkata,Regular,25-08-2024,28-07-2024,BLK_KOL_048,13,4587.19
KOL_CUST_006446,Behala,East Kolkata,Kolkata,Regular,03-06-2023,23-05-2023,BLK_KOL_044,7,2674.36
KOL_CUST_006447,Ultadanga,North Kolkata,Kolkata,Premium,19-03-2023,08-03-2023,BLK_KOL_006,14,9040.04
KOL_CUST_006448,Tollygunge,South Kolkata,Kolkata,Premium,07-10-2023,05-10-2023,BLK_KOL_027,14,6636.28
KOL_CUST_006449,Ballygunge,South Kolkata,Kolkata,Regular,26-05-2023,29-04-2023,BLK_KOL_020,11,5120.2
KOL_CUST_006450,Park Street,Central Kolkata,Kolkata,Premium,28-07-2023,29-06-2023,BLK_KOL_013,6,2256.57
KOL_CUST_006451,Rajarhat,Salt Lake & New Town,Kolkata,Regular,05-02-2024,15-01-2024,BLK_KOL_034,10,5553.43
KOL_CUST_006452,New Town,Salt Lake & New Town,Kolkata,Regular,15-01-2024,10-01-2024,BLK_KOL_032,8,3169.08
KOL_CUST_006453,Shyambazar,North Kolkata,Kolkata,Premium,30-04-2023,15-04-2023,BLK_KOL_001,10,3787.72
KOL_CUST_006454,Esplanade,Central Kolkata,Kolkata,Regular,30-09-2023,20-09-2023,BLK_KOL_010,9,5700.02
KOL_CUST_006455,Shibpur,Howrah District,Kolkata,Premium,13-09-2023,14-08-2023,BLK_KOL_050,14,7175.41
KOL_CUST_006456,Kasba,East Kolkata,Kolkata,New,14-10-2024,20-09-2024,BLK_KOL_041,7,4265.39
KOL_CUST_006457,Park Street,Central Kolkata,Kolkata,Regular,09-02-2023,07-02-2023,BLK_KOL_015,9,3927.58
KOL_CUST_006458,Salt Lake,Salt Lake & New Town,Kolkata,Regular,15-02-2023,30-01-2023,BLK_KOL_030,17,9305.29
KOL_CUST_006459,Rajarhat,Salt Lake & New Town,Kolkata,Premium,15-11-2023,22-10-2023,BLK_KOL_034,4,1486.23
KOL_CUST_006460,Rajarhat,Salt Lake & New Town,Kolkata,Regular,19-08-2023,25-07-2023,BLK_KOL_036,9,3947.87
KOL_CUST_006461,Rajarhat,Salt Lake & New Town,Kolkata,Regular,03-03-2023,06-02-2023,BLK_KOL_035,14,7892.54
KOL_CUST_006462,Baghbazar,North Kolkata,Kolkata,New,04-02-2023,25-01-2023,BLK_KOL_009,9,2901.15
KOL_CUST_006463,Rajarhat,Salt Lake & New Town,Kolkata,Regular,15-07-2024,04-07-2024,BLK_KOL_034,7,3019.89
KOL_CUST_006464,Baghbazar,North Kolkata,Kolkata,Regular,25-10-2024,28-09-2024,BLK_KOL_009,1,260.95
KOL_CUST_006465,Salt Lake,Salt Lake & New Town,Kolkata,Regular,09-08-2024,29-07-2024,BLK_KOL_028,10,3674.99
KOL_CUST_006466,Shyambazar,North Kolkata,Kolkata,New,26-10-2023,20-10-2023,BLK_KOL_003,9,4184.69
KOL_CUST_006467,Park Street,Central Kolkata,Kolkata,Regular,26-09-2024,08-09-2024,BLK_KOL_015,4,2456.59
KOL_CUST_006468,Tollygunge,South Kolkata,Kolkata,Regular,28-11-2023,11-11-2023,BLK_KOL_026,13,6665.14
KOL_CUST_006469,Howrah,Howrah District,Kolkata,Regular,08-06-2023,04-06-2023,BLK_KOL_046,11,7407.33
KOL_CUST_006470,Salt Lake,Salt Lake & New Town,Kolkata,Regular,10-11-2023,21-10-2023,BLK_KOL_028,7,3783.24
KOL_CUST_006471,Gariahat,South Kolkata,Kolkata,Regular,20-09-2023,09-09-2023,BLK_KOL_022,7,3205.06
KOL_CUST_006472,Park Street,Central Kolkata,Kolkata,Premium,15-01-2024,23-12-2023,BLK_KOL_015,6,5835.11
KOL_CUST_006473,Baghbazar,North Kolkata,Kolkata,Regular,16-11-2023,31-10-2023,BLK_KOL_007,4,1438.75
KOL_CUST_006474,Kasba,East Kolkata,Kolkata,Premium,28-07-2023,24-07-2023,BLK_KOL_042,9,5084.03
KOL_CUST_006475,Salt Lake,Salt Lake & New Town,Kolkata,Regular,28-03-2023,23-03-2023,BLK_KOL_029,12,5065.34
KOL_CUST_006476,Baghbazar,North Kolkata,Kolkata,Regular,18-07-2023,07-07-2023,BLK_KOL_007,8,3546.74
KOL_CUST_006477,Howrah,Howrah District,Kolkata,Premium,05-01-2023,19-12-2022,BLK_KOL_048,16,6839.74
KOL_CUST_006478,Ballygunge,South Kolkata,Kolkata,Regular,14-10-2024,28-09-2024,BLK_KOL_019,10,5072.98
KOL_CUST_006479,Shibpur,Howrah District,Kolkata,New,17-10-2023,25-09-2023,BLK_KOL_049,8,2548.76
KOL_CUST_006480,EM Bypass,East Kolkata,Kolkata,Premium,17-03-2023,05-03-2023,BLK_KOL_038,8,5438.46
KOL_CUST_006481,Esplanade,Central Kolkata,Kolkata,Regular,05-07-2024,13-06-2024,BLK_KOL_012,9,5500.13
KOL_CUST_006482,Kasba,East Kolkata,Kolkata,New,07-02-2023,05-02-2023,BLK_KOL_040,5,1753.46
KOL_CUST_006483,Kasba,East Kolkata,Kolkata,Regular,02-05-2024,18-04-2024,BLK_KOL_041,13,6312.3
KOL_CUST_006484,New Town,Salt Lake & New Town,Kolkata,Regular,27-05-2023,04-05-2023,BLK_KOL_033,11,5966.165
KOL_CUST_006485,Baghbazar,North Kolkata,Kolkata,Regular,05-02-2023,29-01-2023,BLK_KOL_008,13,4300.94
KOL_CUST_006486,Tollygunge,South Kolkata,Kolkata,Regular,08-02-2024,27-01-2024,BLK_KOL_026,13,4623.34
KOL_CUST_006487,EM Bypass,East Kolkata,Kolkata,Premium,28-09-2023,23-09-2023,BLK_KOL_037,12,7408.73
KOL_CUST_006488,Kasba,East Kolkata,Kolkata,Regular,18-08-2024,20-07-2024,BLK_KOL_041,9,3358.71
KOL_CUST_006489,EM Bypass,East Kolkata,Kolkata,Regular,22-02-2023,06-02-2023,BLK_KOL_038,14,7008.26
KOL_CUST_006490,Shibpur,Howrah District,Kolkata,Regular,28-07-2024,25-07-2024,BLK_KOL_051,8,3309.2
KOL_CUST_006491,Gariahat,South Kolkata,Kolkata,Regular,11-09-2023,09-09-2023,BLK_KOL_023,11,3495.68
KOL_CUST_006492,Ballygunge,South Kolkata,Kolkata,Premium,31-08-2023,19-08-2023,BLK_KOL_020,9,5291.7
KOL_CUST_006493,Baghbazar,North Kolkata,Kolkata,Regular,25-09-2023,21-09-2023,BLK_KOL_009,10,3672.6
KOL_CUST_006494,Salt Lake,Salt Lake & New Town,Kolkata,Premium,27-11-2023,14-11-2023,BLK_KOL_028,9,2735.125
KOL_CUST_006495,Esplanade,Central Kolkata,Kolkata,Regular,16-02-2024,30-01-2024,BLK_KOL_012,10,5566.2
KOL_CUST_006496,Gariahat,South Kolkata,Kolkata,Premium,03-01-2023,17-12-2022,BLK_KOL_024,8,5349.63
KOL_CUST_006497,Rajarhat,Salt Lake & New Town,Kolkata,Premium,18-05-2023,22-04-2023,BLK_KOL_036,8,3382.91
KOL_CUST_006498,Ballygunge,South Kolkata,Kolkata,Regular,28-08-2023,12-08-2023,BLK_KOL_021,8,3155.75
KOL_CUST_006499,Rajarhat,Salt Lake & New Town,Kolkata,Regular,25-05-2023,01-05-2023,BLK_KOL_034,8,3183.34
KOL_CUST_006500,Shibpur,Howrah District,Kolkata,Premium,30-10-2023,20-10-2023,BLK_KOL_050,12,5390.61
KOL_CUST_006501,Ultadanga,North Kolkata,Kolkata,Regular,12-09-2023,11-09-2023,BLK_KOL_004,15,5298.53
KOL_CUST_006502,Park Street,Central Kolkata,Kolkata,Premium,09-03-2023,22-02-2023,BLK_KOL_013,8,3207.68
KOL_CUST_006503,EM Bypass,East Kolkata,Kolkata,Premium,19-06-2023,26-05-2023,BLK_KOL_038,8,3917.44
KOL_CUST_006504,New Town,Salt Lake & New Town,Kolkata,Premium,11-02-2024,25-01-2024,BLK_KOL_032,7,2576
KOL_CUST_006505,Park Street,Central Kolkata,Kolkata,Regular,31-07-2023,13-07-2023,BLK_KOL_014,7,2101.81
KOL_CUST_006506,Kasba,East Kolkata,Kolkata,Regular,25-10-2024,03-10-2024,BLK_KOL_041,12,7103.17
KOL_CUST_006507,Park Street,Central Kolkata,Kolkata,Regular,14-10-2024,14-09-2024,BLK_KOL_013,9,3610.55
KOL_CUST_006508,Baghbazar,North Kolkata,Kolkata,Regular,18-02-2024,12-02-2024,BLK_KOL_007,8,3282.77
KOL_CUST_006509,Baghbazar,North Kolkata,Kolkata,Premium,28-01-2023,21-01-2023,BLK_KOL_009,10,5372.8
KOL_CUST_006510,Kasba,East Kolkata,Kolkata,Regular,07-08-2023,14-07-2023,BLK_KOL_042,10,4947.75
KOL_CUST_006511,Salt Lake,Salt Lake & New Town,Kolkata,Premium,18-03-2023,10-03-2023,BLK_KOL_029,13,5492.21
KOL_CUST_006512,New Town,Salt Lake & New Town,Kolkata,Regular,12-07-2023,05-07-2023,BLK_KOL_032,11,2909.37
KOL_CUST_006513,Howrah,Howrah District,Kolkata,Regular,29-03-2024,09-03-2024,BLK_KOL_048,13,3262.265
KOL_CUST_006514,Shyambazar,North Kolkata,Kolkata,Regular,08-09-2024,27-08-2024,BLK_KOL_001,8,3305.16
KOL_CUST_006515,Ballygunge,South Kolkata,Kolkata,Regular,25-02-2024,20-02-2024,BLK_KOL_021,14,6257.82
KOL_CUST_006516,New Town,Salt Lake & New Town,Kolkata,New,17-04-2023,06-04-2023,BLK_KOL_031,12,5334.975
KOL_CUST_006517,Esplanade,Central Kolkata,Kolkata,Premium,10-06-2023,15-05-2023,BLK_KOL_010,8,3113.67
KOL_CUST_006518,Gariahat,South Kolkata,Kolkata,Regular,10-05-2023,22-04-2023,BLK_KOL_024,10,3574.49
KOL_CUST_006519,Baghbazar,North Kolkata,Kolkata,Regular,13-05-2023,03-05-2023,BLK_KOL_007,3,1204.85
KOL_CUST_006520,Salt Lake,Salt Lake & New Town,Kolkata,Regular,06-02-2024,31-01-2024,BLK_KOL_028,6,1958.8
KOL_CUST_006521,Shibpur,Howrah District,Kolkata,New,20-03-2023,18-02-2023,BLK_KOL_049,12,4021.54
KOL_CUST_006522,Baghbazar,North Kolkata,Kolkata,Regular,14-07-2023,29-06-2023,BLK_KOL_008,7,5284.05
KOL_CUST_006523,Tollygunge,South Kolkata,Kolkata,Regular,30-07-2023,27-07-2023,BLK_KOL_025,8,3644.73
KOL_CUST_006524,Rajarhat,Salt Lake & New Town,Kolkata,Premium,08-06-2023,10-05-2023,BLK_KOL_036,8,3315.62
KOL_CUST_006525,Park Street,Central Kolkata,Kolkata,Premium,17-07-2024,28-06-2024,BLK_KOL_014,10,4369.61
KOL_CUST_006526,Tollygunge,South Kolkata,Kolkata,Regular,15-10-2024,14-10-2024,BLK_KOL_027,7,2546.26
KOL_CUST_006527,Park Street,Central Kolkata,Kolkata,New,18-02-2023,30-01-2023,BLK_KOL_014,13,4789.56
KOL_CUST_006528,Ballygunge,South Kolkata,Kolkata,Regular,11-05-2024,30-04-2024,BLK_KOL_020,10,5116.03
KOL_CUST_006529,Kasba,East Kolkata,Kolkata,Regular,09-02-2024,01-02-2024,BLK_KOL_041,12,7479.07
KOL_CUST_006530,Santragachi,Howrah District,Kolkata,Regular,24-06-2024,23-06-2024,BLK_KOL_054,9,3488.5
KOL_CUST_006531,Ultadanga,North Kolkata,Kolkata,New,25-10-2024,02-10-2024,BLK_KOL_005,9,4013.86
KOL_CUST_006532,Rajarhat,Salt Lake & New Town,Kolkata,Regular,15-08-2024,10-08-2024,BLK_KOL_036,9,4616.64
KOL_CUST_006533,Rajarhat,Salt Lake & New Town,Kolkata,Regular,06-04-2024,05-04-2024,BLK_KOL_036,5,3268.28
KOL_CUST_006534,Salt Lake,Salt Lake & New Town,Kolkata,Regular,10-01-2023,27-12-2022,BLK_KOL_029,13,10832.63
KOL_CUST_006535,Santragachi,Howrah District,Kolkata,Regular,27-04-2024,04-04-2024,BLK_KOL_052,6,2263.82
KOL_CUST_006536,Santragachi,Howrah District,Kolkata,Premium,22-04-2023,31-03-2023,BLK_KOL_054,11,4715.78
KOL_CUST_006537,Gariahat,South Kolkata,Kolkata,Regular,19-04-2024,01-04-2024,BLK_KOL_024,6,1694.61
KOL_CUST_006538,Baghbazar,North Kolkata,Kolkata,Regular,10-02-2023,28-01-2023,BLK_KOL_007,9,4805.25
KOL_CUST_006539,Kasba,East Kolkata,Kolkata,Premium,14-08-2024,13-08-2024,BLK_KOL_042,5,1223.615
KOL_CUST_006540,Behala,East Kolkata,Kolkata,Regular,27-07-2023,28-06-2023,BLK_KOL_043,10,5887.75
KOL_CUST_006541,Kasba,East Kolkata,Kolkata,Regular,11-04-2023,23-03-2023,BLK_KOL_042,11,7132.99
KOL_CUST_006542,Shyambazar,North Kolkata,Kolkata,Regular,19-06-2023,09-06-2023,BLK_KOL_002,7,2436.56
KOL_CUST_006543,Ballygunge,South Kolkata,Kolkata,Regular,27-03-2023,16-03-2023,BLK_KOL_019,11,3928.815
KOL_CUST_006544,Behala,East Kolkata,Kolkata,Premium,31-07-2023,22-07-2023,BLK_KOL_045,3,1193.44
KOL_CUST_006545,Shyambazar,North Kolkata,Kolkata,Regular,11-06-2023,28-05-2023,BLK_KOL_002,7,3362.34
KOL_CUST_006546,Santragachi,Howrah District,Kolkata,Regular,01-08-2023,30-07-2023,BLK_KOL_052,11,5537.38
KOL_CUST_006547,Shibpur,Howrah District,Kolkata,Regular,07-08-2024,05-08-2024,BLK_KOL_050,6,4826.48
KOL_CUST_006548,New Town,Salt Lake & New Town,Kolkata,Premium,15-10-2023,26-09-2023,BLK_KOL_031,6,3888.71
KOL_CUST_006549,Kasba,East Kolkata,Kolkata,Premium,02-08-2024,24-07-2024,BLK_KOL_040,5,808.65
KOL_CUST_006550,Shibpur,Howrah District,Kolkata,Regular,17-01-2024,31-12-2023,BLK_KOL_049,10,5038.08
KOL_CUST_006551,Shyambazar,North Kolkata,Kolkata,Regular,30-05-2024,03-05-2024,BLK_KOL_002,6,5197.61
KOL_CUST_006552,Behala,East Kolkata,Kolkata,Premium,07-01-2024,04-01-2024,BLK_KOL_045,9,4322.13
KOL_CUST_006553,Ultadanga,North Kolkata,Kolkata,Regular,18-01-2024,01-01-2024,BLK_KOL_005,15,9656.1
KOL_CUST_006554,New Town,Salt Lake & New Town,Kolkata,New,21-04-2023,29-03-2023,BLK_KOL_033,6,1694.55
KOL_CUST_006555,Salt Lake,Salt Lake & New Town,Kolkata,Regular,24-05-2024,11-05-2024,BLK_KOL_028,10,6518
KOL_CUST_006556,Gariahat,South Kolkata,Kolkata,Regular,17-01-2024,08-01-2024,BLK_KOL_022,6,2161.74
KOL_CUST_006557,Esplanade,Central Kolkata,Kolkata,New,23-06-2023,10-06-2023,BLK_KOL_012,13,5617.94
KOL_CUST_006558,Shibpur,Howrah District,Kolkata,Regular,08-10-2023,07-10-2023,BLK_KOL_050,13,7058.67
KOL_CUST_006559,Park Street,Central Kolkata,Kolkata,Regular,04-10-2024,13-09-2024,BLK_KOL_014,7,2649.04
KOL_CUST_006560,B.B.D. Bagh,Central Kolkata,Kolkata,Premium,29-10-2023,30-09-2023,BLK_KOL_018,9,5049.47
KOL_CUST_006561,Ultadanga,North Kolkata,Kolkata,Regular,05-06-2023,08-05-2023,BLK_KOL_006,9,5963.43
KOL_CUST_006562,Salt Lake,Salt Lake & New Town,Kolkata,Regular,10-02-2023,14-01-2023,BLK_KOL_029,9,3220.61
KOL_CUST_006563,Behala,East Kolkata,Kolkata,Regular,19-01-2024,11-01-2024,BLK_KOL_044,8,4303.87
KOL_CUST_006564,Park Street,Central Kolkata,Kolkata,Regular,28-02-2023,06-02-2023,BLK_KOL_015,10,6961.7
KOL_CUST_006565,Behala,East Kolkata,Kolkata,Premium,26-04-2023,05-04-2023,BLK_KOL_043,7,4067.89
KOL_CUST_006566,B.B.D. Bagh,Central Kolkata,Kolkata,Regular,25-09-2024,14-09-2024,BLK_KOL_017,8,2075.365
KOL_CUST_006567,Baghbazar,North Kolkata,Kolkata,Premium,07-06-2024,31-05-2024,BLK_KOL_007,8,3881.76
KOL_CUST_006568,Howrah,Howrah District,Kolkata,Regular,04-03-2023,22-02-2023,BLK_KOL_047,9,4617.76
KOL_CUST_006569,Ballygunge,South Kolkata,Kolkata,Regular,12-10-2023,28-09-2023,BLK_KOL_019,11,5848.67
KOL_CUST_006570,Ballygunge,South Kolkata,Kolkata,Regular,17-08-2024,11-08-2024,BLK_KOL_020,11,6319.51
KOL_CUST_006571,EM Bypass,East Kolkata,Kolkata,New,08-09-2023,23-08-2023,BLK_KOL_037,8,3072.62
KOL_CUST_006572,Salt Lake,Salt Lake & New Town,Kolkata,Regular,23-02-2023,15-02-2023,BLK_KOL_029,12,5777.12
KOL_CUST_006573,Esplanade,Central Kolkata,Kolkata,Regular,06-04-2023,04-04-2023,BLK_KOL_012,4,1561.36
KOL_CUST_006574,Behala,East Kolkata,Kolkata,Regular,15-04-2023,27-03-2023,BLK_KOL_044,10,3411.14
KOL_CUST_006575,Santragachi,Howrah District,Kolkata,Regular,24-09-2023,27-08-2023,BLK_KOL_052,10,4050.23
KOL_CUST_006576,Park Street,Central Kolkata,Kolkata,Regular,19-04-2023,04-04-2023,BLK_KOL_014,10,3362.33
KOL_CUST_006577,Rajarhat,Salt Lake & New Town,Kolkata,Regular,29-08-2023,02-08-2023,BLK_KOL_035,12,3913.28
KOL_CUST_006578,Kasba,East Kolkata,Kolkata,Regular,22-04-2023,06-04-2023,BLK_KOL_040,7,3569.81
KOL_CUST_006579,B.B.D. Bagh,Central Kolkata,Kolkata,Regular,31-01-2023,01-01-2023,BLK_KOL_017,6,1651.88
KOL_CUST_006580,New Town,Salt Lake & New Town,Kolkata,Premium,08-04-2023,09-03-2023,BLK_KOL_033,9,4904.35
KOL_CUST_006581,Kasba,East Kolkata,Kolkata,Regular,23-07-2023,19-07-2023,BLK_KOL_040,8,4979.36
KOL_CUST_006582,Salt Lake,Salt Lake & New Town,Kolkata,Regular,15-04-2023,09-04-2023,BLK_KOL_029,11,4738.86
KOL_CUST_006583,Salt Lake,Salt Lake & New Town,Kolkata,Regular,01-06-2024,05-05-2024,BLK_KOL_028,12,8466.83
KOL_CUST_006584,Park Street,Central Kolkata,Kolkata,Premium,14-06-2024,31-05-2024,BLK_KOL_014,11,5167.92
KOL_CUST_006585,Ultadanga,North Kolkata,Kolkata,Regular,23-09-2024,19-09-2024,BLK_KOL_004,7,3125.13
KOL_CUST_006586,Esplanade,Central Kolkata,Kolkata,Regular,10-06-2024,25-05-2024,BLK_KOL_011,6,3457.26
KOL_CUST_006587,Gariahat,South Kolkata,Kolkata,Premium,09-06-2023,25-05-2023,BLK_KOL_022,9,4819.39
KOL_CUST_006588,Kasba,East Kolkata,Kolkata,Regular,14-11-2023,12-11-2023,BLK_KOL_042,10,6742.76
KOL_CUST_006589,Santragachi,Howrah District,Kolkata,Regular,25-01-2023,08-01-2023,BLK_KOL_052,10,5883.36
KOL_CUST_006590,Baghbazar,North Kolkata,Kolkata,Regular,24-04-2024,13-04-2024,BLK_KOL_008,12,7409.4
KOL_CUST_006591,B.B.D. Bagh,Central Kolkata,Kolkata,Regular,12-06-2024,29-05-2024,BLK_KOL_017,2,1074.39
KOL_CUST_006592,Salt Lake,Salt Lake & New Town,Kolkata,Regular,25-06-2024,02-06-2024,BLK_KOL_030,11,4497.37
KOL_CUST_006593,Ballygunge,South Kolkata,Kolkata,Premium,22-10-2024,12-10-2024,BLK_KOL_020,11,4679.06
KOL_CUST_006594,Rajarhat,Salt Lake & New Town,Kolkata,Regular,21-06-2023,10-06-2023,BLK_KOL_035,7,2579.8
KOL_CUST_006595,New Town,Salt Lake & New Town,Kolkata,New,28-09-2024,07-09-2024,BLK_KOL_032,7,2879.97
KOL_CUST_006596,Ballygunge,South Kolkata,Kolkata,Regular,29-11-2023,22-11-2023,BLK_KOL_021,11,7141.14
KOL_CUST_006597,Tollygunge,South Kolkata,Kolkata,Regular,15-03-2024,02-03-2024,BLK_KOL_025,5,2647.49
KOL_CUST_006598,Shibpur,Howrah District,Kolkata,Regular,18-07-2024,25-06-2024,BLK_KOL_050,7,4658.23
KOL_CUST_006599,Shibpur,Howrah District,Kolkata,Regular,12-07-2024,27-06-2024,BLK_KOL_050,8,4669.2
KOL_CUST_006600,Tollygunge,South Kolkata,Kolkata,New,01-09-2023,25-08-2023,BLK_KOL_027,17,7707.58
KOL_CUST_006601,Shyambazar,North Kolkata,Kolkata,Regular,21-02-2023,12-02-2023,BLK_KOL_003,8,4406.03
KOL_CUST_006602,Behala,East Kolkata,Kolkata,Regular,04-04-2024,31-03-2024,BLK_KOL_043,11,4302.665
KOL_CUST_006603,Ballygunge,South Kolkata,Kolkata,Premium,20-03-2024,01-03-2024,BLK_KOL_021,13,5713.3
KOL_CUST_006604,Baghbazar,North Kolkata,Kolkata,New,30-03-2024,07-03-2024,BLK_KOL_007,6,1521.45
KOL_CUST_006605,Shibpur,Howrah District,Kolkata,New,01-01-2024,07-12-2023,BLK_KOL_050,12,7353.76
KOL_CUST_006606,EM Bypass,East Kolkata,Kolkata,Regular,01-08-2023,23-07-2023,BLK_KOL_038,6,1490.89
KOL_CUST_006607,Esplanade,Central Kolkata,Kolkata,Regular,03-07-2024,21-06-2024,BLK_KOL_011,7,3185.14
KOL_CUST_006608,Santragachi,Howrah District,Kolkata,Regular,11-06-2024,25-05-2024,BLK_KOL_052,12,5791.83
KOL_CUST_006609,Gariahat,South Kolkata,Kolkata,Premium,01-12-2023,23-11-2023,BLK_KOL_022,5,2170.61
KOL_CUST_006610,Gariahat,South Kolkata,Kolkata,Regular,12-09-2023,29-08-2023,BLK_KOL_022,14,7608.66
KOL_CUST_006611,New Town,Salt Lake & New Town,Kolkata,Regular,05-01-2024,21-12-2023,BLK_KOL_032,7,2859.49
KOL_CUST_006612,Santragachi,Howrah District,Kolkata,Regular,03-07-2024,19-06-2024,BLK_KOL_053,10,5229.73
KOL_CUST_006613,Shibpur,Howrah District,Kolkata,Regular,23-04-2023,20-04-2023,BLK_KOL_050,9,4137.33
KOL_CUST_006614,Rajarhat,Salt Lake & New Town,Kolkata,Premium,03-05-2023,15-04-2023,BLK_KOL_034,11,4509.865
KOL_CUST_006615,Santragachi,Howrah District,Kolkata,New,06-07-2023,29-06-2023,BLK_KOL_053,10,4885.21
KOL_CUST_006616,EM Bypass,East Kolkata,Kolkata,Regular,09-03-2023,19-02-2023,BLK_KOL_037,11,3324.63
KOL_CUST_006617,Shyambazar,North Kolkata,Kolkata,Regular,31-05-2023,25-05-2023,BLK_KOL_002,14,6037.84
KOL_CUST_006618,Salt Lake,Salt Lake & New Town,Kolkata,Regular,15-08-2023,12-08-2023,BLK_KOL_029,6,2872.57
KOL_CUST_006619,Gariahat,South Kolkata,Kolkata,Regular,22-02-2023,20-02-2023,BLK_KOL_024,14,5802.45
KOL_CUST_006620,B.B.D. Bagh,Central Kolkata,Kolkata,Regular,18-03-2024,17-03-2024,BLK_KOL_018,9,4077.82
KOL_CUST_006621,Ballygunge,South Kolkata,Kolkata,Regular,26-07-2024,24-07-2024,BLK_KOL_020,7,3700.72
KOL_CUST_006622,Salt Lake,Salt Lake & New Town,Kolkata,Regular,12-09-2024,09-09-2024,BLK_KOL_028,6,4336.58
KOL_CUST_006623,Kasba,East Kolkata,Kolkata,Regular,02-05-2024,11-04-2024,BLK_KOL_041,5,2304.43
KOL_CUST_006624,Ultadanga,North Kolkata,Kolkata,Premium,15-10-2023,22-09-2023,BLK_KOL_004,12,2579.88
KOL_CUST_006625,Kasba,East Kolkata,Kolkata,Regular,24-05-2023,29-04-2023,BLK_KOL_041,6,4265.58
KOL_CUST_006626,Shibpur,Howrah District,Kolkata,Regular,23-06-2023,13-06-2023,BLK_KOL_050,6,1229.25
KOL_CUST_006627,Santragachi,Howrah District,Kolkata,Regular,20-08-2024,21-07-2024,BLK_KOL_053,5,2030.79
KOL_CUST_006628,EM Bypass,East Kolkata,Kolkata,Regular,11-02-2023,17-01-2023,BLK_KOL_038,6,2868.44
KOL_CUST_006629,Shyambazar,North Kolkata,Kolkata,Regular,08-03-2023,06-03-2023,BLK_KOL_002,9,2391.01
KOL_CUST_006630,Kasba,East Kolkata,Kolkata,Premium,31-01-2024,18-01-2024,BLK_KOL_042,9,3900.66
KOL_CUST_006631,Salt Lake,Salt Lake & New Town,Kolkata,Regular,23-11-2023,08-11-2023,BLK_KOL_030,15,5276.49
KOL_CUST_006632,New Town,Salt Lake & New Town,Kolkata,Regular,12-01-2023,13-12-2022,BLK_KOL_032,8,4379.3
KOL_CUST_006633,EM Bypass,East Kolkata,Kolkata,New,09-03-2024,29-02-2024,BLK_KOL_038,9,4108.12
KOL_CUST_006634,Shyambazar,North Kolkata,Kolkata,Regular,16-01-2023,29-12-2022,BLK_KOL_003,9,2951.75
KOL_CUST_006635,Howrah,Howrah District,Kolkata,Regular,23-04-2024,18-04-2024,BLK_KOL_046,5,3256.22
KOL_CUST_006636,Kasba,East Kolkata,Kolkata,New,03-09-2023,25-08-2023,BLK_KOL_040,7,2585.16
KOL_CUST_006637,Ballygunge,South Kolkata,Kolkata,Premium,19-10-2024,10-10-2024,BLK_KOL_020,15,6395.89
KOL_CUST_006638,Shyambazar,North Kolkata,Kolkata,Regular,29-10-2023,28-10-2023,BLK_KOL_001,10,6096.14
KOL_CUST_006639,B.B.D. Bagh,Central Kolkata,Kolkata,Premium,10-07-2024,02-07-2024,BLK_KOL_018,6,4018.36
KOL_CUST_006640,Shyambazar,North Kolkata,Kolkata,Regular,16-01-2024,02-01-2024,BLK_KOL_002,12,6834.25
KOL_CUST_006641,Tollygunge,South Kolkata,Kolkata,New,05-08-2023,14-07-2023,BLK_KOL_026,3,1220
KOL_CUST_006642,Esplanade,Central Kolkata,Kolkata,Regular,22-10-2023,03-10-2023,BLK_KOL_012,9,5274.88
KOL_CUST_006643,Rajarhat,Salt Lake & New Town,Kolkata,Premium,30-10-2023,30-09-2023,BLK_KOL_034,6,2911.78
KOL_CUST_006644,Santragachi,Howrah District,Kolkata,Regular,29-05-2024,10-05-2024,BLK_KOL_052,5,1832.15
KOL_CUST_006645,Shyambazar,North Kolkata,Kolkata,Regular,02-04-2024,11-03-2024,BLK_KOL_001,8,3888.21
KOL_CUST_006646,Baghbazar,North Kolkata,Kolkata,Premium,02-01-2023,16-12-2022,BLK_KOL_008,6,3879.26
KOL_CUST_006647,Rajarhat,Salt Lake & New Town,Kolkata,New,21-04-2023,03-04-2023,BLK_KOL_035,9,3974.77
KOL_CUST_006648,B.B.D. Bagh,Central Kolkata,Kolkata,Premium,26-04-2023,24-04-2023,BLK_KOL_016,10,6113.37
KOL_CUST_006649,Ultadanga,North Kolkata,Kolkata,New,08-08-2023,03-08-2023,BLK_KOL_006,9,3964.01
KOL_CUST_006650,Baghbazar,North Kolkata,Kolkata,Regular,29-01-2023,27-01-2023,BLK_KOL_008,11,4266.96
KOL_CUST_006651,B.B.D. Bagh,Central Kolkata,Kolkata,Regular,07-09-2023,18-08-2023,BLK_KOL_016,17,8815.46
KOL_CUST_006652,Park Street,Central Kolkata,Kolkata,Regular,02-05-2024,15-04-2024,BLK_KOL_014,5,3115.33
KOL_CUST_006653,Salt Lake,Salt Lake & New Town,Kolkata,Regular,06-08-2023,24-07-2023,BLK_KOL_028,7,3433.75
KOL_CUST_006654,Ballygunge,South Kolkata,Kolkata,Regular,02-02-2023,06-01-2023,BLK_KOL_021,8,3263.19
KOL_CUST_006655,Rajarhat,Salt Lake & New Town,Kolkata,Premium,10-01-2024,09-01-2024,BLK_KOL_034,7,3257.61
KOL_CUST_006656,Tollygunge,South Kolkata,Kolkata,Regular,27-05-2024,06-05-2024,BLK_KOL_026,6,2723.175
KOL_CUST_006657,Park Street,Central Kolkata,Kolkata,Regular,09-11-2023,14-10-2023,BLK_KOL_014,7,4065.66
KOL_CUST_006658,Ultadanga,North Kolkata,Kolkata,New,19-05-2024,02-05-2024,BLK_KOL_005,9,5031.27
KOL_CUST_006659,Esplanade,Central Kolkata,Kolkata,Regular,18-11-2023,14-11-2023,BLK_KOL_010,9,5690.04
KOL_CUST_006660,Ballygunge,South Kolkata,Kolkata,Premium,06-09-2023,17-08-2023,BLK_KOL_019,8,3739.16
KOL_CUST_006661,Tollygunge,South Kolkata,Kolkata,Regular,06-04-2023,29-03-2023,BLK_KOL_027,9,6256.42
KOL_CUST_006662,Baghbazar,North Kolkata,Kolkata,New,29-03-2023,01-03-2023,BLK_KOL_007,8,3183.37
KOL_CUST_006663,Shyambazar,North Kolkata,Kolkata,Regular,24-07-2023,07-07-2023,BLK_KOL_001,10,4679.035
KOL_CUST_006664,Shibpur,Howrah District,Kolkata,Regular,28-09-2024,06-09-2024,BLK_KOL_050,10,4150.85
KOL_CUST_006665,Ballygunge,South Kolkata,Kolkata,Regular,13-07-2023,30-06-2023,BLK_KOL_021,14,6723.66
KOL_CUST_006666,Shyambazar,North Kolkata,Kolkata,Regular,12-08-2023,19-07-2023,BLK_KOL_001,3,1024.27
KOL_CUST_006667,Salt Lake,Salt Lake & New Town,Kolkata,Regular,28-08-2024,23-08-2024,BLK_KOL_028,11,3776.16
KOL_CUST_006668,Esplanade,Central Kolkata,Kolkata,Regular,26-08-2023,06-08-2023,BLK_KOL_012,4,2380.8
KOL_CUST_006669,Park Street,Central Kolkata,Kolkata,Regular,26-09-2023,04-09-2023,BLK_KOL_015,11,5957.05
KOL_CUST_006670,Salt Lake,Salt Lake & New Town,Kolkata,Regular,14-08-2023,20-07-2023,BLK_KOL_028,8,4117.85
KOL_CUST_006671,EM Bypass,East Kolkata,Kolkata,Regular,14-05-2023,21-04-2023,BLK_KOL_039,9,4355.86
KOL_CUST_006672,Behala,East Kolkata,Kolkata,Regular,26-04-2023,16-04-2023,BLK_KOL_045,9,4032.07
KOL_CUST_006673,Ultadanga,North Kolkata,Kolkata,Regular,13-10-2023,30-09-2023,BLK_KOL_006,14,10201.71
KOL_CUST_006674,Baghbazar,North Kolkata,Kolkata,Regular,17-09-2023,27-08-2023,BLK_KOL_009,4,3143.32
KOL_CUST_006675,Gariahat,South Kolkata,Kolkata,Regular,28-03-2023,19-03-2023,BLK_KOL_024,9,3978.47
KOL_CUST_006676,Shibpur,Howrah District,Kolkata,Regular,23-01-2023,16-01-2023,BLK_KOL_051,8,4133.89
KOL_CUST_006677,Rajarhat,Salt Lake & New Town,Kolkata,Premium,29-05-2023,06-05-2023,BLK_KOL_035,5,3462.39
KOL_CUST_006678,EM Bypass,East Kolkata,Kolkata,Regular,02-01-2023,21-12-2022,BLK_KOL_039,6,1881.32
KOL_CUST_006679,Santragachi,Howrah District,Kolkata,Regular,01-05-2024,03-04-2024,BLK_KOL_054,15,5632.27
KOL_CUST_006680,Baghbazar,North Kolkata,Kolkata,Regular,28-01-2023,04-01-2023,BLK_KOL_007,5,3635.88
KOL_CUST_006681,New Town,Salt Lake & New Town,Kolkata,Regular,27-03-2023,27-02-2023,BLK_KOL_032,6,3694.47
KOL_CUST_006682,Behala,East Kolkata,Kolkata,New,04-02-2023,02-02-2023,BLK_KOL_043,8,2802.17
KOL_CUST_006683,Kasba,East Kolkata,Kolkata,Regular,29-10-2023,17-10-2023,BLK_KOL_040,9,5259.84
KOL_CUST_006684,EM Bypass,East Kolkata,Kolkata,Regular,21-06-2024,06-06-2024,BLK_KOL_037,8,3634.19
KOL_CUST_006685,EM Bypass,East Kolkata,Kolkata,Regular,16-11-2023,22-10-2023,BLK_KOL_038,5,1864.27
KOL_CUST_006686,Shyambazar,North Kolkata,Kolkata,New,19-08-2023,06-08-2023,BLK_KOL_001,12,7372.74
KOL_CUST_006687,Esplanade,Central Kolkata,Kolkata,New,22-09-2024,21-09-2024,BLK_KOL_011,10,4643.21
KOL_CUST_006688,Esplanade,Central Kolkata,Kolkata,New,11-09-2024,31-08-2024,BLK_KOL_011,10,5538.04
KOL_CUST_006689,Tollygunge,South Kolkata,Kolkata,Regular,17-01-2024,25-12-2023,BLK_KOL_025,12,5402.01
KOL_CUST_006690,Esplanade,Central Kolkata,Kolkata,Regular,14-09-2024,28-08-2024,BLK_KOL_012,5,3051.4
KOL_CUST_006691,Behala,East Kolkata,Kolkata,New,05-08-2024,17-07-2024,BLK_KOL_044,12,5026.9
KOL_CUST_006692,EM Bypass,East Kolkata,Kolkata,Premium,10-04-2023,27-03-2023,BLK_KOL_038,8,2738.49
KOL_CUST_006693,Baghbazar,North Kolkata,Kolkata,Regular,20-07-2023,09-07-2023,BLK_KOL_007,11,7291.11
KOL_CUST_006694,Santragachi,Howrah District,Kolkata,Regular,02-08-2024,03-07-2024,BLK_KOL_054,14,5842.64
KOL_CUST_006695,Park Street,Central Kolkata,Kolkata,Regular,02-04-2023,15-03-2023,BLK_KOL_015,7,3643.07
KOL_CUST_006696,Santragachi,Howrah District,Kolkata,Regular,27-10-2024,21-10-2024,BLK_KOL_054,8,4980.88
KOL_CUST_006697,Santragachi,Howrah District,Kolkata,Regular,30-09-2024,31-08-2024,BLK_KOL_054,10,4361.14
KOL_CUST_006698,Tollygunge,South Kolkata,Kolkata,Premium,07-02-2023,09-01-2023,BLK_KOL_026,5,2502.85
KOL_CUST_006699,Shibpur,Howrah District,Kolkata,Regular,07-06-2023,20-05-2023,BLK_KOL_051,9,5092.48
KOL_CUST_006700,Rajarhat,Salt Lake & New Town,Kolkata,Premium,08-08-2023,13-07-2023,BLK_KOL_035,11,4911.16
KOL_CUST_006701,Behala,East Kolkata,Kolkata,Premium,14-04-2024,03-04-2024,BLK_KOL_045,9,4941.72
KOL_CUST_006702,EM Bypass,East Kolkata,Kolkata,Regular,12-01-2024,08-01-2024,BLK_KOL_038,8,4609.16
KOL_CUST_006703,Tollygunge,South Kolkata,Kolkata,Regular,15-10-2023,05-10-2023,BLK_KOL_025,5,2137.67
KOL_CUST_006704,Ultadanga,North Kolkata,Kolkata,Premium,19-05-2024,04-05-2024,BLK_KOL_004,12,6531.17
KOL_CUST_006705,Ultadanga,North Kolkata,Kolkata,Premium,01-10-2023,17-09-2023,BLK_KOL_006,16,9171.58
KOL_CUST_006706,Ultadanga,North Kolkata,Kolkata,Regular,26-01-2023,07-01-2023,BLK_KOL_004,8,4391.31
KOL_CUST_006707,B.B.D. Bagh,Central Kolkata,Kolkata,Regular,18-02-2023,20-01-2023,BLK_KOL_016,7,3330.03
KOL_CUST_006708,Salt Lake,Salt Lake & New Town,Kolkata,Regular,19-08-2023,10-08-2023,BLK_KOL_029,12,6978.35
KOL_CUST_006709,Howrah,Howrah District,Kolkata,Premium,30-01-2023,02-01-2023,BLK_KOL_046,14,7568.15
KOL_CUST_006710,Howrah,Howrah District,Kolkata,Regular,29-07-2024,02-07-2024,BLK_KOL_047,13,6177.38
KOL_CUST_006711,Tollygunge,South Kolkata,Kolkata,Regular,29-05-2023,02-05-2023,BLK_KOL_026,11,5366.16
KOL_CUST_006712,Santragachi,Howrah District,Kolkata,New,04-05-2024,18-04-2024,BLK_KOL_053,6,2587.25
KOL_CUST_006713,Ultadanga,North Kolkata,Kolkata,Premium,14-06-2024,26-05-2024,BLK_KOL_006,17,7771.56
KOL_CUST_006714,Park Street,Central Kolkata,Kolkata,Premium,03-02-2023,20-01-2023,BLK_KOL_015,8,3324.38
KOL_CUST_006715,Howrah,Howrah District,Kolkata,Regular,20-02-2023,28-01-2023,BLK_KOL_048,9,3806.13
KOL_CUST_006716,Esplanade,Central Kolkata,Kolkata,Regular,10-08-2023,01-08-2023,BLK_KOL_010,11,3865.83
KOL_CUST_006717,B.B.D. Bagh,Central Kolkata,Kolkata,Premium,02-11-2023,29-10-2023,BLK_KOL_017,13,4469
KOL_CUST_006718,Esplanade,Central Kolkata,Kolkata,Regular,13-05-2023,28-04-2023,BLK_KOL_010,18,9214.75
KOL_CUST_006719,Howrah,Howrah District,Kolkata,Regular,01-01-2024,27-12-2023,BLK_KOL_047,10,4486.35
KOL_CUST_006720,Behala,East Kolkata,Kolkata,Regular,26-04-2023,15-04-2023,BLK_KOL_043,5,1932.92
KOL_CUST_006721,Salt Lake,Salt Lake & New Town,Kolkata,Premium,12-04-2023,19-03-2023,BLK_KOL_030,10,4499.04
KOL_CUST_006722,Shyambazar,North Kolkata,Kolkata,Regular,17-04-2024,27-03-2024,BLK_KOL_001,9,3782.31
KOL_CUST_006723,Kasba,East Kolkata,Kolkata,New,24-09-2023,18-09-2023,BLK_KOL_041,10,4651
KOL_CUST_006724,Behala,East Kolkata,Kolkata,Regular,07-06-2023,04-06-2023,BLK_KOL_045,5,2925.36
KOL_CUST_006725,Gariahat,South Kolkata,Kolkata,Regular,22-06-2023,08-06-2023,BLK_KOL_022,9,3902.78
KOL_CUST_006726,Howrah,Howrah District,Kolkata,Premium,02-05-2023,22-04-2023,BLK_KOL_047,5,1862.31
KOL_CUST_006727,Behala,East Kolkata,Kolkata,Premium,19-09-2024,29-08-2024,BLK_KOL_043,10,3995.84
KOL_CUST_006728,Ballygunge,South Kolkata,Kolkata,Regular,22-11-2023,23-10-2023,BLK_KOL_019,5,2701.63
KOL_CUST_006729,Rajarhat,Salt Lake & New Town,Kolkata,Regular,30-08-2023,27-08-2023,BLK_KOL_035,9,3387.06
KOL_CUST_006730,Shyambazar,North Kolkata,Kolkata,Regular,29-08-2024,01-08-2024,BLK_KOL_003,12,3444.83
KOL_CUST_006731,Ultadanga,North Kolkata,Kolkata,Regular,09-08-2024,26-07-2024,BLK_KOL_005,6,2541.79
KOL_CUST_006732,New Town,Salt Lake & New Town,Kolkata,Regular,30-11-2023,06-11-2023,BLK_KOL_031,3,1946.83
KOL_CUST_006733,Tollygunge,South Kolkata,Kolkata,Premium,03-01-2023,06-12-2022,BLK_KOL_027,9,5694.67
KOL_CUST_006734,Tollygunge,South Kolkata,Kolkata,Regular,10-08-2023,24-07-2023,BLK_KOL_027,9,3880.56
KOL_CUST_006735,Baghbazar,North Kolkata,Kolkata,Regular,26-11-2023,28-10-2023,BLK_KOL_008,10,4213.925
KOL_CUST_006736,Shibpur,Howrah District,Kolkata,Regular,15-06-2023,09-06-2023,BLK_KOL_049,9,3911.09
KOL_CUST_006737,EM Bypass,East Kolkata,Kolkata,New,15-08-2024,21-07-2024,BLK_KOL_039,15,7247.53
KOL_CUST_006738,Santragachi,Howrah District,Kolkata,Regular,03-06-2023,22-05-2023,BLK_KOL_053,8,4411
KOL_CUST_006739,Esplanade,Central Kolkata,Kolkata,Regular,17-11-2023,24-10-2023,BLK_KOL_011,15,6986.47
KOL_CUST_006740,Rajarhat,Salt Lake & New Town,Kolkata,Regular,05-01-2024,30-12-2023,BLK_KOL_034,10,4885.87
KOL_CUST_006741,Rajarhat,Salt Lake & New Town,Kolkata,Regular,12-05-2023,13-04-2023,BLK_KOL_036,3,2236.85
KOL_CUST_006742,Salt Lake,Salt Lake & New Town,Kolkata,Regular,27-08-2023,05-08-2023,BLK_KOL_030,12,6621.41
KOL_CUST_006743,Santragachi,Howrah District,Kolkata,Premium,01-01-2023,02-12-2022,BLK_KOL_052,10,4413.55
KOL_CUST_006744,EM Bypass,East Kolkata,Kolkata,Regular,12-05-2023,28-04-2023,BLK_KOL_039,10,3153.67
KOL_CUST_006745,EM Bypass,East Kolkata,Kolkata,Regular,20-06-2024,17-06-2024,BLK_KOL_037,7,2936.74
KOL_CUST_006746,Howrah,Howrah District,Kolkata,New,27-10-2024,12-10-2024,BLK_KOL_047,12,4857.52
KOL_CUST_006747,Rajarhat,Salt Lake & New Town,Kolkata,Regular,06-02-2023,08-01-2023,BLK_KOL_036,10,4160.62
KOL_CUST_006748,New Town,Salt Lake & New Town,Kolkata,Regular,05-09-2023,29-08-2023,BLK_KOL_033,8,2553.34
KOL_CUST_006749,Tollygunge,South Kolkata,Kolkata,Regular,20-06-2024,19-06-2024,BLK_KOL_027,2,1580.76
KOL_CUST_006750,Howrah,Howrah District,Kolkata,Premium,12-09-2023,03-09-2023,BLK_KOL_048,7,4302.19
KOL_CUST_006751,Baghbazar,North Kolkata,Kolkata,Premium,24-05-2023,19-05-2023,BLK_KOL_007,8,3659.71
KOL_CUST_006752,Kasba,East Kolkata,Kolkata,Premium,07-05-2024,02-05-2024,BLK_KOL_041,6,1805.01
KOL_CUST_006753,Tollygunge,South Kolkata,Kolkata,Premium,18-08-2024,27-07-2024,BLK_KOL_026,13,7104.52
KOL_CUST_006754,Shyambazar,North Kolkata,Kolkata,Regular,07-03-2023,01-03-2023,BLK_KOL_002,9,2981.205
KOL_CUST_006755,Behala,East Kolkata,Kolkata,Regular,20-02-2023,18-02-2023,BLK_KOL_043,13,7333.86
KOL_CUST_006756,Santragachi,Howrah District,Kolkata,Regular,08-05-2024,13-04-2024,BLK_KOL_054,6,2193.11
KOL_CUST_006757,Salt Lake,Salt Lake & New Town,Kolkata,Regular,05-01-2023,12-12-2022,BLK_KOL_030,9,4440.925
KOL_CUST_006758,Park Street,Central Kolkata,Kolkata,Premium,20-09-2024,26-08-2024,BLK_KOL_015,4,1626.5
KOL_CUST_006759,Gariahat,South Kolkata,Kolkata,Regular,25-11-2023,24-11-2023,BLK_KOL_024,17,9203.4
KOL_CUST_006760,Santragachi,Howrah District,Kolkata,Regular,07-01-2024,17-12-2023,BLK_KOL_053,8,3515.64
KOL_CUST_006761,Shibpur,Howrah District,Kolkata,Regular,02-10-2023,25-09-2023,BLK_KOL_049,14,5253.06
KOL_CUST_006762,Shyambazar,North Kolkata,Kolkata,Regular,15-11-2023,22-10-2023,BLK_KOL_002,15,6683.165
KOL_CUST_006763,Ultadanga,North Kolkata,Kolkata,Regular,11-08-2023,21-07-2023,BLK_KOL_004,9,6030.54
KOL_CUST_006764,Kasba,East Kolkata,Kolkata,Regular,20-01-2024,16-01-2024,BLK_KOL_042,10,4433.09
KOL_CUST_006765,Baghbazar,North Kolkata,Kolkata,Regular,04-05-2023,20-04-2023,BLK_KOL_009,6,2610.09
KOL_CUST_006766,Park Street,Central Kolkata,Kolkata,Premium,08-02-2024,10-01-2024,BLK_KOL_015,8,4252.48
KOL_CUST_006767,Kasba,East Kolkata,Kolkata,Regular,04-08-2024,30-07-2024,BLK_KOL_042,6,3029.11
KOL_CUST_006768,Park Street,Central Kolkata,Kolkata,Regular,26-06-2024,29-05-2024,BLK_KOL_014,15,5687.745
KOL_CUST_006769,B.B.D. Bagh,Central Kolkata,Kolkata,Regular,19-07-2023,22-06-2023,BLK_KOL_017,13,6610.93
KOL_CUST_006770,Tollygunge,South Kolkata,Kolkata,Regular,21-06-2023,24-05-2023,BLK_KOL_027,10,3432.61
KOL_CUST_006771,Shyambazar,North Kolkata,Kolkata,Premium,17-03-2024,09-03-2024,BLK_KOL_001,13,4786.72
KOL_CUST_006772,Tollygunge,South Kolkata,Kolkata,Regular,08-07-2024,16-06-2024,BLK_KOL_026,8,4126.87
KOL_CUST_006773,Esplanade,Central Kolkata,Kolkata,Regular,19-07-2024,21-06-2024,BLK_KOL_011,8,5502.07
KOL_CUST_006774,Shibpur,Howrah District,Kolkata,Premium,18-04-2024,30-03-2024,BLK_KOL_050,7,3938.94
KOL_CUST_006775,Ultadanga,North Kolkata,Kolkata,Regular,21-03-2023,24-02-2023,BLK_KOL_006,11,5915.79
KOL_CUST_006776,Esplanade,Central Kolkata,Kolkata,Premium,05-06-2023,23-05-2023,BLK_KOL_012,12,5394.33
KOL_CUST_006777,New Town,Salt Lake & New Town,Kolkata,Regular,27-09-2023,30-08-2023,BLK_KOL_033,4,1079.97
KOL_CUST_006778,Howrah,Howrah District,Kolkata,New,18-05-2024,30-04-2024,BLK_KOL_046,11,4399.59
KOL_CUST_006779,EM Bypass,East Kolkata,Kolkata,Regular,29-08-2023,31-07-2023,BLK_KOL_037,13,4696.69
KOL_CUST_006780,Rajarhat,Salt Lake & New Town,Kolkata,Regular,04-07-2024,23-06-2024,BLK_KOL_035,12,5309.24
KOL_CUST_006781,Esplanade,Central Kolkata,Kolkata,Regular,26-11-2023,29-10-2023,BLK_KOL_010,10,6402.82
KOL_CUST_006782,Gariahat,South Kolkata,Kolkata,Regular,14-11-2023,02-11-2023,BLK_KOL_023,12,5363.4
KOL_CUST_006783,Tollygunge,South Kolkata,Kolkata,Regular,30-08-2024,18-08-2024,BLK_KOL_027,11,4714.18
KOL_CUST_006784,Shibpur,Howrah District,Kolkata,Premium,05-09-2023,16-08-2023,BLK_KOL_050,15,7567.59
KOL_CUST_006785,EM Bypass,East Kolkata,Kolkata,Regular,01-04-2024,02-03-2024,BLK_KOL_039,8,3156.92
KOL_CUST_006786,Park Street,Central Kolkata,Kolkata,Regular,11-08-2024,06-08-2024,BLK_KOL_015,6,3372.35
KOL_CUST_006787,Santragachi,Howrah District,Kolkata,Regular,04-09-2023,27-08-2023,BLK_KOL_052,13,6183.54
KOL_CUST_006788,Esplanade,Central Kolkata,Kolkata,Regular,23-01-2023,31-12-2022,BLK_KOL_010,11,4403.21
KOL_CUST_006789,Rajarhat,Salt Lake & New Town,Kolkata,Regular,28-08-2024,01-08-2024,BLK_KOL_036,10,4317.82
KOL_CUST_006790,Ultadanga,North Kolkata,Kolkata,New,25-09-2023,24-09-2023,BLK_KOL_004,6,2325.135
KOL_CUST_006791,Behala,East Kolkata,Kolkata,Regular,19-11-2023,31-10-2023,BLK_KOL_045,11,4532.59
KOL_CUST_006792,Shyambazar,North Kolkata,Kolkata,Regular,19-05-2023,30-04-2023,BLK_KOL_003,9,2864.6
KOL_CUST_006793,Behala,East Kolkata,Kolkata,Regular,30-05-2023,21-05-2023,BLK_KOL_044,18,5108.77
KOL_CUST_006794,Salt Lake,Salt Lake & New Town,Kolkata,Premium,07-02-2024,31-01-2024,BLK_KOL_030,15,6187.12
KOL_CUST_006795,Gariahat,South Kolkata,Kolkata,Regular,04-03-2024,19-02-2024,BLK_KOL_022,14,7129.04
KOL_CUST_006796,Kasba,East Kolkata,Kolkata,Regular,20-10-2024,21-09-2024,BLK_KOL_041,11,5126.83
KOL_CUST_006797,Howrah,Howrah District,Kolkata,Regular,11-05-2024,20-04-2024,BLK_KOL_048,8,5315.92
KOL_CUST_006798,Ultadanga,North Kolkata,Kolkata,Premium,19-02-2024,22-01-2024,BLK_KOL_006,11,5900.67
KOL_CUST_006799,Shyambazar,North Kolkata,Kolkata,Regular,17-03-2023,21-02-2023,BLK_KOL_001,10,3836.87
KOL_CUST_006800,Santragachi,Howrah District,Kolkata,Regular,23-11-2023,02-11-2023,BLK_KOL_053,9,5899.97
KOL_CUST_006801,Howrah,Howrah District,Kolkata,Regular,26-06-2024,19-06-2024,BLK_KOL_047,12,5871.95
KOL_CUST_006802,Salt Lake,Salt Lake & New Town,Kolkata,Regular,19-06-2023,11-06-2023,BLK_KOL_028,8,4359.55
KOL_CUST_006803,Park Street,Central Kolkata,Kolkata,Regular,28-09-2023,03-09-2023,BLK_KOL_015,7,3887.82
KOL_CUST_006804,Behala,East Kolkata,Kolkata,Regular,21-08-2024,09-08-2024,BLK_KOL_043,10,5384.86
KOL_CUST_006805,New Town,Salt Lake & New Town,Kolkata,Regular,09-10-2023,22-09-2023,BLK_KOL_032,6,2449.69
KOL_CUST_006806,Rajarhat,Salt Lake & New Town,Kolkata,New,12-10-2023,02-10-2023,BLK_KOL_036,6,2011.04
KOL_CUST_006807,Kasba,East Kolkata,Kolkata,Regular,26-04-2024,19-04-2024,BLK_KOL_041,10,3342.7
KOL_CUST_006808,EM Bypass,East Kolkata,Kolkata,Regular,30-09-2024,03-09-2024,BLK_KOL_037,10,6763.95
KOL_CUST_006809,Salt Lake,Salt Lake & New Town,Kolkata,Regular,24-11-2023,29-10-2023,BLK_KOL_029,7,2443.96
KOL_CUST_006810,Behala,East Kolkata,Kolkata,Regular,16-01-2023,28-12-2022,BLK_KOL_044,7,2606.41
KOL_CUST_006811,Gariahat,South Kolkata,Kolkata,Regular,20-03-2023,10-03-2023,BLK_KOL_023,15,8287.55
KOL_CUST_006812,Howrah,Howrah District,Kolkata,Regular,20-05-2023,26-04-2023,BLK_KOL_046,14,6841.12
KOL_CUST_006813,B.B.D. Bagh,Central Kolkata,Kolkata,Premium,01-08-2023,11-07-2023,BLK_KOL_017,9,4519.72
KOL_CUST_006814,New Town,Salt Lake & New Town,Kolkata,New,22-10-2023,29-09-2023,BLK_KOL_033,5,2136.16
KOL_CUST_006815,Howrah,Howrah District,Kolkata,Regular,07-07-2023,22-06-2023,BLK_KOL_047,12,5073.75
KOL_CUST_006816,Shibpur,Howrah District,Kolkata,Regular,04-02-2024,10-01-2024,BLK_KOL_049,14,8035.86
KOL_CUST_006817,Kasba,East Kolkata,Kolkata,Regular,04-05-2023,01-05-2023,BLK_KOL_040,16,7215.23
KOL_CUST_006818,New Town,Salt Lake & New Town,Kolkata,Regular,28-05-2024,17-05-2024,BLK_KOL_031,12,4179.76
KOL_CUST_006819,Park Street,Central Kolkata,Kolkata,Premium,03-02-2024,16-01-2024,BLK_KOL_015,8,3938.88
KOL_CUST_006820,Behala,East Kolkata,Kolkata,Regular,13-01-2023,23-12-2022,BLK_KOL_044,6,1521.18
KOL_CUST_006821,Tollygunge,South Kolkata,Kolkata,Regular,24-03-2023,10-03-2023,BLK_KOL_026,10,3339.17
KOL_CUST_006822,Ballygunge,South Kolkata,Kolkata,Regular,07-02-2023,11-01-2023,BLK_KOL_020,7,3337.01
KOL_CUST_006823,Howrah,Howrah District,Kolkata,Premium,18-10-2024,02-10-2024,BLK_KOL_047,11,7334.87
KOL_CUST_006824,Park Street,Central Kolkata,Kolkata,Premium,10-03-2024,21-02-2024,BLK_KOL_015,9,4760.27
KOL_CUST_006825,Esplanade,Central Kolkata,Kolkata,Premium,17-11-2023,08-11-2023,BLK_KOL_011,14,6959.42
KOL_CUST_006826,Kasba,East Kolkata,Kolkata,Regular,30-01-2024,19-01-2024,BLK_KOL_042,4,1460.44
KOL_CUST_006827,Howrah,Howrah District,Kolkata,Premium,11-06-2023,14-05-2023,BLK_KOL_048,13,9427.12
KOL_CUST_006828,Ultadanga,North Kolkata,Kolkata,Regular,13-05-2023,22-04-2023,BLK_KOL_004,11,5283.16
KOL_CUST_006829,Shyambazar,North Kolkata,Kolkata,Premium,05-01-2024,27-12-2023,BLK_KOL_001,3,1169.13
KOL_CUST_006830,Rajarhat,Salt Lake & New Town,Kolkata,New,30-03-2023,21-03-2023,BLK_KOL_034,6,1487.63
KOL_CUST_006831,B.B.D. Bagh,Central Kolkata,Kolkata,Regular,08-01-2023,15-12-2022,BLK_KOL_017,9,4495.15
KOL_CUST_006832,EM Bypass,East Kolkata,Kolkata,Regular,28-09-2023,01-09-2023,BLK_KOL_039,8,3490.06
KOL_CUST_006833,Ultadanga,North Kolkata,Kolkata,Premium,25-06-2024,21-06-2024,BLK_KOL_005,12,6147.34
KOL_CUST_006834,Park Street,Central Kolkata,Kolkata,Premium,02-02-2024,26-01-2024,BLK_KOL_015,2,1349.79
KOL_CUST_006835,Tollygunge,South Kolkata,Kolkata,Regular,04-08-2023,21-07-2023,BLK_KOL_026,4,2959.9
KOL_CUST_006836,Behala,East Kolkata,Kolkata,Regular,11-09-2024,02-09-2024,BLK_KOL_045,5,3291.44
KOL_CUST_006837,Park Street,Central Kolkata,Kolkata,Regular,14-06-2023,29-05-2023,BLK_KOL_013,7,2695.66
KOL_CUST_006838,Ballygunge,South Kolkata,Kolkata,Regular,05-01-2024,15-12-2023,BLK_KOL_020,8,3268.82
KOL_CUST_006839,Baghbazar,North Kolkata,Kolkata,New,06-04-2023,03-04-2023,BLK_KOL_009,6,1908.59
KOL_CUST_006840,B.B.D. Bagh,Central Kolkata,Kolkata,New,16-01-2024,02-01-2024,BLK_KOL_016,12,5811.78
KOL_CUST_006841,Ultadanga,North Kolkata,Kolkata,New,20-07-2023,07-07-2023,BLK_KOL_005,5,1719.84
KOL_CUST_006842,Kasba,East Kolkata,Kolkata,Regular,11-09-2024,02-09-2024,BLK_KOL_041,10,6177.32
KOL_CUST_006843,Baghbazar,North Kolkata,Kolkata,Regular,06-09-2023,29-08-2023,BLK_KOL_008,3,1092.67
KOL_CUST_006844,Kasba,East Kolkata,Kolkata,Regular,30-07-2023,06-07-2023,BLK_KOL_042,10,3843.25
KOL_CUST_006845,Park Street,Central Kolkata,Kolkata,Regular,24-08-2023,27-07-2023,BLK_KOL_013,10,5222.72
KOL_CUST_006846,Rajarhat,Salt Lake & New Town,Kolkata,Regular,04-07-2024,19-06-2024,BLK_KOL_034,9,7670.78
KOL_CUST_006847,EM Bypass,East Kolkata,Kolkata,Regular,22-06-2023,06-06-2023,BLK_KOL_037,17,8729.58
KOL_CUST_006848,Baghbazar,North Kolkata,Kolkata,Premium,12-09-2024,20-08-2024,BLK_KOL_008,8,3490.165
KOL_CUST_006849,Salt Lake,Salt Lake & New Town,Kolkata,Regular,16-07-2024,22-06-2024,BLK_KOL_029,18,8892.63
KOL_CUST_006850,Baghbazar,North Kolkata,Kolkata,Premium,23-05-2023,03-05-2023,BLK_KOL_009,8,4619.73
KOL_CUST_006851,Ballygunge,South Kolkata,Kolkata,Premium,01-05-2024,12-04-2024,BLK_KOL_021,16,5153.34
KOL_CUST_006852,Behala,East Kolkata,Kolkata,Regular,03-07-2023,14-06-2023,BLK_KOL_043,4,1553.33
KOL_CUST_006853,Ultadanga,North Kolkata,Kolkata,Regular,31-10-2023,04-10-2023,BLK_KOL_005,14,7296.395
KOL_CUST_006854,EM Bypass,East Kolkata,Kolkata,Premium,24-11-2023,11-11-2023,BLK_KOL_039,7,4001.12
KOL_CUST_006855,Park Street,Central Kolkata,Kolkata,Regular,01-03-2024,28-02-2024,BLK_KOL_014,4,2011.535
KOL_CUST_006856,Baghbazar,North Kolkata,Kolkata,Regular,04-11-2023,20-10-2023,BLK_KOL_009,10,4949.94
KOL_CUST_006857,Ultadanga,North Kolkata,Kolkata,Premium,13-09-2024,06-09-2024,BLK_KOL_004,11,4353.16
KOL_CUST_006858,Rajarhat,Salt Lake & New Town,Kolkata,New,10-04-2024,18-03-2024,BLK_KOL_036,8,3084.38
KOL_CUST_006859,Gariahat,South Kolkata,Kolkata,New,05-07-2024,19-06-2024,BLK_KOL_024,11,4404.955
KOL_CUST_006860,B.B.D. Bagh,Central Kolkata,Kolkata,Regular,11-06-2024,24-05-2024,BLK_KOL_018,13,6177.31
KOL_CUST_006861,Behala,East Kolkata,Kolkata,Regular,01-11-2023,22-10-2023,BLK_KOL_043,7,4402.1
KOL_CUST_006862,Ultadanga,North Kolkata,Kolkata,Regular,31-08-2023,01-08-2023,BLK_KOL_004,9,4440.42
KOL_CUST_006863,Esplanade,Central Kolkata,Kolkata,Premium,24-02-2023,28-01-2023,BLK_KOL_012,7,3661.02
KOL_CUST_006864,Shyambazar,North Kolkata,Kolkata,Regular,28-09-2023,21-09-2023,BLK_KOL_003,11,4469.15
KOL_CUST_006865,Esplanade,Central Kolkata,Kolkata,Regular,28-09-2023,09-09-2023,BLK_KOL_010,8,2901.31
KOL_CUST_006866,Tollygunge,South Kolkata,Kolkata,Premium,13-09-2023,30-08-2023,BLK_KOL_027,8,3409.43
KOL_CUST_006867,Santragachi,Howrah District,Kolkata,Regular,01-06-2023,29-05-2023,BLK_KOL_053,8,2231.19
KOL_CUST_006868,Baghbazar,North Kolkata,Kolkata,Regular,05-09-2023,15-08-2023,BLK_KOL_009,10,7175.36
KOL_CUST_006869,Rajarhat,Salt Lake & New Town,Kolkata,Regular,13-02-2024,22-01-2024,BLK_KOL_036,11,5198.75
KOL_CUST_006870,Rajarhat,Salt Lake & New Town,Kolkata,Premium,29-01-2023,21-01-2023,BLK_KOL_036,7,2709.71
KOL_CUST_006871,Rajarhat,Salt Lake & New Town,Kolkata,Regular,06-10-2024,20-09-2024,BLK_KOL_036,13,7465.37
KOL_CUST_006872,Kasba,East Kolkata,Kolkata,Regular,16-09-2023,29-08-2023,BLK_KOL_040,13,4026.32
KOL_CUST_006873,B.B.D. Bagh,Central Kolkata,Kolkata,Regular,24-04-2024,12-04-2024,BLK_KOL_017,11,4597.5
KOL_CUST_006874,Santragachi,Howrah District,Kolkata,Regular,26-09-2024,22-09-2024,BLK_KOL_054,9,4014.88
KOL_CUST_006875,Ballygunge,South Kolkata,Kolkata,Regular,30-01-2023,20-01-2023,BLK_KOL_019,9,3376.75
KOL_CUST_006876,B.B.D. Bagh,Central Kolkata,Kolkata,New,27-06-2023,11-06-2023,BLK_KOL_017,7,2169.04
KOL_CUST_006877,Tollygunge,South Kolkata,Kolkata,Premium,13-06-2024,22-05-2024,BLK_KOL_026,6,3153.77
KOL_CUST_006878,Shibpur,Howrah District,Kolkata,New,27-11-2023,23-11-2023,BLK_KOL_050,10,6912.55
KOL_CUST_006879,Rajarhat,Salt Lake & New Town,Kolkata,Regular,26-01-2024,24-01-2024,BLK_KOL_035,6,2783.89
KOL_CUST_006880,Howrah,Howrah District,Kolkata,Regular,27-06-2023,15-06-2023,BLK_KOL_048,12,8863.56
KOL_CUST_006881,New Town,Salt Lake & New Town,Kolkata,Premium,03-01-2023,17-12-2022,BLK_KOL_031,11,2312.45
KOL_CUST_006882,Shyambazar,North Kolkata,Kolkata,Regular,08-01-2023,17-12-2022,BLK_KOL_002,6,1908.74
KOL_CUST_006883,Howrah,Howrah District,Kolkata,Regular,22-07-2023,08-07-2023,BLK_KOL_047,13,6960.52
KOL_CUST_006884,Ballygunge,South Kolkata,Kolkata,New,25-02-2023,12-02-2023,BLK_KOL_020,8,2978.94
KOL_CUST_006885,EM Bypass,East Kolkata,Kolkata,Regular,31-05-2024,20-05-2024,BLK_KOL_039,6,2295.79
KOL_CUST_006886,Gariahat,South Kolkata,Kolkata,Regular,19-04-2023,26-03-2023,BLK_KOL_023,13,6207.83
KOL_CUST_006887,Gariahat,South Kolkata,Kolkata,Regular,01-04-2023,04-03-2023,BLK_KOL_023,8,4887.8
KOL_CUST_006888,Kasba,East Kolkata,Kolkata,Regular,28-03-2024,08-03-2024,BLK_KOL_040,7,3909.58
KOL_CUST_006889,Rajarhat,Salt Lake & New Town,Kolkata,Regular,13-08-2023,06-08-2023,BLK_KOL_035,10,6633.81
KOL_CUST_006890,Howrah,Howrah District,Kolkata,Premium,25-06-2023,19-06-2023,BLK_KOL_048,15,5691.38
KOL_CUST_006891,Salt Lake,Salt Lake & New Town,Kolkata,Premium,12-01-2023,27-12-2022,BLK_KOL_030,7,3009.64
KOL_CUST_006892,Kasba,East Kolkata,Kolkata,New,02-04-2023,12-03-2023,BLK_KOL_040,7,2975.8
KOL_CUST_006893,B.B.D. Bagh,Central Kolkata,Kolkata,Regular,17-07-2023,28-06-2023,BLK_KOL_018,11,5404.66
KOL_CUST_006894,Gariahat,South Kolkata,Kolkata,Regular,28-07-2024,09-07-2024,BLK_KOL_022,6,1763.32
KOL_CUST_006895,New Town,Salt Lake & New Town,Kolkata,Regular,26-01-2023,11-01-2023,BLK_KOL_031,9,4520.46
KOL_CUST_006896,Howrah,Howrah District,Kolkata,Regular,28-04-2024,16-04-2024,BLK_KOL_046,7,2029.22
KOL_CUST_006897,Behala,East Kolkata,Kolkata,Regular,26-09-2024,11-09-2024,BLK_KOL_044,8,5819.54
KOL_CUST_006898,Shibpur,Howrah District,Kolkata,New,26-06-2024,29-05-2024,BLK_KOL_049,8,5521.02
KOL_CUST_006899,Esplanade,Central Kolkata,Kolkata,Regular,13-01-2023,04-01-2023,BLK_KOL_012,11,3906.94
KOL_CUST_006900,Tollygunge,South Kolkata,Kolkata,Premium,18-07-2024,04-07-2024,BLK_KOL_025,11,5443.97
KOL_CUST_006901,New Town,Salt Lake & New Town,Kolkata,Regular,01-04-2023,16-03-2023,BLK_KOL_032,8,3952.75
KOL_CUST_006902,Gariahat,South Kolkata,Kolkata,Premium,13-09-2023,05-09-2023,BLK_KOL_024,11,7473.36
KOL_CUST_006903,Shibpur,Howrah District,Kolkata,Regular,27-05-2023,30-04-2023,BLK_KOL_050,10,3668.42
KOL_CUST_006904,Baghbazar,North Kolkata,Kolkata,Regular,15-10-2024,29-09-2024,BLK_KOL_009,8,7454.09
KOL_CUST_006905,Howrah,Howrah District,Kolkata,Regular,02-03-2023,22-02-2023,BLK_KOL_047,12,4212.84
KOL_CUST_006906,B.B.D. Bagh,Central Kolkata,Kolkata,Regular,21-01-2024,20-01-2024,BLK_KOL_018,11,6528.42
KOL_CUST_006907,New Town,Salt Lake & New Town,Kolkata,Regular,22-06-2023,29-05-2023,BLK_KOL_031,6,2718.67
KOL_CUST_006908,Gariahat,South Kolkata,Kolkata,Regular,24-02-2023,22-02-2023,BLK_KOL_023,9,4224.86
KOL_CUST_006909,Baghbazar,North Kolkata,Kolkata,Regular,14-07-2023,08-07-2023,BLK_KOL_007,13,5403.7
KOL_CUST_006910,Park Street,Central Kolkata,Kolkata,Premium,28-08-2024,23-08-2024,BLK_KOL_013,5,2529.31
KOL_CUST_006911,Gariahat,South Kolkata,Kolkata,Regular,04-11-2023,10-10-2023,BLK_KOL_022,10,5464.55
KOL_CUST_006912,Gariahat,South Kolkata,Kolkata,New,25-08-2023,13-08-2023,BLK_KOL_022,9,3288.95
KOL_CUST_006913,Howrah,Howrah District,Kolkata,Regular,06-02-2023,05-02-2023,BLK_KOL_046,9,3680.78
KOL_CUST_006914,B.B.D. Bagh,Central Kolkata,Kolkata,Regular,02-10-2023,02-09-2023,BLK_KOL_016,10,3937.24
KOL_CUST_006915,Howrah,Howrah District,Kolkata,Regular,14-01-2023,29-12-2022,BLK_KOL_048,17,10578.45
KOL_CUST_006916,Santragachi,Howrah District,Kolkata,New,03-04-2023,19-03-2023,BLK_KOL_054,6,4416.65
KOL_CUST_006917,Kasba,East Kolkata,Kolkata,New,04-02-2023,20-01-2023,BLK_KOL_040,11,4993.01
KOL_CUST_006918,Shibpur,Howrah District,Kolkata,Regular,11-08-2024,28-07-2024,BLK_KOL_051,7,3545.54
KOL_CUST_006919,Howrah,Howrah District,Kolkata,Regular,12-09-2024,01-09-2024,BLK_KOL_048,9,3530.41
KOL_CUST_006920,Shyambazar,North Kolkata,Kolkata,Regular,29-01-2024,19-01-2024,BLK_KOL_001,5,1510.2
KOL_CUST_006921,Rajarhat,Salt Lake & New Town,Kolkata,Regular,15-08-2024,26-07-2024,BLK_KOL_036,9,3310.85
KOL_CUST_006922,Shyambazar,North Kolkata,Kolkata,New,09-01-2024,20-12-2023,BLK_KOL_002,13,7107.58
KOL_CUST_006923,B.B.D. Bagh,Central Kolkata,Kolkata,Regular,16-03-2024,11-03-2024,BLK_KOL_016,15,6116.58
KOL_CUST_006924,B.B.D. Bagh,Central Kolkata,Kolkata,Regular,19-05-2023,08-05-2023,BLK_KOL_016,6,2865.46
KOL_CUST_006925,Baghbazar,North Kolkata,Kolkata,Regular,05-08-2024,02-08-2024,BLK_KOL_009,8,4510.85
KOL_CUST_006926,New Town,Salt Lake & New Town,Kolkata,Regular,23-02-2023,30-01-2023,BLK_KOL_033,7,4804.52
KOL_CUST_006927,Behala,East Kolkata,Kolkata,Regular,10-01-2023,07-01-2023,BLK_KOL_044,7,3443.92
KOL_CUST_006928,Santragachi,Howrah District,Kolkata,New,15-11-2023,24-10-2023,BLK_KOL_053,14,7190.88
KOL_CUST_006929,Shyambazar,North Kolkata,Kolkata,Regular,24-06-2023,01-06-2023,BLK_KOL_003,5,3398.97
KOL_CUST_006930,Shyambazar,North Kolkata,Kolkata,Regular,16-05-2023,25-04-2023,BLK_KOL_001,8,5001.14
KOL_CUST_006931,Kasba,East Kolkata,Kolkata,New,19-01-2023,17-01-2023,BLK_KOL_040,13,8145.82
KOL_CUST_006932,Shyambazar,North Kolkata,Kolkata,New,27-08-2023,13-08-2023,BLK_KOL_003,13,7319.42
KOL_CUST_006933,Behala,East Kolkata,Kolkata,Regular,28-09-2023,17-09-2023,BLK_KOL_044,13,8369.38
KOL_CUST_006934,Gariahat,South Kolkata,Kolkata,Regular,18-11-2023,12-11-2023,BLK_KOL_024,10,5440.6
KOL_CUST_006935,Shibpur,Howrah District,Kolkata,Regular,24-04-2024,26-03-2024,BLK_KOL_049,10,4456.04
KOL_CUST_006936,Park Street,Central Kolkata,Kolkata,Premium,12-02-2023,09-02-2023,BLK_KOL_015,12,6010.25
KOL_CUST_006937,Esplanade,Central Kolkata,Kolkata,New,01-12-2023,17-11-2023,BLK_KOL_010,9,4887.17
KOL_CUST_006938,Ultadanga,North Kolkata,Kolkata,Regular,27-09-2024,20-09-2024,BLK_KOL_006,8,5424.62
KOL_CUST_006939,Santragachi,Howrah District,Kolkata,Regular,21-03-2023,21-02-2023,BLK_KOL_053,12,4855.56
KOL_CUST_006940,Shibpur,Howrah District,Kolkata,Regular,04-08-2024,28-07-2024,BLK_KOL_050,14,6516
KOL_CUST_006941,Kasba,East Kolkata,Kolkata,Premium,05-05-2023,22-04-2023,BLK_KOL_042,14,9283.14
KOL_CUST_006942,Rajarhat,Salt Lake & New Town,Kolkata,Regular,28-06-2024,13-06-2024,BLK_KOL_034,6,2857.09
KOL_CUST_006943,New Town,Salt Lake & New Town,Kolkata,Regular,01-12-2023,07-11-2023,BLK_KOL_032,10,7618.73
KOL_CUST_006944,Behala,East Kolkata,Kolkata,Regular,27-09-2023,26-09-2023,BLK_KOL_044,8,2379.64
KOL_CUST_006945,B.B.D. Bagh,Central Kolkata,Kolkata,Regular,05-03-2023,09-02-2023,BLK_KOL_016,10,5719.97
KOL_CUST_006946,Baghbazar,North Kolkata,Kolkata,New,01-03-2023,03-02-2023,BLK_KOL_008,5,1900.11
KOL_CUST_006947,Behala,East Kolkata,Kolkata,Regular,10-06-2023,31-05-2023,BLK_KOL_044,6,2251.17
KOL_CUST_006948,Howrah,Howrah District,Kolkata,Regular,24-01-2024,19-01-2024,BLK_KOL_046,9,3444.45
KOL_CUST_006949,Esplanade,Central Kolkata,Kolkata,Premium,09-07-2023,07-07-2023,BLK_KOL_011,11,5674.46
KOL_CUST_006950,Salt Lake,Salt Lake & New Town,Kolkata,Regular,04-10-2023,03-10-2023,BLK_KOL_028,16,6979.98
KOL_CUST_006951,Esplanade,Central Kolkata,Kolkata,Premium,05-10-2023,14-09-2023,BLK_KOL_011,6,2653.48
KOL_CUST_006952,EM Bypass,East Kolkata,Kolkata,Regular,15-02-2024,05-02-2024,BLK_KOL_039,9,5393.37
KOL_CUST_006953,Tollygunge,South Kolkata,Kolkata,Regular,01-01-2023,30-12-2022,BLK_KOL_026,17,8930.12
KOL_CUST_006954,Salt Lake,Salt Lake & New Town,Kolkata,Premium,01-07-2023,10-06-2023,BLK_KOL_030,11,3691.64
KOL_CUST_006955,Park Street,Central Kolkata,Kolkata,Premium,02-04-2023,05-03-2023,BLK_KOL_015,14,8658.38
KOL_CUST_006956,Ultadanga,North Kolkata,Kolkata,Regular,15-07-2024,19-06-2024,BLK_KOL_005,9,7472.14
KOL_CUST_006957,Gariahat,South Kolkata,Kolkata,Regular,04-01-2023,12-12-2022,BLK_KOL_024,11,6370.98
KOL_CUST_006958,Shibpur,Howrah District,Kolkata,Regular,25-04-2024,12-04-2024,BLK_KOL_051,3,1187.975
KOL_CUST_006959,Ballygunge,South Kolkata,Kolkata,Premium,28-03-2023,22-03-2023,BLK_KOL_021,9,2912.05
KOL_CUST_006960,New Town,Salt Lake & New Town,Kolkata,Regular,19-02-2024,02-02-2024,BLK_KOL_033,8,4973.66
KOL_CUST_006961,Gariahat,South Kolkata,Kolkata,New,04-07-2023,12-06-2023,BLK_KOL_024,6,1350.905
KOL_CUST_006962,Tollygunge,South Kolkata,Kolkata,Regular,27-07-2024,19-07-2024,BLK_KOL_025,10,3926.1
KOL_CUST_006963,Ultadanga,North Kolkata,Kolkata,Regular,18-01-2024,11-01-2024,BLK_KOL_005,15,6870.77
KOL_CUST_006964,Santragachi,Howrah District,Kolkata,New,24-02-2023,06-02-2023,BLK_KOL_053,11,6457.8
KOL_CUST_006965,Kasba,East Kolkata,Kolkata,Regular,09-09-2023,05-09-2023,BLK_KOL_040,8,3996.48
KOL_CUST_006966,EM Bypass,East Kolkata,Kolkata,Premium,22-04-2023,03-04-2023,BLK_KOL_037,6,6237.16
KOL_CUST_006967,Behala,East Kolkata,Kolkata,Regular,23-03-2023,04-03-2023,BLK_KOL_043,6,2585.16
KOL_CUST_006968,Esplanade,Central Kolkata,Kolkata,New,27-07-2024,27-06-2024,BLK_KOL_010,9,6741.77
KOL_CUST_006969,Gariahat,South Kolkata,Kolkata,New,27-04-2024,09-04-2024,BLK_KOL_023,9,2060.43
KOL_CUST_006970,Esplanade,Central Kolkata,Kolkata,Premium,08-10-2024,06-10-2024,BLK_KOL_011,16,5633.77
KOL_CUST_006971,Tollygunge,South Kolkata,Kolkata,Regular,07-05-2023,02-05-2023,BLK_KOL_027,8,5169.675
KOL_CUST_006972,Gariahat,South Kolkata,Kolkata,Regular,07-06-2023,03-06-2023,BLK_KOL_024,13,5276.28
KOL_CUST_006973,EM Bypass,East Kolkata,Kolkata,Regular,15-04-2023,21-03-2023,BLK_KOL_039,6,1687.78
KOL_CUST_006974,Rajarhat,Salt Lake & New Town,Kolkata,New,26-10-2024,10-10-2024,BLK_KOL_035,12,3562.755
KOL_CUST_006975,Ultadanga,North Kolkata,Kolkata,Regular,13-01-2023,27-12-2022,BLK_KOL_005,11,5504.48
KOL_CUST_006976,Behala,East Kolkata,Kolkata,Regular,06-08-2023,03-08-2023,BLK_KOL_043,9,4411.33
KOL_CUST_006977,Howrah,Howrah District,Kolkata,Premium,29-04-2023,20-04-2023,BLK_KOL_046,14,7348.24
KOL_CUST_006978,Baghbazar,North Kolkata,Kolkata,Regular,26-07-2023,27-06-2023,BLK_KOL_009,6,3485.82
KOL_CUST_006979,Ultadanga,North Kolkata,Kolkata,Regular,14-05-2024,02-05-2024,BLK_KOL_006,7,3419.51
KOL_CUST_006980,Tollygunge,South Kolkata,Kolkata,Regular,09-06-2023,23-05-2023,BLK_KOL_025,11,6855.65
KOL_CUST_006981,Park Street,Central Kolkata,Kolkata,Regular,04-05-2023,24-04-2023,BLK_KOL_013,11,7344.5
KOL_CUST_006982,Rajarhat,Salt Lake & New Town,Kolkata,Regular,12-02-2023,08-02-2023,BLK_KOL_035,11,7103.84
KOL_CUST_006983,Behala,East Kolkata,Kolkata,Regular,25-07-2023,09-07-2023,BLK_KOL_045,8,2778.285
KOL_CUST_006984,Park Street,Central Kolkata,Kolkata,Regular,28-08-2023,02-08-2023,BLK_KOL_015,4,1534.08
KOL_CUST_006985,Gariahat,South Kolkata,Kolkata,Regular,19-06-2023,09-06-2023,BLK_KOL_024,13,4839.64
KOL_CUST_006986,Howrah,Howrah District,Kolkata,Regular,02-01-2024,17-12-2023,BLK_KOL_046,12,5081.92
KOL_CUST_006987,Esplanade,Central Kolkata,Kolkata,Regular,22-07-2023,23-06-2023,BLK_KOL_010,12,4453.07
KOL_CUST_006988,B.B.D. Bagh,Central Kolkata,Kolkata,Premium,30-09-2023,23-09-2023,BLK_KOL_018,16,5893.08
KOL_CUST_006989,New Town,Salt Lake & New Town,Kolkata,Premium,19-05-2023,12-05-2023,BLK_KOL_031,6,1440.2
KOL_CUST_006990,Kasba,East Kolkata,Kolkata,Regular,15-02-2024,06-02-2024,BLK_KOL_040,4,2240.79
KOL_CUST_006991,Rajarhat,Salt Lake & New Town,Kolkata,Regular,28-11-2023,16-11-2023,BLK_KOL_035,12,5052.01
KOL_CUST_006992,Park Street,Central Kolkata,Kolkata,Regular,04-07-2024,06-06-2024,BLK_KOL_013,7,4011.04
KOL_CUST_006993,Shyambazar,North Kolkata,Kolkata,Regular,28-02-2023,26-02-2023,BLK_KOL_001,16,10286.64
KOL_CUST_006994,Tollygunge,South Kolkata,Kolkata,New,26-09-2024,03-09-2024,BLK_KOL_027,10,4764.99
KOL_CUST_006995,B.B.D. Bagh,Central Kolkata,Kolkata,Regular,16-09-2023,09-09-2023,BLK_KOL_016,10,4449.23
KOL_CUST_006996,B.B.D. Bagh,Central Kolkata,Kolkata,Regular,18-04-2024,19-03-2024,BLK_KOL_018,11,4993.78
KOL_CUST_006997,Gariahat,South Kolkata,Kolkata,Premium,06-04-2023,29-03-2023,BLK_KOL_024,11,3717.68
KOL_CUST_006998,Kasba,East Kolkata,Kolkata,New,18-04-2023,04-04-2023,BLK_KOL_040,12,4754.11
KOL_CUST_006999,Kasba,East Kolkata,Kolkata,New,20-06-2024,25-05-2024,BLK_KOL_040,12,6989.41
KOL_CUST_007000,Esplanade,Central Kolkata,Kolkata,Regular,06-07-2023,18-06-2023,BLK_KOL_011,14,6908.83
KOL_CUST_007001,Behala,East Kolkata,Kolkata,Regular,25-10-2024,06-10-2024,BLK_KOL_043,7,4193.75
KOL_CUST_007002,Ballygunge,South Kolkata,Kolkata,Regular,13-04-2024,01-04-2024,BLK_KOL_021,5,2459.43
KOL_CUST_007003,Howrah,Howrah District,Kolkata,Regular,10-05-2023,01-05-2023,BLK_KOL_048,12,6564.71
KOL_CUST_007004,Shyambazar,North Kolkata,Kolkata,Regular,18-06-2024,28-05-2024,BLK_KOL_002,12,6039.04
KOL_CUST_007005,Behala,East Kolkata,Kolkata,Regular,17-04-2024,15-04-2024,BLK_KOL_044,11,3598.68
KOL_CUST_007006,EM Bypass,East Kolkata,Kolkata,New,19-08-2023,03-08-2023,BLK_KOL_039,11,3921.08
KOL_CUST_007007,Shyambazar,North Kolkata,Kolkata,Premium,01-07-2023,24-06-2023,BLK_KOL_002,6,2599.45
KOL_CUST_007008,Santragachi,Howrah District,Kolkata,Premium,22-08-2023,11-08-2023,BLK_KOL_054,8,3573.86
KOL_CUST_007009,Esplanade,Central Kolkata,Kolkata,Regular,10-10-2023,01-10-2023,BLK_KOL_010,9,2756.625
KOL_CUST_007010,Shyambazar,North Kolkata,Kolkata,Premium,30-04-2023,28-04-2023,BLK_KOL_002,8,2917.81
KOL_CUST_007011,Gariahat,South Kolkata,Kolkata,Regular,22-01-2023,10-01-2023,BLK_KOL_022,8,4325.72
KOL_CUST_007012,Baghbazar,North Kolkata,Kolkata,Regular,14-07-2023,22-06-2023,BLK_KOL_009,8,4597.16
KOL_CUST_007013,Howrah,Howrah District,Kolkata,Regular,15-10-2023,07-10-2023,BLK_KOL_046,6,1364.04
KOL_CUST_007014,Baghbazar,North Kolkata,Kolkata,Regular,23-10-2024,22-10-2024,BLK_KOL_009,11,7246.09
KOL_CUST_007015,Kasba,East Kolkata,Kolkata,Regular,01-05-2023,23-04-2023,BLK_KOL_042,11,5672.01
KOL_CUST_007016,Rajarhat,Salt Lake & New Town,Kolkata,Premium,13-05-2023,08-05-2023,BLK_KOL_036,10,4816.06
KOL_CUST_007017,B.B.D. Bagh,Central Kolkata,Kolkata,New,08-06-2024,23-05-2024,BLK_KOL_016,6,3677.41
KOL_CUST_007018,Park Street,Central Kolkata,Kolkata,Premium,13-06-2023,18-05-2023,BLK_KOL_014,12,6660.62
KOL_CUST_007019,Park Street,Central Kolkata,Kolkata,New,06-08-2024,02-08-2024,BLK_KOL_015,6,4243.12
KOL_CUST_007020,Gariahat,South Kolkata,Kolkata,Premium,04-05-2023,02-05-2023,BLK_KOL_022,11,5238.09
KOL_CUST_007021,Ultadanga,North Kolkata,Kolkata,Regular,01-04-2023,03-03-2023,BLK_KOL_006,12,5515.96
KOL_CUST_007022,Shyambazar,North Kolkata,Kolkata,New,22-01-2023,19-01-2023,BLK_KOL_003,13,4830.97
KOL_CUST_007023,Howrah,Howrah District,Kolkata,New,04-04-2024,21-03-2024,BLK_KOL_046,4,2118.05
KOL_CUST_007024,Kasba,East Kolkata,Kolkata,New,26-01-2024,19-01-2024,BLK_KOL_040,7,3013.175
KOL_CUST_007025,Baghbazar,North Kolkata,Kolkata,New,12-10-2024,20-09-2024,BLK_KOL_008,10,5869.62
KOL_CUST_007026,Esplanade,Central Kolkata,Kolkata,New,20-04-2023,04-04-2023,BLK_KOL_010,9,2691.905
KOL_CUST_007027,Ultadanga,North Kolkata,Kolkata,Premium,14-04-2023,05-04-2023,BLK_KOL_005,8,4472.81
KOL_CUST_007028,Shyambazar,North Kolkata,Kolkata,Regular,27-11-2023,22-11-2023,BLK_KOL_002,10,3543.3
KOL_CUST_007029,Ultadanga,North Kolkata,Kolkata,Premium,16-05-2023,20-04-2023,BLK_KOL_005,12,5028.01
KOL_CUST_007030,Shyambazar,North Kolkata,Kolkata,Regular,25-05-2024,08-05-2024,BLK_KOL_002,11,5443.14
KOL_CUST_007031,Behala,East Kolkata,Kolkata,Regular,30-09-2024,10-09-2024,BLK_KOL_045,6,1878.7
KOL_CUST_007032,Gariahat,South Kolkata,Kolkata,Regular,08-08-2023,10-07-2023,BLK_KOL_022,11,6311.11
KOL_CUST_007033,B.B.D. Bagh,Central Kolkata,Kolkata,Premium,18-08-2023,30-07-2023,BLK_KOL_016,5,1978.59
KOL_CUST_007034,B.B.D. Bagh,Central Kolkata,Kolkata,Regular,16-06-2024,12-06-2024,BLK_KOL_016,7,3591.08
KOL_CUST_007035,Gariahat,South Kolkata,Kolkata,Regular,04-07-2023,05-06-2023,BLK_KOL_022,10,3815.11
KOL_CUST_007036,Gariahat,South Kolkata,Kolkata,Regular,16-09-2024,21-08-2024,BLK_KOL_024,8,3373.01
KOL_CUST_007037,Tollygunge,South Kolkata,Kolkata,Premium,06-11-2023,10-10-2023,BLK_KOL_025,11,5469.18
KOL_CUST_007038,B.B.D. Bagh,Central Kolkata,Kolkata,Regular,18-05-2024,11-05-2024,BLK_KOL_017,18,10039.25
KOL_CUST_007039,Shibpur,Howrah District,Kolkata,Regular,06-06-2023,16-05-2023,BLK_KOL_049,7,3073.77
KOL_CUST_007040,Shyambazar,North Kolkata,Kolkata,Regular,13-06-2023,26-05-2023,BLK_KOL_002,11,5974.17
KOL_CUST_007041,Ultadanga,North Kolkata,Kolkata,Regular,22-03-2023,20-03-2023,BLK_KOL_005,8,2566.39
KOL_CUST_007042,Ultadanga,North Kolkata,Kolkata,Regular,29-02-2024,24-02-2024,BLK_KOL_005,9,2741.55
KOL_CUST_007043,Baghbazar,North Kolkata,Kolkata,New,04-07-2024,11-06-2024,BLK_KOL_009,8,3029.68
KOL_CUST_007044,Salt Lake,Salt Lake & New Town,Kolkata,Premium,03-08-2023,09-07-2023,BLK_KOL_030,6,2321.62
KOL_CUST_007045,Kasba,East Kolkata,Kolkata,Premium,20-07-2023,18-07-2023,BLK_KOL_041,8,2047.84
KOL_CUST_007046,EM Bypass,East Kolkata,Kolkata,Regular,20-01-2023,21-12-2022,BLK_KOL_039,7,3772.43
KOL_CUST_007047,New Town,Salt Lake & New Town,Kolkata,Premium,24-04-2023,18-04-2023,BLK_KOL_032,11,5633.49
KOL_CUST_007048,EM Bypass,East Kolkata,Kolkata,Regular,15-02-2023,02-02-2023,BLK_KOL_039,9,4717.67
KOL_CUST_007049,Park Street,Central Kolkata,Kolkata,Regular,23-07-2024,15-07-2024,BLK_KOL_013,5,1916.05
KOL_CUST_007050,EM Bypass,East Kolkata,Kolkata,New,06-11-2023,01-11-2023,BLK_KOL_038,8,3289.05
KOL_CUST_007051,Shyambazar,North Kolkata,Kolkata,Regular,20-10-2023,16-10-2023,BLK_KOL_001,7,2517.21
KOL_CUST_007052,Salt Lake,Salt Lake & New Town,Kolkata,Premium,27-07-2023,02-07-2023,BLK_KOL_030,14,6940.83
KOL_CUST_007053,Rajarhat,Salt Lake & New Town,Kolkata,Regular,26-10-2023,03-10-2023,BLK_KOL_036,8,3429.85
KOL_CUST_007054,New Town,Salt Lake & New Town,Kolkata,Regular,21-04-2023,13-04-2023,BLK_KOL_032,11,6184.64
KOL_CUST_007055,B.B.D. Bagh,Central Kolkata,Kolkata,Regular,25-04-2024,13-04-2024,BLK_KOL_017,7,2971.54
KOL_CUST_007056,Kasba,East Kolkata,Kolkata,Regular,31-08-2023,23-08-2023,BLK_KOL_041,8,4065.08
KOL_CUST_007057,Shyambazar,North Kolkata,Kolkata,Regular,29-08-2023,12-08-2023,BLK_KOL_001,13,6956.64
KOL_CUST_007058,EM Bypass,East Kolkata,Kolkata,Premium,13-10-2023,29-09-2023,BLK_KOL_038,4,1089.76
KOL_CUST_007059,Kasba,East Kolkata,Kolkata,Regular,05-07-2023,28-06-2023,BLK_KOL_041,4,2488.65
KOL_CUST_007060,Behala,East Kolkata,Kolkata,Premium,08-07-2023,28-06-2023,BLK_KOL_045,11,6990.44
KOL_CUST_007061,Rajarhat,Salt Lake & New Town,Kolkata,Regular,22-03-2023,17-03-2023,BLK_KOL_036,6,1786.31
KOL_CUST_007062,Howrah,Howrah District,Kolkata,Regular,09-09-2024,18-08-2024,BLK_KOL_047,19,10526.425
KOL_CUST_007063,B.B.D. Bagh,Central Kolkata,Kolkata,Regular,01-10-2023,16-09-2023,BLK_KOL_017,9,3813.18
KOL_CUST_007064,Shibpur,Howrah District,Kolkata,Regular,25-09-2024,02-09-2024,BLK_KOL_049,11,5359.89
KOL_CUST_007065,Santragachi,Howrah District,Kolkata,Regular,20-02-2024,16-02-2024,BLK_KOL_054,9,4544.74
KOL_CUST_007066,Esplanade,Central Kolkata,Kolkata,Premium,23-07-2023,14-07-2023,BLK_KOL_012,10,4538.07
KOL_CUST_007067,Salt Lake,Salt Lake & New Town,Kolkata,Regular,13-09-2024,01-09-2024,BLK_KOL_030,9,2519.61
KOL_CUST_007068,Kasba,East Kolkata,Kolkata,New,25-10-2023,25-09-2023,BLK_KOL_040,12,5298.21
KOL_CUST_007069,Baghbazar,North Kolkata,Kolkata,New,28-08-2024,30-07-2024,BLK_KOL_009,9,5347.1
KOL_CUST_007070,Baghbazar,North Kolkata,Kolkata,Regular,02-12-2023,19-11-2023,BLK_KOL_007,6,4113.01
KOL_CUST_007071,Salt Lake,Salt Lake & New Town,Kolkata,Regular,11-06-2024,24-05-2024,BLK_KOL_029,13,8222.68
KOL_CUST_007072,Shyambazar,North Kolkata,Kolkata,New,29-11-2023,08-11-2023,BLK_KOL_001,5,3712.84
KOL_CUST_007073,Baghbazar,North Kolkata,Kolkata,New,25-07-2024,22-07-2024,BLK_KOL_009,10,3850.19
KOL_CUST_007074,EM Bypass,East Kolkata,Kolkata,New,04-01-2023,31-12-2022,BLK_KOL_038,7,4429.13
KOL_CUST_007075,Park Street,Central Kolkata,Kolkata,Regular,05-03-2023,02-03-2023,BLK_KOL_015,8,4130.19
KOL_CUST_007076,Shibpur,Howrah District,Kolkata,Regular,14-02-2024,13-02-2024,BLK_KOL_051,7,3584.67
KOL_CUST_007077,New Town,Salt Lake & New Town,Kolkata,Regular,22-05-2023,25-04-2023,BLK_KOL_033,5,3427.31
KOL_CUST_007078,Shyambazar,North Kolkata,Kolkata,Premium,14-02-2023,20-01-2023,BLK_KOL_003,7,2276.24
KOL_CUST_007079,New Town,Salt Lake & New Town,Kolkata,Regular,27-09-2023,03-09-2023,BLK_KOL_032,8,2205.81
KOL_CUST_007080,Behala,East Kolkata,Kolkata,New,17-09-2023,14-09-2023,BLK_KOL_045,12,5040.7
KOL_CUST_007081,Tollygunge,South Kolkata,Kolkata,Regular,05-09-2023,14-08-2023,BLK_KOL_025,7,5158.21
KOL_CUST_007082,Baghbazar,North Kolkata,Kolkata,New,09-05-2024,23-04-2024,BLK_KOL_007,5,3078.43
KOL_CUST_007083,Salt Lake,Salt Lake & New Town,Kolkata,Premium,11-08-2024,12-07-2024,BLK_KOL_029,7,3522.34
KOL_CUST_007084,Park Street,Central Kolkata,Kolkata,Regular,01-11-2023,03-10-2023,BLK_KOL_015,14,5830.225
KOL_CUST_007085,Salt Lake,Salt Lake & New Town,Kolkata,Regular,26-10-2023,12-10-2023,BLK_KOL_028,11,5780.59
KOL_CUST_007086,Tollygunge,South Kolkata,Kolkata,Regular,10-08-2023,21-07-2023,BLK_KOL_025,8,6864.36
KOL_CUST_007087,Esplanade,Central Kolkata,Kolkata,Regular,22-06-2024,14-06-2024,BLK_KOL_010,5,1463.71
KOL_CUST_007088,Kasba,East Kolkata,Kolkata,Premium,18-09-2023,24-08-2023,BLK_KOL_042,8,6673.72
KOL_CUST_007089,Kasba,East Kolkata,Kolkata,Regular,28-08-2023,20-08-2023,BLK_KOL_042,6,2625.25
KOL_CUST_007090,Kasba,East Kolkata,Kolkata,Regular,18-05-2024,07-05-2024,BLK_KOL_042,10,4122.17
KOL_CUST_007091,Ultadanga,North Kolkata,Kolkata,Premium,27-05-2024,04-05-2024,BLK_KOL_006,10,4009.44
KOL_CUST_007092,Howrah,Howrah District,Kolkata,New,23-02-2024,02-02-2024,BLK_KOL_047,16,7897.15
KOL_CUST_007093,Kasba,East Kolkata,Kolkata,Regular,03-05-2024,08-04-2024,BLK_KOL_041,10,5570.73
KOL_CUST_007094,Howrah,Howrah District,Kolkata,Regular,09-11-2023,22-10-2023,BLK_KOL_048,16,6940.76
KOL_CUST_007095,New Town,Salt Lake & New Town,Kolkata,Premium,24-05-2023,06-05-2023,BLK_KOL_033,8,2420.28
KOL_CUST_007096,Shibpur,Howrah District,Kolkata,Regular,25-11-2023,02-11-2023,BLK_KOL_050,8,4118.67
KOL_CUST_007097,Tollygunge,South Kolkata,Kolkata,Regular,07-09-2024,22-08-2024,BLK_KOL_025,7,2484.59
KOL_CUST_007098,Tollygunge,South Kolkata,Kolkata,New,09-07-2024,12-06-2024,BLK_KOL_025,8,5517.62
KOL_CUST_007099,Howrah,Howrah District,Kolkata,Regular,28-01-2023,24-01-2023,BLK_KOL_046,9,3126.11
KOL_CUST_007100,Shibpur,Howrah District,Kolkata,Regular,20-03-2024,08-03-2024,BLK_KOL_050,8,4685.62
KOL_CUST_007101,Baghbazar,North Kolkata,Kolkata,Regular,04-09-2024,24-08-2024,BLK_KOL_008,6,2037.73
KOL_CUST_007102,Shyambazar,North Kolkata,Kolkata,Regular,19-04-2024,16-04-2024,BLK_KOL_003,9,3719.47
KOL_CUST_007103,Esplanade,Central Kolkata,Kolkata,Regular,18-01-2023,30-12-2022,BLK_KOL_010,12,7681.09
KOL_CUST_007104,Tollygunge,South Kolkata,Kolkata,Premium,02-07-2024,01-07-2024,BLK_KOL_026,9,3707.63
KOL_CUST_007105,Rajarhat,Salt Lake & New Town,Kolkata,Regular,06-06-2023,18-05-2023,BLK_KOL_036,7,2071.7
KOL_CUST_007106,Baghbazar,North Kolkata,Kolkata,Regular,18-04-2023,05-04-2023,BLK_KOL_007,14,6621.66
KOL_CUST_007107,Ultadanga,North Kolkata,Kolkata,Regular,19-08-2023,30-07-2023,BLK_KOL_004,7,3637.35
KOL_CUST_007108,B.B.D. Bagh,Central Kolkata,Kolkata,New,28-04-2023,24-04-2023,BLK_KOL_017,17,6503.73
KOL_CUST_007109,Rajarhat,Salt Lake & New Town,Kolkata,Regular,19-01-2024,26-12-2023,BLK_KOL_034,8,4967.57
KOL_CUST_007110,EM Bypass,East Kolkata,Kolkata,Regular,28-03-2023,27-02-2023,BLK_KOL_039,8,3331.39
KOL_CUST_007111,Shyambazar,North Kolkata,Kolkata,New,05-03-2023,09-02-2023,BLK_KOL_001,5,2031.21
KOL_CUST_007112,EM Bypass,East Kolkata,Kolkata,Premium,21-08-2023,17-08-2023,BLK_KOL_038,6,3124.42
KOL_CUST_007113,Esplanade,Central Kolkata,Kolkata,Regular,07-02-2023,02-02-2023,BLK_KOL_011,6,3020.94
KOL_CUST_007114,Park Street,Central Kolkata,Kolkata,Regular,23-03-2024,20-03-2024,BLK_KOL_014,7,2612.46
KOL_CUST_007115,EM Bypass,East Kolkata,Kolkata,Regular,23-09-2023,27-08-2023,BLK_KOL_038,7,3930.53
KOL_CUST_007116,Ballygunge,South Kolkata,Kolkata,New,09-06-2023,11-05-2023,BLK_KOL_019,9,6129.26
KOL_CUST_007117,Kasba,East Kolkata,Kolkata,Regular,11-04-2023,02-04-2023,BLK_KOL_040,10,3916.24
KOL_CUST_007118,Tollygunge,South Kolkata,Kolkata,Regular,11-09-2024,26-08-2024,BLK_KOL_025,9,3825.31
KOL_CUST_007119,Ballygunge,South Kolkata,Kolkata,Regular,26-03-2023,10-03-2023,BLK_KOL_019,11,6406.13
KOL_CUST_007120,B.B.D. Bagh,Central Kolkata,Kolkata,Regular,21-02-2024,11-02-2024,BLK_KOL_018,4,2116.19
KOL_CUST_007121,Shyambazar,North Kolkata,Kolkata,Premium,04-04-2024,15-03-2024,BLK_KOL_001,5,1153.73
KOL_CUST_007122,Howrah,Howrah District,Kolkata,Regular,27-05-2023,12-05-2023,BLK_KOL_048,8,3860.98
KOL_CUST_007123,Salt Lake,Salt Lake & New Town,Kolkata,New,07-11-2023,16-10-2023,BLK_KOL_029,9,3445.37
KOL_CUST_007124,Park Street,Central Kolkata,Kolkata,Regular,17-06-2024,20-05-2024,BLK_KOL_015,8,4630.56
KOL_CUST_007125,Shyambazar,North Kolkata,Kolkata,Regular,21-10-2024,28-09-2024,BLK_KOL_003,9,4761.23
KOL_CUST_007126,Santragachi,Howrah District,Kolkata,Regular,25-01-2023,02-01-2023,BLK_KOL_052,13,6092.81
KOL_CUST_007127,EM Bypass,East Kolkata,Kolkata,Regular,31-08-2023,16-08-2023,BLK_KOL_037,13,5510.27
KOL_CUST_007128,Behala,East Kolkata,Kolkata,Regular,11-03-2023,07-03-2023,BLK_KOL_044,12,8589.8
KOL_CUST_007129,Baghbazar,North Kolkata,Kolkata,Premium,17-09-2023,06-09-2023,BLK_KOL_009,10,5172.15
KOL_CUST_007130,Baghbazar,North Kolkata,Kolkata,Premium,18-08-2023,17-08-2023,BLK_KOL_009,8,3287.13
KOL_CUST_007131,Ballygunge,South Kolkata,Kolkata,Premium,10-11-2023,01-11-2023,BLK_KOL_020,14,8000.73
KOL_CUST_007132,Tollygunge,South Kolkata,Kolkata,Regular,27-05-2024,28-04-2024,BLK_KOL_025,11,6642.45
KOL_CUST_007133,Ballygunge,South Kolkata,Kolkata,Premium,29-09-2023,01-09-2023,BLK_KOL_021,11,4413.08
KOL_CUST_007134,Ultadanga,North Kolkata,Kolkata,Regular,28-07-2023,17-07-2023,BLK_KOL_005,7,4264.05
KOL_CUST_007135,Howrah,Howrah District,Kolkata,Regular,11-02-2023,23-01-2023,BLK_KOL_048,12,4402.46
KOL_CUST_007136,Esplanade,Central Kolkata,Kolkata,New,26-11-2023,14-11-2023,BLK_KOL_012,11,5524.03
KOL_CUST_007137,Behala,East Kolkata,Kolkata,Regular,15-04-2024,09-04-2024,BLK_KOL_045,5,2307.82
KOL_CUST_007138,Esplanade,Central Kolkata,Kolkata,Premium,22-02-2023,09-02-2023,BLK_KOL_011,11,6859.42
KOL_CUST_007139,Shibpur,Howrah District,Kolkata,Regular,31-01-2023,28-01-2023,BLK_KOL_050,7,2403.54
KOL_CUST_007140,Gariahat,South Kolkata,Kolkata,Regular,17-04-2023,07-04-2023,BLK_KOL_024,9,2971.73
KOL_CUST_007141,Santragachi,Howrah District,Kolkata,Regular,29-07-2023,22-07-2023,BLK_KOL_054,5,2015.67
KOL_CUST_007142,Tollygunge,South Kolkata,Kolkata,New,12-08-2024,17-07-2024,BLK_KOL_026,7,3755.18
KOL_CUST_007143,Esplanade,Central Kolkata,Kolkata,Regular,18-08-2023,27-07-2023,BLK_KOL_011,5,2721.06
KOL_CUST_007144,Tollygunge,South Kolkata,Kolkata,Regular,29-06-2023,18-06-2023,BLK_KOL_025,5,3821.66
KOL_CUST_007145,Behala,East Kolkata,Kolkata,Premium,08-01-2024,09-12-2023,BLK_KOL_044,9,3770.47
KOL_CUST_007146,Rajarhat,Salt Lake & New Town,Kolkata,Regular,18-03-2023,18-02-2023,BLK_KOL_036,13,5214.54
KOL_CUST_007147,Tollygunge,South Kolkata,Kolkata,Regular,12-10-2023,17-09-2023,BLK_KOL_027,9,4741.57
KOL_CUST_007148,Santragachi,Howrah District,Kolkata,Regular,16-10-2024,08-10-2024,BLK_KOL_054,11,6502.21
KOL_CUST_007149,New Town,Salt Lake & New Town,Kolkata,Regular,24-09-2023,06-09-2023,BLK_KOL_032,10,2940.44
KOL_CUST_007150,Howrah,Howrah District,Kolkata,Regular,22-02-2023,11-02-2023,BLK_KOL_046,11,5819.5
KOL_CUST_007151,Rajarhat,Salt Lake & New Town,Kolkata,New,28-10-2023,14-10-2023,BLK_KOL_034,10,6698.8
KOL_CUST_007152,Esplanade,Central Kolkata,Kolkata,Regular,04-08-2023,02-08-2023,BLK_KOL_011,7,3827.9
KOL_CUST_007153,Shyambazar,North Kolkata,Kolkata,Regular,03-05-2023,17-04-2023,BLK_KOL_003,8,4904.86
KOL_CUST_007154,EM Bypass,East Kolkata,Kolkata,Premium,05-08-2023,17-07-2023,BLK_KOL_039,6,3103.07
KOL_CUST_007155,Baghbazar,North Kolkata,Kolkata,New,17-02-2024,29-01-2024,BLK_KOL_009,9,2262.89
KOL_CUST_007156,Gariahat,South Kolkata,Kolkata,Regular,30-07-2023,06-07-2023,BLK_KOL_022,12,3862.03
KOL_CUST_007157,Ballygunge,South Kolkata,Kolkata,Regular,03-11-2023,18-10-2023,BLK_KOL_021,5,2822.81
KOL_CUST_007158,Behala,East Kolkata,Kolkata,Regular,14-08-2023,24-07-2023,BLK_KOL_044,10,4939.16
KOL_CUST_007159,Shyambazar,North Kolkata,Kolkata,Regular,02-03-2023,01-02-2023,BLK_KOL_003,4,1862.16
KOL_CUST_007160,Shyambazar,North Kolkata,Kolkata,Regular,27-05-2023,25-05-2023,BLK_KOL_001,5,2793.67
KOL_CUST_007161,Esplanade,Central Kolkata,Kolkata,Regular,17-07-2023,24-06-2023,BLK_KOL_012,12,3799.37
KOL_CUST_007162,Salt Lake,Salt Lake & New Town,Kolkata,New,17-07-2023,09-07-2023,BLK_KOL_030,6,2228.17
KOL_CUST_007163,New Town,Salt Lake & New Town,Kolkata,New,29-04-2023,02-04-2023,BLK_KOL_033,15,6526.07
KOL_CUST_007164,Shyambazar,North Kolkata,Kolkata,Regular,12-08-2023,13-07-2023,BLK_KOL_001,8,4181.14
KOL_CUST_007165,Esplanade,Central Kolkata,Kolkata,New,16-04-2023,17-03-2023,BLK_KOL_011,5,2687.63
KOL_CUST_007166,Ultadanga,North Kolkata,Kolkata,Regular,01-09-2024,10-08-2024,BLK_KOL_005,9,4477.725
KOL_CUST_007167,Shyambazar,North Kolkata,Kolkata,Regular,09-06-2024,17-05-2024,BLK_KOL_002,11,5836.23
KOL_CUST_007168,Santragachi,Howrah District,Kolkata,Regular,27-01-2023,01-01-2023,BLK_KOL_054,8,3844.06
KOL_CUST_007169,Kasba,East Kolkata,Kolkata,Regular,21-07-2023,07-07-2023,BLK_KOL_040,6,2127.17
KOL_CUST_007170,Behala,East Kolkata,Kolkata,Regular,02-10-2024,05-09-2024,BLK_KOL_045,5,2993.34
KOL_CUST_007171,Tollygunge,South Kolkata,Kolkata,Premium,30-08-2023,19-08-2023,BLK_KOL_027,11,4610.13
KOL_CUST_007172,Rajarhat,Salt Lake & New Town,Kolkata,New,08-07-2024,16-06-2024,BLK_KOL_034,12,7956.03
KOL_CUST_007173,Howrah,Howrah District,Kolkata,Premium,23-05-2024,27-04-2024,BLK_KOL_047,13,4188.93
KOL_CUST_007174,Esplanade,Central Kolkata,Kolkata,Regular,12-09-2024,23-08-2024,BLK_KOL_011,11,4860.1
KOL_CUST_007175,Gariahat,South Kolkata,Kolkata,Premium,20-11-2023,22-10-2023,BLK_KOL_022,7,2400.66
KOL_CUST_007176,Baghbazar,North Kolkata,Kolkata,Regular,15-11-2023,25-10-2023,BLK_KOL_008,13,6594.56
KOL_CUST_007177,EM Bypass,East Kolkata,Kolkata,Regular,10-01-2024,14-12-2023,BLK_KOL_038,13,4202.11
KOL_CUST_007178,Tollygunge,South Kolkata,Kolkata,Regular,02-07-2024,23-06-2024,BLK_KOL_025,5,2492.87
KOL_CUST_007179,Ultadanga,North Kolkata,Kolkata,Premium,05-07-2023,25-06-2023,BLK_KOL_006,9,5035.99
KOL_CUST_007180,Tollygunge,South Kolkata,Kolkata,Regular,08-05-2024,25-04-2024,BLK_KOL_027,10,5811.46
KOL_CUST_007181,Ballygunge,South Kolkata,Kolkata,Regular,03-03-2023,19-02-2023,BLK_KOL_020,11,4485.32
KOL_CUST_007182,Kasba,East Kolkata,Kolkata,Regular,23-02-2023,18-02-2023,BLK_KOL_042,13,7812.99
KOL_CUST_007183,EM Bypass,East Kolkata,Kolkata,Regular,24-06-2023,22-06-2023,BLK_KOL_039,9,3090
KOL_CUST_007184,Ballygunge,South Kolkata,Kolkata,Regular,06-04-2023,13-03-2023,BLK_KOL_020,8,3577.22
KOL_CUST_007185,Shibpur,Howrah District,Kolkata,Regular,09-10-2023,26-09-2023,BLK_KOL_049,12,5205.45
KOL_CUST_007186,Rajarhat,Salt Lake & New Town,Kolkata,Regular,03-10-2023,22-09-2023,BLK_KOL_036,6,2496.16
KOL_CUST_007187,Salt Lake,Salt Lake & New Town,Kolkata,New,12-06-2023,28-05-2023,BLK_KOL_030,8,4151.43
KOL_CUST_007188,Baghbazar,North Kolkata,Kolkata,Premium,11-05-2024,27-04-2024,BLK_KOL_009,13,7002.36
KOL_CUST_007189,Howrah,Howrah District,Kolkata,New,04-09-2024,11-08-2024,BLK_KOL_048,11,6048.95
KOL_CUST_007190,Ballygunge,South Kolkata,Kolkata,Regular,21-02-2024,29-01-2024,BLK_KOL_019,13,5822.8
KOL_CUST_007191,Gariahat,South Kolkata,Kolkata,Regular,21-03-2024,17-03-2024,BLK_KOL_023,15,8701.25
KOL_CUST_007192,EM Bypass,East Kolkata,Kolkata,Regular,10-09-2023,28-08-2023,BLK_KOL_039,6,1949.68
KOL_CUST_007193,Shibpur,Howrah District,Kolkata,Regular,06-07-2023,17-06-2023,BLK_KOL_051,7,2688.38
KOL_CUST_007194,Rajarhat,Salt Lake & New Town,Kolkata,Regular,15-09-2024,21-08-2024,BLK_KOL_034,9,4730.85
KOL_CUST_007195,Salt Lake,Salt Lake & New Town,Kolkata,Regular,28-02-2023,11-02-2023,BLK_KOL_029,7,5274.46
KOL_CUST_007196,Baghbazar,North Kolkata,Kolkata,New,03-05-2024,12-04-2024,BLK_KOL_007,10,4598.6
KOL_CUST_007197,Tollygunge,South Kolkata,Kolkata,Regular,21-03-2024,06-03-2024,BLK_KOL_026,9,3838.725
KOL_CUST_007198,New Town,Salt Lake & New Town,Kolkata,Regular,17-02-2024,08-02-2024,BLK_KOL_031,9,5682
KOL_CUST_007199,Salt Lake,Salt Lake & New Town,Kolkata,New,21-10-2024,20-10-2024,BLK_KOL_028,12,5367.84
KOL_CUST_007200,Salt Lake,Salt Lake & New Town,Kolkata,Regular,27-02-2023,14-02-2023,BLK_KOL_028,8,3574.64
KOL_CUST_007201,Park Street,Central Kolkata,Kolkata,Regular,28-05-2024,01-05-2024,BLK_KOL_015,9,3585.585
KOL_CUST_007202,Howrah,Howrah District,Kolkata,New,07-01-2023,13-12-2022,BLK_KOL_046,5,2166.11
KOL_CUST_007203,EM Bypass,East Kolkata,Kolkata,Regular,01-09-2024,23-08-2024,BLK_KOL_039,17,8413.65
KOL_CUST_007204,Howrah,Howrah District,Kolkata,Regular,19-08-2024,08-08-2024,BLK_KOL_048,2,1036.2
KOL_CUST_007205,Park Street,Central Kolkata,Kolkata,Premium,17-02-2023,30-01-2023,BLK_KOL_015,6,2021.96
KOL_CUST_007206,Kasba,East Kolkata,Kolkata,Regular,02-03-2023,20-02-2023,BLK_KOL_041,10,4788.45
KOL_CUST_007207,Behala,East Kolkata,Kolkata,Regular,12-05-2023,19-04-2023,BLK_KOL_044,9,3699.13
KOL_CUST_007208,Esplanade,Central Kolkata,Kolkata,Premium,05-07-2024,08-06-2024,BLK_KOL_012,9,3998.75
KOL_CUST_007209,New Town,Salt Lake & New Town,Kolkata,Regular,04-01-2023,31-12-2022,BLK_KOL_032,10,4003.41
KOL_CUST_007210,Howrah,Howrah District,Kolkata,Regular,08-01-2024,27-12-2023,BLK_KOL_048,11,4860.92
KOL_CUST_007211,Behala,East Kolkata,Kolkata,Premium,04-10-2023,22-09-2023,BLK_KOL_045,14,9612.14
KOL_CUST_007212,Kasba,East Kolkata,Kolkata,Regular,18-04-2024,25-03-2024,BLK_KOL_042,5,3050.58
KOL_CUST_007213,Kasba,East Kolkata,Kolkata,New,30-06-2023,04-06-2023,BLK_KOL_040,6,2956.13
KOL_CUST_007214,Howrah,Howrah District,Kolkata,Regular,26-02-2024,14-02-2024,BLK_KOL_048,6,2876.45
KOL_CUST_007215,Behala,East Kolkata,Kolkata,Premium,29-01-2024,17-01-2024,BLK_KOL_045,9,4472.54
KOL_CUST_007216,Shyambazar,North Kolkata,Kolkata,Regular,03-07-2024,23-06-2024,BLK_KOL_001,10,4030.81
KOL_CUST_007217,Salt Lake,Salt Lake & New Town,Kolkata,Regular,19-01-2023,21-12-2022,BLK_KOL_029,7,4784.52
KOL_CUST_007218,Behala,East Kolkata,Kolkata,Regular,08-03-2024,16-02-2024,BLK_KOL_045,11,4552.48
KOL_CUST_007219,Tollygunge,South Kolkata,Kolkata,New,16-05-2024,28-04-2024,BLK_KOL_025,14,5280.7
KOL_CUST_007220,New Town,Salt Lake & New Town,Kolkata,Regular,30-08-2024,03-08-2024,BLK_KOL_032,9,2643.71
KOL_CUST_007221,Kasba,East Kolkata,Kolkata,Regular,12-06-2023,06-06-2023,BLK_KOL_042,12,4420.94
KOL_CUST_007222,New Town,Salt Lake & New Town,Kolkata,New,16-02-2023,09-02-2023,BLK_KOL_031,13,7604.48
KOL_CUST_007223,Behala,East Kolkata,Kolkata,Premium,06-04-2023,16-03-2023,BLK_KOL_043,5,4164.53
KOL_CUST_007224,Park Street,Central Kolkata,Kolkata,Regular,13-02-2023,27-01-2023,BLK_KOL_014,7,2002.22
KOL_CUST_007225,Howrah,Howrah District,Kolkata,Regular,21-02-2023,12-02-2023,BLK_KOL_047,9,2972.285
KOL_CUST_007226,B.B.D. Bagh,Central Kolkata,Kolkata,Regular,06-08-2024,05-08-2024,BLK_KOL_016,15,4885.02
KOL_CUST_007227,Kasba,East Kolkata,Kolkata,Premium,03-10-2024,12-09-2024,BLK_KOL_041,5,1800.03
KOL_CUST_007228,Behala,East Kolkata,Kolkata,Regular,29-06-2023,23-06-2023,BLK_KOL_044,8,5870.31
KOL_CUST_007229,Salt Lake,Salt Lake & New Town,Kolkata,Premium,01-06-2023,16-05-2023,BLK_KOL_030,5,3498.96
KOL_CUST_007230,EM Bypass,East Kolkata,Kolkata,Regular,09-08-2024,24-07-2024,BLK_KOL_037,6,3138.68
KOL_CUST_007231,Behala,East Kolkata,Kolkata,Premium,11-05-2024,25-04-2024,BLK_KOL_043,7,2252.64
KOL_CUST_007232,Salt Lake,Salt Lake & New Town,Kolkata,Regular,30-10-2023,17-10-2023,BLK_KOL_029,15,7277.03
KOL_CUST_007233,Kasba,East Kolkata,Kolkata,New,21-11-2023,30-10-2023,BLK_KOL_040,6,4204.8
KOL_CUST_007234,B.B.D. Bagh,Central Kolkata,Kolkata,Regular,03-09-2023,30-08-2023,BLK_KOL_017,9,4113.3
KOL_CUST_007235,Baghbazar,North Kolkata,Kolkata,Regular,23-01-2023,21-01-2023,BLK_KOL_007,10,7497.63
KOL_CUST_007236,Shibpur,Howrah District,Kolkata,Regular,05-11-2023,03-11-2023,BLK_KOL_050,11,5790.65
KOL_CUST_007237,Baghbazar,North Kolkata,Kolkata,Regular,28-06-2023,09-06-2023,BLK_KOL_008,12,5001.22
KOL_CUST_007238,Ballygunge,South Kolkata,Kolkata,Regular,02-09-2024,27-08-2024,BLK_KOL_019,12,5521.99
KOL_CUST_007239,Kasba,East Kolkata,Kolkata,Regular,04-09-2023,26-08-2023,BLK_KOL_040,10,5745.155
KOL_CUST_007240,Esplanade,Central Kolkata,Kolkata,Regular,17-10-2023,25-09-2023,BLK_KOL_011,4,1985.6
KOL_CUST_007241,Rajarhat,Salt Lake & New Town,Kolkata,Premium,01-03-2024,07-02-2024,BLK_KOL_035,12,4298.31
KOL_CUST_007242,Salt Lake,Salt Lake & New Town,Kolkata,Premium,21-07-2023,18-07-2023,BLK_KOL_030,3,805.33
KOL_CUST_007243,Santragachi,Howrah District,Kolkata,New,10-04-2023,12-03-2023,BLK_KOL_054,12,5071.5
KOL_CUST_007244,Kasba,East Kolkata,Kolkata,Premium,27-06-2024,24-06-2024,BLK_KOL_041,12,7413.81
KOL_CUST_007245,Shyambazar,North Kolkata,Kolkata,Regular,28-04-2024,30-03-2024,BLK_KOL_001,11,5961.75
KOL_CUST_007246,Ultadanga,North Kolkata,Kolkata,New,16-07-2024,24-06-2024,BLK_KOL_005,6,2272.16
KOL_CUST_007247,Tollygunge,South Kolkata,Kolkata,New,12-02-2023,02-02-2023,BLK_KOL_027,10,4129.93
KOL_CUST_007248,Santragachi,Howrah District,Kolkata,Regular,03-09-2024,06-08-2024,BLK_KOL_053,9,3501.11
KOL_CUST_007249,Salt Lake,Salt Lake & New Town,Kolkata,Regular,28-09-2024,15-09-2024,BLK_KOL_030,8,2883.8
KOL_CUST_007250,Howrah,Howrah District,Kolkata,Regular,15-01-2023,21-12-2022,BLK_KOL_048,5,3638.43
KOL_CUST_007251,Gariahat,South Kolkata,Kolkata,New,02-09-2023,17-08-2023,BLK_KOL_024,5,3700.55
KOL_CUST_007252,Baghbazar,North Kolkata,Kolkata,Regular,21-10-2024,18-10-2024,BLK_KOL_007,13,6729.72
KOL_CUST_007253,Rajarhat,Salt Lake & New Town,Kolkata,Regular,17-06-2023,11-06-2023,BLK_KOL_035,11,5234.45
KOL_CUST_007254,Park Street,Central Kolkata,Kolkata,Regular,01-01-2023,10-12-2022,BLK_KOL_014,9,7677.9
KOL_CUST_007255,Shibpur,Howrah District,Kolkata,Premium,08-04-2023,21-03-2023,BLK_KOL_049,10,5471.45
KOL_CUST_007256,Howrah,Howrah District,Kolkata,Regular,01-08-2023,03-07-2023,BLK_KOL_046,7,4167.64
KOL_CUST_007257,Tollygunge,South Kolkata,Kolkata,Regular,10-02-2024,13-01-2024,BLK_KOL_025,6,2677.55
KOL_CUST_007258,Kasba,East Kolkata,Kolkata,Regular,18-03-2023,09-03-2023,BLK_KOL_041,15,8038.1
KOL_CUST_007259,Santragachi,Howrah District,Kolkata,Premium,21-01-2023,11-01-2023,BLK_KOL_054,7,2653.7
KOL_CUST_007260,EM Bypass,East Kolkata,Kolkata,Regular,25-03-2024,26-02-2024,BLK_KOL_037,4,1982.91
KOL_CUST_007261,EM Bypass,East Kolkata,Kolkata,Premium,11-07-2023,30-06-2023,BLK_KOL_039,4,2079.47
KOL_CUST_007262,Baghbazar,North Kolkata,Kolkata,Premium,26-01-2024,16-01-2024,BLK_KOL_009,10,4456.88
KOL_CUST_007263,Baghbazar,North Kolkata,Kolkata,Regular,05-01-2024,01-01-2024,BLK_KOL_007,8,5479.21
KOL_CUST_007264,Park Street,Central Kolkata,Kolkata,Regular,12-07-2023,19-06-2023,BLK_KOL_014,8,2031.43
KOL_CUST_007265,Ultadanga,North Kolkata,Kolkata,Regular,02-04-2024,18-03-2024,BLK_KOL_005,6,3703.58
KOL_CUST_007266,Esplanade,Central Kolkata,Kolkata,Regular,14-05-2023,02-05-2023,BLK_KOL_011,9,3855.03
KOL_CUST_007267,Baghbazar,North Kolkata,Kolkata,Regular,27-05-2023,24-05-2023,BLK_KOL_007,7,2847.79
KOL_CUST_007268,Shyambazar,North Kolkata,Kolkata,Regular,14-06-2024,02-06-2024,BLK_KOL_002,10,5535.76
KOL_CUST_007269,Gariahat,South Kolkata,Kolkata,Regular,16-02-2024,31-01-2024,BLK_KOL_024,9,3520.18
KOL_CUST_007270,Ultadanga,North Kolkata,Kolkata,New,03-02-2024,11-01-2024,BLK_KOL_006,10,5555.53
KOL_CUST_007271,Ballygunge,South Kolkata,Kolkata,Regular,16-04-2023,15-04-2023,BLK_KOL_019,18,10129.045
KOL_CUST_007272,Gariahat,South Kolkata,Kolkata,Regular,10-10-2023,17-09-2023,BLK_KOL_023,11,6804.7
KOL_CUST_007273,Behala,East Kolkata,Kolkata,Regular,15-08-2023,26-07-2023,BLK_KOL_044,6,3336.19
KOL_CUST_007274,Ultadanga,North Kolkata,Kolkata,Premium,30-11-2023,01-11-2023,BLK_KOL_006,8,5567.28
KOL_CUST_007275,B.B.D. Bagh,Central Kolkata,Kolkata,Regular,24-10-2023,06-10-2023,BLK_KOL_017,8,3722.13
KOL_CUST_007276,B.B.D. Bagh,Central Kolkata,Kolkata,New,22-03-2024,29-02-2024,BLK_KOL_018,7,2922.945
KOL_CUST_007277,Shyambazar,North Kolkata,Kolkata,Premium,31-07-2024,14-07-2024,BLK_KOL_003,4,1234.86
KOL_CUST_007278,Tollygunge,South Kolkata,Kolkata,New,06-08-2024,04-08-2024,BLK_KOL_027,4,1302.81
KOL_CUST_007279,New Town,Salt Lake & New Town,Kolkata,Regular,18-05-2024,30-04-2024,BLK_KOL_033,11,5025.1
KOL_CUST_007280,Tollygunge,South Kolkata,Kolkata,Premium,12-02-2024,25-01-2024,BLK_KOL_025,6,2824.94
KOL_CUST_007281,Shyambazar,North Kolkata,Kolkata,New,17-01-2024,06-01-2024,BLK_KOL_003,14,5023.95
KOL_CUST_007282,New Town,Salt Lake & New Town,Kolkata,Regular,05-02-2024,17-01-2024,BLK_KOL_033,8,4096.25
KOL_CUST_007283,Kasba,East Kolkata,Kolkata,Regular,16-09-2023,27-08-2023,BLK_KOL_040,9,3529.23
KOL_CUST_007284,Tollygunge,South Kolkata,Kolkata,New,10-09-2024,21-08-2024,BLK_KOL_026,9,6218.71
KOL_CUST_007285,Ultadanga,North Kolkata,Kolkata,New,11-05-2024,14-04-2024,BLK_KOL_005,8,3079.3
KOL_CUST_007286,EM Bypass,East Kolkata,Kolkata,Regular,05-04-2023,09-03-2023,BLK_KOL_038,8,4139.39
KOL_CUST_007287,B.B.D. Bagh,Central Kolkata,Kolkata,Regular,22-07-2023,09-07-2023,BLK_KOL_017,13,5104.03
KOL_CUST_007288,Tollygunge,South Kolkata,Kolkata,Regular,13-09-2024,09-09-2024,BLK_KOL_027,6,1711.38
KOL_CUST_007289,Howrah,Howrah District,Kolkata,New,23-07-2023,29-06-2023,BLK_KOL_048,7,1568.32
KOL_CUST_007290,Howrah,Howrah District,Kolkata,Regular,25-02-2024,15-02-2024,BLK_KOL_047,6,3523.65
KOL_CUST_007291,Esplanade,Central Kolkata,Kolkata,New,28-05-2023,27-05-2023,BLK_KOL_011,9,4421.22
KOL_CUST_007292,Howrah,Howrah District,Kolkata,Regular,18-06-2024,02-06-2024,BLK_KOL_048,7,2849.9
KOL_CUST_007293,B.B.D. Bagh,Central Kolkata,Kolkata,Regular,25-02-2023,14-02-2023,BLK_KOL_016,10,7568.89
KOL_CUST_007294,Tollygunge,South Kolkata,Kolkata,Premium,07-07-2023,27-06-2023,BLK_KOL_026,9,5097.39
KOL_CUST_007295,Tollygunge,South Kolkata,Kolkata,Regular,13-05-2024,19-04-2024,BLK_KOL_027,8,4725.32
KOL_CUST_007296,Shyambazar,North Kolkata,Kolkata,Regular,01-11-2023,04-10-2023,BLK_KOL_002,11,5476.1
KOL_CUST_007297,New Town,Salt Lake & New Town,Kolkata,Regular,26-04-2024,09-04-2024,BLK_KOL_032,9,4455.98
KOL_CUST_007298,B.B.D. Bagh,Central Kolkata,Kolkata,New,26-07-2023,11-07-2023,BLK_KOL_016,9,3632.37
KOL_CUST_007299,Park Street,Central Kolkata,Kolkata,Regular,06-05-2023,14-04-2023,BLK_KOL_014,10,6858.38
KOL_CUST_007300,Salt Lake,Salt Lake & New Town,Kolkata,Regular,30-11-2023,17-11-2023,BLK_KOL_028,7,2745.52
KOL_CUST_007301,Baghbazar,North Kolkata,Kolkata,Premium,27-11-2023,09-11-2023,BLK_KOL_009,12,5183.2
KOL_CUST_007302,Tollygunge,South Kolkata,Kolkata,Regular,01-06-2023,27-05-2023,BLK_KOL_026,12,6889.94
KOL_CUST_007303,Gariahat,South Kolkata,Kolkata,Regular,03-01-2023,21-12-2022,BLK_KOL_022,9,5029.97
KOL_CUST_007304,Esplanade,Central Kolkata,Kolkata,Regular,09-06-2024,12-05-2024,BLK_KOL_012,11,5121.96
KOL_CUST_007305,Baghbazar,North Kolkata,Kolkata,Regular,18-11-2023,04-11-2023,BLK_KOL_009,11,5256.37
KOL_CUST_007306,Behala,East Kolkata,Kolkata,Regular,07-10-2023,19-09-2023,BLK_KOL_044,9,4464.46
KOL_CUST_007307,Shyambazar,North Kolkata,Kolkata,Regular,30-08-2024,24-08-2024,BLK_KOL_003,7,4319.41
KOL_CUST_007308,Rajarhat,Salt Lake & New Town,Kolkata,Premium,23-04-2023,02-04-2023,BLK_KOL_035,6,3150.8
KOL_CUST_007309,Howrah,Howrah District,Kolkata,Regular,09-11-2023,24-10-2023,BLK_KOL_048,8,1777.82
KOL_CUST_007310,Baghbazar,North Kolkata,Kolkata,Regular,22-03-2024,16-03-2024,BLK_KOL_007,11,6663.72
KOL_CUST_007311,Gariahat,South Kolkata,Kolkata,Regular,03-10-2023,02-10-2023,BLK_KOL_023,12,5988.28
KOL_CUST_007312,Park Street,Central Kolkata,Kolkata,Regular,12-09-2023,06-09-2023,BLK_KOL_014,12,6780.09
KOL_CUST_007313,Howrah,Howrah District,Kolkata,Regular,24-08-2023,28-07-2023,BLK_KOL_047,7,3098.41
KOL_CUST_007314,Tollygunge,South Kolkata,Kolkata,New,28-01-2024,06-01-2024,BLK_KOL_025,8,4831.04
KOL_CUST_007315,B.B.D. Bagh,Central Kolkata,Kolkata,Regular,24-01-2024,05-01-2024,BLK_KOL_018,10,4633.39
KOL_CUST_007316,Salt Lake,Salt Lake & New Town,Kolkata,Regular,19-07-2024,21-06-2024,BLK_KOL_030,6,2766.21
KOL_CUST_007317,Santragachi,Howrah District,Kolkata,Regular,03-09-2023,28-08-2023,BLK_KOL_053,13,6412.66
KOL_CUST_007318,EM Bypass,East Kolkata,Kolkata,Regular,01-02-2024,18-01-2024,BLK_KOL_039,14,5492.57
KOL_CUST_007319,Shyambazar,North Kolkata,Kolkata,Premium,03-10-2024,21-09-2024,BLK_KOL_003,13,8057.09
KOL_CUST_007320,Ultadanga,North Kolkata,Kolkata,New,25-07-2024,19-07-2024,BLK_KOL_004,10,4643.89
KOL_CUST_007321,EM Bypass,East Kolkata,Kolkata,Premium,22-08-2024,24-07-2024,BLK_KOL_038,4,2969.07
KOL_CUST_007322,New Town,Salt Lake & New Town,Kolkata,Regular,24-02-2024,11-02-2024,BLK_KOL_032,10,5323.75
KOL_CUST_007323,EM Bypass,East Kolkata,Kolkata,Regular,11-08-2024,06-08-2024,BLK_KOL_038,9,6259.53
KOL_CUST_007324,EM Bypass,East Kolkata,Kolkata,Regular,26-06-2024,13-06-2024,BLK_KOL_038,5,2292.19
KOL_CUST_007325,Ballygunge,South Kolkata,Kolkata,Premium,05-11-2023,24-10-2023,BLK_KOL_019,12,4995.43
KOL_CUST_007326,EM Bypass,East Kolkata,Kolkata,New,28-08-2023,02-08-2023,BLK_KOL_037,14,5106.82
KOL_CUST_007327,Park Street,Central Kolkata,Kolkata,Regular,14-07-2023,18-06-2023,BLK_KOL_014,6,2445.26
KOL_CUST_007328,Shyambazar,North Kolkata,Kolkata,Premium,18-07-2023,03-07-2023,BLK_KOL_001,7,6024.09
KOL_CUST_007329,Behala,East Kolkata,Kolkata,Regular,13-10-2024,09-10-2024,BLK_KOL_044,13,8038.36
KOL_CUST_007330,Santragachi,Howrah District,Kolkata,New,27-05-2024,02-05-2024,BLK_KOL_054,12,4008.58
KOL_CUST_007331,Ultadanga,North Kolkata,Kolkata,Regular,11-08-2024,24-07-2024,BLK_KOL_004,9,2603.06
KOL_CUST_007332,Salt Lake,Salt Lake & New Town,Kolkata,New,03-05-2024,08-04-2024,BLK_KOL_029,11,4950
KOL_CUST_007333,Gariahat,South Kolkata,Kolkata,Regular,03-01-2024,01-01-2024,BLK_KOL_023,13,5364.52
KOL_CUST_007334,New Town,Salt Lake & New Town,Kolkata,Premium,31-07-2024,13-07-2024,BLK_KOL_033,10,5388.14
KOL_CUST_007335,Howrah,Howrah District,Kolkata,Regular,15-07-2024,17-06-2024,BLK_KOL_046,8,3809.93
KOL_CUST_007336,Gariahat,South Kolkata,Kolkata,Regular,17-01-2023,07-01-2023,BLK_KOL_023,7,3289.06
KOL_CUST_007337,Ultadanga,North Kolkata,Kolkata,Regular,10-06-2024,14-05-2024,BLK_KOL_005,11,5381.3
KOL_CUST_007338,Tollygunge,South Kolkata,Kolkata,Regular,29-09-2023,12-09-2023,BLK_KOL_027,8,4298.3
KOL_CUST_007339,B.B.D. Bagh,Central Kolkata,Kolkata,Regular,05-08-2024,01-08-2024,BLK_KOL_016,7,3964.64
KOL_CUST_007340,Shyambazar,North Kolkata,Kolkata,Regular,25-01-2024,04-01-2024,BLK_KOL_002,6,2753.55
KOL_CUST_007341,Esplanade,Central Kolkata,Kolkata,New,06-10-2024,25-09-2024,BLK_KOL_011,16,10096.4
KOL_CUST_007342,New Town,Salt Lake & New Town,Kolkata,New,17-08-2023,31-07-2023,BLK_KOL_033,6,1930.81
KOL_CUST_007343,Santragachi,Howrah District,Kolkata,Regular,29-03-2023,16-03-2023,BLK_KOL_053,13,3971.18
KOL_CUST_007344,B.B.D. Bagh,Central Kolkata,Kolkata,Regular,01-12-2023,19-11-2023,BLK_KOL_018,12,6323.69
KOL_CUST_007345,B.B.D. Bagh,Central Kolkata,Kolkata,New,22-09-2023,10-09-2023,BLK_KOL_016,13,5628.78
KOL_CUST_007346,Rajarhat,Salt Lake & New Town,Kolkata,Premium,29-02-2024,23-02-2024,BLK_KOL_035,13,6304.13
KOL_CUST_007347,Baghbazar,North Kolkata,Kolkata,Regular,22-04-2023,06-04-2023,BLK_KOL_008,12,6272.14
KOL_CUST_007348,Rajarhat,Salt Lake & New Town,Kolkata,Premium,31-05-2023,03-05-2023,BLK_KOL_036,9,3723.98
KOL_CUST_007349,Esplanade,Central Kolkata,Kolkata,Premium,16-05-2024,15-05-2024,BLK_KOL_011,12,8090.01
KOL_CUST_007350,Baghbazar,North Kolkata,Kolkata,Premium,22-02-2024,30-01-2024,BLK_KOL_008,7,5524.61
KOL_CUST_007351,Shyambazar,North Kolkata,Kolkata,New,13-01-2023,04-01-2023,BLK_KOL_002,7,3049.64
KOL_CUST_007352,Rajarhat,Salt Lake & New Town,Kolkata,Regular,27-04-2023,28-03-2023,BLK_KOL_035,16,10052.4
KOL_CUST_007353,Ballygunge,South Kolkata,Kolkata,Regular,19-03-2024,25-02-2024,BLK_KOL_020,10,7538.12
KOL_CUST_007354,EM Bypass,East Kolkata,Kolkata,Regular,07-02-2023,30-01-2023,BLK_KOL_039,9,4903.92
KOL_CUST_007355,Ballygunge,South Kolkata,Kolkata,Regular,16-09-2023,10-09-2023,BLK_KOL_021,9,3614.25
KOL_CUST_007356,Ultadanga,North Kolkata,Kolkata,Regular,06-11-2023,30-10-2023,BLK_KOL_006,13,5722.51
KOL_CUST_007357,Ultadanga,North Kolkata,Kolkata,Regular,17-09-2023,21-08-2023,BLK_KOL_004,11,3290.74
KOL_CUST_007358,Ballygunge,South Kolkata,Kolkata,Regular,24-01-2023,04-01-2023,BLK_KOL_021,14,5523.73
KOL_CUST_007359,New Town,Salt Lake & New Town,Kolkata,Regular,28-10-2023,29-09-2023,BLK_KOL_033,9,3017.68
KOL_CUST_007360,Salt Lake,Salt Lake & New Town,Kolkata,Regular,08-08-2024,25-07-2024,BLK_KOL_028,6,3945.69
KOL_CUST_007361,Ballygunge,South Kolkata,Kolkata,New,29-06-2023,18-06-2023,BLK_KOL_019,14,8743.18
KOL_CUST_007362,Tollygunge,South Kolkata,Kolkata,Regular,01-05-2023,27-04-2023,BLK_KOL_025,6,1819.58
KOL_CUST_007363,Santragachi,Howrah District,Kolkata,New,08-10-2023,25-09-2023,BLK_KOL_052,16,8301.985
KOL_CUST_007364,Esplanade,Central Kolkata,Kolkata,Regular,20-01-2023,04-01-2023,BLK_KOL_010,8,5021.45
KOL_CUST_007365,Gariahat,South Kolkata,Kolkata,Premium,09-11-2023,08-11-2023,BLK_KOL_022,6,3017.95
KOL_CUST_007366,Ballygunge,South Kolkata,Kolkata,Regular,11-08-2023,25-07-2023,BLK_KOL_021,11,4432.49
KOL_CUST_007367,Gariahat,South Kolkata,Kolkata,Regular,14-02-2023,20-01-2023,BLK_KOL_023,11,4531.66
KOL_CUST_007368,Shyambazar,North Kolkata,Kolkata,Regular,19-03-2024,10-03-2024,BLK_KOL_002,11,3151.59
KOL_CUST_007369,Salt Lake,Salt Lake & New Town,Kolkata,New,26-02-2023,27-01-2023,BLK_KOL_030,8,3497.66
KOL_CUST_007370,Shibpur,Howrah District,Kolkata,Regular,12-11-2023,22-10-2023,BLK_KOL_050,4,2038.91
KOL_CUST_007371,Ultadanga,North Kolkata,Kolkata,Regular,25-08-2024,01-08-2024,BLK_KOL_004,5,2456.29
KOL_CUST_007372,Kasba,East Kolkata,Kolkata,Regular,13-04-2024,12-04-2024,BLK_KOL_040,11,4999.78
KOL_CUST_007373,Howrah,Howrah District,Kolkata,Regular,03-11-2023,09-10-2023,BLK_KOL_046,12,3901.115
KOL_CUST_007374,Park Street,Central Kolkata,Kolkata,Regular,10-11-2023,09-11-2023,BLK_KOL_014,9,3218.92
KOL_CUST_007375,Santragachi,Howrah District,Kolkata,Regular,09-04-2023,19-03-2023,BLK_KOL_053,7,2394.25
KOL_CUST_007376,Rajarhat,Salt Lake & New Town,Kolkata,Premium,14-05-2023,13-05-2023,BLK_KOL_036,9,3700.87
KOL_CUST_007377,Kasba,East Kolkata,Kolkata,Regular,25-07-2024,25-06-2024,BLK_KOL_041,6,2360.47
KOL_CUST_007378,B.B.D. Bagh,Central Kolkata,Kolkata,Premium,04-01-2023,21-12-2022,BLK_KOL_017,7,2319.22
KOL_CUST_007379,EM Bypass,East Kolkata,Kolkata,Regular,23-05-2023,24-04-2023,BLK_KOL_038,9,6261.48
KOL_CUST_007380,Shibpur,Howrah District,Kolkata,Premium,25-09-2024,26-08-2024,BLK_KOL_050,10,3735.26
KOL_CUST_007381,Ultadanga,North Kolkata,Kolkata,Regular,10-09-2023,23-08-2023,BLK_KOL_004,10,5013.26
KOL_CUST_007382,EM Bypass,East Kolkata,Kolkata,Regular,21-11-2023,27-10-2023,BLK_KOL_038,8,2713.17
KOL_CUST_007383,Behala,East Kolkata,Kolkata,Regular,13-09-2023,09-09-2023,BLK_KOL_044,6,3509.82
KOL_CUST_007384,Behala,East Kolkata,Kolkata,Premium,14-08-2024,10-08-2024,BLK_KOL_045,8,3069.94
KOL_CUST_007385,Ultadanga,North Kolkata,Kolkata,Regular,20-07-2023,19-07-2023,BLK_KOL_006,13,5575.8
KOL_CUST_007386,Rajarhat,Salt Lake & New Town,Kolkata,Regular,12-05-2024,25-04-2024,BLK_KOL_034,7,3852.6
KOL_CUST_007387,Santragachi,Howrah District,Kolkata,New,16-07-2023,28-06-2023,BLK_KOL_052,12,5063.46
KOL_CUST_007388,Tollygunge,South Kolkata,Kolkata,Regular,23-06-2023,24-05-2023,BLK_KOL_027,8,2994.03
KOL_CUST_007389,Park Street,Central Kolkata,Kolkata,Premium,31-08-2023,28-08-2023,BLK_KOL_015,6,1651.23
KOL_CUST_007390,Shibpur,Howrah District,Kolkata,Regular,04-08-2024,11-07-2024,BLK_KOL_051,10,5862.17
KOL_CUST_007391,Salt Lake,Salt Lake & New Town,Kolkata,Regular,09-01-2023,21-12-2022,BLK_KOL_030,13,5760.19
KOL_CUST_007392,Salt Lake,Salt Lake & New Town,Kolkata,Regular,20-11-2023,27-10-2023,BLK_KOL_029,8,3712.36
KOL_CUST_007393,Ballygunge,South Kolkata,Kolkata,New,05-09-2023,15-08-2023,BLK_KOL_019,5,924.09
KOL_CUST_007394,Gariahat,South Kolkata,Kolkata,Regular,29-09-2023,31-08-2023,BLK_KOL_023,12,5717.95
KOL_CUST_007395,Shibpur,Howrah District,Kolkata,New,08-07-2023,05-07-2023,BLK_KOL_051,20,8807.85
KOL_CUST_007396,New Town,Salt Lake & New Town,Kolkata,Premium,11-01-2023,21-12-2022,BLK_KOL_032,11,5981.83
KOL_CUST_007397,Ballygunge,South Kolkata,Kolkata,Regular,25-05-2024,21-05-2024,BLK_KOL_020,9,4973.83
KOL_CUST_007398,New Town,Salt Lake & New Town,Kolkata,Regular,23-09-2023,03-09-2023,BLK_KOL_032,9,5184
KOL_CUST_007399,Tollygunge,South Kolkata,Kolkata,Regular,07-10-2023,19-09-2023,BLK_KOL_027,6,3393.03
KOL_CUST_007400,Gariahat,South Kolkata,Kolkata,Regular,20-01-2024,23-12-2023,BLK_KOL_023,9,5815.86
KOL_CUST_007401,Kasba,East Kolkata,Kolkata,Regular,16-11-2023,20-10-2023,BLK_KOL_041,12,4019.74
KOL_CUST_007402,Behala,East Kolkata,Kolkata,Regular,11-05-2023,10-05-2023,BLK_KOL_044,6,3213.78
KOL_CUST_007403,New Town,Salt Lake & New Town,Kolkata,Regular,05-07-2023,22-06-2023,BLK_KOL_031,8,3530.03
KOL_CUST_007404,Howrah,Howrah District,Kolkata,Regular,23-06-2023,12-06-2023,BLK_KOL_047,5,2731.97
KOL_CUST_007405,New Town,Salt Lake & New Town,Kolkata,Premium,02-06-2024,22-05-2024,BLK_KOL_032,6,3507.76
KOL_CUST_007406,Kasba,East Kolkata,Kolkata,Regular,04-09-2023,16-08-2023,BLK_KOL_041,15,6387.47
KOL_CUST_007407,Behala,East Kolkata,Kolkata,Regular,01-05-2023,22-04-2023,BLK_KOL_044,5,1944.23
KOL_CUST_007408,Shyambazar,North Kolkata,Kolkata,Premium,22-07-2023,05-07-2023,BLK_KOL_002,4,2332.76
KOL_CUST_007409,Gariahat,South Kolkata,Kolkata,Regular,02-03-2023,22-02-2023,BLK_KOL_024,8,3727.71
KOL_CUST_007410,Ballygunge,South Kolkata,Kolkata,Regular,25-09-2024,20-09-2024,BLK_KOL_020,8,2674.27
KOL_CUST_007411,Tollygunge,South Kolkata,Kolkata,Regular,21-03-2023,15-03-2023,BLK_KOL_027,5,2128.08
KOL_CUST_007412,Kasba,East Kolkata,Kolkata,Regular,31-01-2024,18-01-2024,BLK_KOL_040,9,5234.13
KOL_CUST_007413,Tollygunge,South Kolkata,Kolkata,Regular,27-01-2024,17-01-2024,BLK_KOL_025,9,4622.04
KOL_CUST_007414,Baghbazar,North Kolkata,Kolkata,Premium,23-10-2024,18-10-2024,BLK_KOL_007,12,4264.93
KOL_CUST_007415,Rajarhat,Salt Lake & New Town,Kolkata,Premium,12-05-2023,18-04-2023,BLK_KOL_036,9,3442.96
KOL_CUST_007416,Kasba,East Kolkata,Kolkata,New,09-07-2023,18-06-2023,BLK_KOL_042,10,2190.765
KOL_CUST_007417,Kasba,East Kolkata,Kolkata,Regular,27-01-2023,08-01-2023,BLK_KOL_041,3,1153.48
KOL_CUST_007418,Baghbazar,North Kolkata,Kolkata,Premium,31-01-2023,18-01-2023,BLK_KOL_009,7,5763.95
KOL_CUST_007419,New Town,Salt Lake & New Town,Kolkata,New,26-06-2023,18-06-2023,BLK_KOL_032,8,5438.74
KOL_CUST_007420,Esplanade,Central Kolkata,Kolkata,New,12-03-2023,12-02-2023,BLK_KOL_011,10,4741.14
KOL_CUST_007421,Howrah,Howrah District,Kolkata,Regular,21-03-2024,20-03-2024,BLK_KOL_047,8,3456.24
KOL_CUST_007422,New Town,Salt Lake & New Town,Kolkata,Regular,27-09-2023,05-09-2023,BLK_KOL_031,13,4664.8
KOL_CUST_007423,Shibpur,Howrah District,Kolkata,Regular,22-08-2024,26-07-2024,BLK_KOL_049,11,4877.74
KOL_CUST_007424,Howrah,Howrah District,Kolkata,Premium,11-04-2024,28-03-2024,BLK_KOL_046,10,5844.66
KOL_CUST_007425,Rajarhat,Salt Lake & New Town,Kolkata,Regular,23-07-2024,19-07-2024,BLK_KOL_034,14,6634.6
KOL_CUST_007426,Behala,East Kolkata,Kolkata,Regular,05-03-2023,20-02-2023,BLK_KOL_045,10,5200.7
KOL_CUST_007427,Baghbazar,North Kolkata,Kolkata,Premium,10-09-2024,19-08-2024,BLK_KOL_008,6,2770.42
KOL_CUST_007428,Shyambazar,North Kolkata,Kolkata,Premium,02-07-2024,01-07-2024,BLK_KOL_003,14,7369.8
KOL_CUST_007429,B.B.D. Bagh,Central Kolkata,Kolkata,New,12-04-2023,13-03-2023,BLK_KOL_017,9,5206.53
KOL_CUST_007430,Gariahat,South Kolkata,Kolkata,Regular,11-02-2023,17-01-2023,BLK_KOL_022,13,5768.75
KOL_CUST_007431,New Town,Salt Lake & New Town,Kolkata,Regular,26-04-2023,27-03-2023,BLK_KOL_032,7,2547.57
KOL_CUST_007432,New Town,Salt Lake & New Town,Kolkata,Regular,25-05-2024,09-05-2024,BLK_KOL_031,4,1802.71
KOL_CUST_007433,Tollygunge,South Kolkata,Kolkata,Premium,06-05-2023,19-04-2023,BLK_KOL_025,8,4355.75
KOL_CUST_007434,Rajarhat,Salt Lake & New Town,Kolkata,Regular,24-02-2023,08-02-2023,BLK_KOL_035,9,5446.22
KOL_CUST_007435,Santragachi,Howrah District,Kolkata,Regular,23-06-2023,30-05-2023,BLK_KOL_054,8,2241.89
KOL_CUST_007436,Tollygunge,South Kolkata,Kolkata,New,25-06-2024,19-06-2024,BLK_KOL_025,11,5204.68
KOL_CUST_007437,Shibpur,Howrah District,Kolkata,Regular,25-03-2024,23-03-2024,BLK_KOL_049,3,1529.46
KOL_CUST_007438,Esplanade,Central Kolkata,Kolkata,Regular,15-07-2023,14-07-2023,BLK_KOL_012,10,9349.64
KOL_CUST_007439,Gariahat,South Kolkata,Kolkata,Regular,09-03-2024,22-02-2024,BLK_KOL_024,10,8355.11
KOL_CUST_007440,Tollygunge,South Kolkata,Kolkata,Regular,08-07-2023,13-06-2023,BLK_KOL_027,7,2728.69
KOL_CUST_007441,Park Street,Central Kolkata,Kolkata,Regular,27-06-2023,12-06-2023,BLK_KOL_014,7,4010.16
KOL_CUST_007442,Howrah,Howrah District,Kolkata,New,24-05-2024,22-05-2024,BLK_KOL_047,6,2109.03
KOL_CUST_007443,Howrah,Howrah District,Kolkata,Regular,07-03-2024,15-02-2024,BLK_KOL_048,11,4580.69
KOL_CUST_007444,Tollygunge,South Kolkata,Kolkata,Premium,03-09-2024,06-08-2024,BLK_KOL_026,5,2726.74
KOL_CUST_007445,Shibpur,Howrah District,Kolkata,Premium,04-07-2023,08-06-2023,BLK_KOL_049,13,4581.14
KOL_CUST_007446,Behala,East Kolkata,Kolkata,Premium,08-02-2024,19-01-2024,BLK_KOL_043,11,5820.32
KOL_CUST_007447,Santragachi,Howrah District,Kolkata,Regular,05-09-2023,30-08-2023,BLK_KOL_054,6,4140.34
KOL_CUST_007448,Gariahat,South Kolkata,Kolkata,Regular,11-01-2023,07-01-2023,BLK_KOL_024,10,2906.08
KOL_CUST_007449,Park Street,Central Kolkata,Kolkata,Regular,18-03-2023,26-02-2023,BLK_KOL_014,2,1304.88
KOL_CUST_007450,Ultadanga,North Kolkata,Kolkata,Regular,02-04-2024,14-03-2024,BLK_KOL_005,17,7269.4
KOL_CUST_007451,New Town,Salt Lake & New Town,Kolkata,Regular,28-08-2024,09-08-2024,BLK_KOL_031,10,4417.91
KOL_CUST_007452,Shibpur,Howrah District,Kolkata,Regular,27-04-2024,15-04-2024,BLK_KOL_051,11,4343.86
KOL_CUST_007453,Rajarhat,Salt Lake & New Town,Kolkata,New,16-03-2024,08-03-2024,BLK_KOL_035,10,3034.98
KOL_CUST_007454,Tollygunge,South Kolkata,Kolkata,Regular,07-04-2023,21-03-2023,BLK_KOL_025,6,3199.75
KOL_CUST_007455,Kasba,East Kolkata,Kolkata,Premium,20-04-2024,27-03-2024,BLK_KOL_041,12,4948.37
KOL_CUST_007456,New Town,Salt Lake & New Town,Kolkata,Regular,29-05-2024,29-04-2024,BLK_KOL_031,6,2239.65
KOL_CUST_007457,Tollygunge,South Kolkata,Kolkata,Regular,11-01-2024,04-01-2024,BLK_KOL_025,12,6686.19
KOL_CUST_007458,Esplanade,Central Kolkata,Kolkata,Premium,10-09-2023,06-09-2023,BLK_KOL_012,14,5033.07
KOL_CUST_007459,B.B.D. Bagh,Central Kolkata,Kolkata,Premium,10-01-2023,19-12-2022,BLK_KOL_018,9,8517.3
KOL_CUST_007460,New Town,Salt Lake & New Town,Kolkata,New,24-03-2023,07-03-2023,BLK_KOL_031,9,7302.11
KOL_CUST_007461,Behala,East Kolkata,Kolkata,Premium,21-08-2024,19-08-2024,BLK_KOL_045,12,9231.5
KOL_CUST_007462,Shyambazar,North Kolkata,Kolkata,Regular,18-01-2023,28-12-2022,BLK_KOL_003,11,5461.86
KOL_CUST_007463,EM Bypass,East Kolkata,Kolkata,Regular,16-07-2024,10-07-2024,BLK_KOL_037,6,3515.44
KOL_CUST_007464,B.B.D. Bagh,Central Kolkata,Kolkata,Premium,13-04-2024,02-04-2024,BLK_KOL_017,5,2061.76
KOL_CUST_007465,Shyambazar,North Kolkata,Kolkata,Regular,10-09-2024,08-09-2024,BLK_KOL_003,12,5584.59
KOL_CUST_007466,Howrah,Howrah District,Kolkata,Regular,15-03-2023,17-02-2023,BLK_KOL_046,9,6610.2
KOL_CUST_007467,Gariahat,South Kolkata,Kolkata,Regular,13-03-2023,19-02-2023,BLK_KOL_022,4,1902.88
KOL_CUST_007468,Ballygunge,South Kolkata,Kolkata,Regular,10-08-2024,03-08-2024,BLK_KOL_019,15,9531.22
KOL_CUST_007469,Esplanade,Central Kolkata,Kolkata,Regular,02-06-2024,24-05-2024,BLK_KOL_011,7,3401.58
KOL_CUST_007470,Santragachi,Howrah District,Kolkata,New,16-09-2024,01-09-2024,BLK_KOL_053,17,5665.89
KOL_CUST_007471,Park Street,Central Kolkata,Kolkata,Regular,12-05-2023,18-04-2023,BLK_KOL_013,17,7867.78
KOL_CUST_007472,Esplanade,Central Kolkata,Kolkata,Premium,05-06-2023,16-05-2023,BLK_KOL_010,12,4979.44
KOL_CUST_007473,New Town,Salt Lake & New Town,Kolkata,Regular,10-07-2023,14-06-2023,BLK_KOL_031,10,4771.87
KOL_CUST_007474,Howrah,Howrah District,Kolkata,Regular,03-07-2024,09-06-2024,BLK_KOL_046,10,3439.32
KOL_CUST_007475,Ballygunge,South Kolkata,Kolkata,Regular,05-01-2023,11-12-2022,BLK_KOL_019,5,3213.33
KOL_CUST_007476,Ballygunge,South Kolkata,Kolkata,Regular,10-09-2024,28-08-2024,BLK_KOL_020,5,1669.64
KOL_CUST_007477,Kasba,East Kolkata,Kolkata,Regular,25-08-2024,04-08-2024,BLK_KOL_040,6,2588.49
KOL_CUST_007478,Esplanade,Central Kolkata,Kolkata,Regular,11-01-2024,05-01-2024,BLK_KOL_010,5,1606.44
KOL_CUST_007479,Kasba,East Kolkata,Kolkata,Regular,24-01-2023,12-01-2023,BLK_KOL_040,9,5390.87
KOL_CUST_007480,Shibpur,Howrah District,Kolkata,Premium,25-08-2024,24-08-2024,BLK_KOL_051,6,2777.5
KOL_CUST_007481,Park Street,Central Kolkata,Kolkata,Regular,26-04-2024,05-04-2024,BLK_KOL_014,9,3771.57
KOL_CUST_007482,Kasba,East Kolkata,Kolkata,Regular,22-01-2023,11-01-2023,BLK_KOL_040,10,4508.48
KOL_CUST_007483,Howrah,Howrah District,Kolkata,New,15-07-2024,08-07-2024,BLK_KOL_047,8,3160.22
KOL_CUST_007484,Santragachi,Howrah District,Kolkata,New,11-02-2023,20-01-2023,BLK_KOL_053,11,5359.52
KOL_CUST_007485,Howrah,Howrah District,Kolkata,Regular,19-05-2023,13-05-2023,BLK_KOL_047,10,6469.43
KOL_CUST_007486,Shibpur,Howrah District,Kolkata,Regular,31-08-2024,28-08-2024,BLK_KOL_049,12,4142.79
KOL_CUST_007487,Rajarhat,Salt Lake & New Town,Kolkata,Regular,22-07-2023,15-07-2023,BLK_KOL_034,10,5659.02
KOL_CUST_007488,Park Street,Central Kolkata,Kolkata,Regular,14-01-2024,30-12-2023,BLK_KOL_013,8,5348.68
KOL_CUST_007489,Esplanade,Central Kolkata,Kolkata,Regular,03-01-2023,13-12-2022,BLK_KOL_011,13,5213.71
KOL_CUST_007490,Esplanade,Central Kolkata,Kolkata,Regular,16-02-2023,07-02-2023,BLK_KOL_010,9,3612.29
KOL_CUST_007491,EM Bypass,East Kolkata,Kolkata,Regular,21-07-2023,03-07-2023,BLK_KOL_039,7,3561.94
KOL_CUST_007492,Park Street,Central Kolkata,Kolkata,New,16-08-2024,13-08-2024,BLK_KOL_013,5,2502.16
KOL_CUST_007493,Behala,East Kolkata,Kolkata,Regular,27-04-2024,13-04-2024,BLK_KOL_045,13,5316.05
KOL_CUST_007494,Shyambazar,North Kolkata,Kolkata,Regular,31-01-2024,27-01-2024,BLK_KOL_003,11,6100.085
KOL_CUST_007495,Park Street,Central Kolkata,Kolkata,New,06-01-2023,11-12-2022,BLK_KOL_013,10,3380.39
KOL_CUST_007496,Ballygunge,South Kolkata,Kolkata,Regular,05-03-2023,28-02-2023,BLK_KOL_021,10,3204.78
KOL_CUST_007497,Howrah,Howrah District,Kolkata,Regular,10-10-2023,13-09-2023,BLK_KOL_047,11,5467.2
KOL_CUST_007498,Kasba,East Kolkata,Kolkata,Regular,24-10-2023,28-09-2023,BLK_KOL_041,15,7300.2
KOL_CUST_007499,Behala,East Kolkata,Kolkata,New,05-01-2024,12-12-2023,BLK_KOL_045,9,5575.69
KOL_CUST_007500,Tollygunge,South Kolkata,Kolkata,Regular,02-12-2023,01-12-2023,BLK_KOL_025,7,2414.71
KOL_CUST_007501,EM Bypass,East Kolkata,Kolkata,Regular,24-06-2024,01-06-2024,BLK_KOL_039,11,3833.87
KOL_CUST_007502,Rajarhat,Salt Lake & New Town,Kolkata,Regular,08-01-2023,12-12-2022,BLK_KOL_036,6,2908.11
KOL_CUST_007503,Rajarhat,Salt Lake & New Town,Kolkata,Regular,08-04-2024,20-03-2024,BLK_KOL_035,4,3816.07
KOL_CUST_007504,Howrah,Howrah District,Kolkata,Regular,12-02-2024,01-02-2024,BLK_KOL_046,8,2467.04
KOL_CUST_007505,Shibpur,Howrah District,Kolkata,Regular,22-11-2023,27-10-2023,BLK_KOL_049,10,4329.29
KOL_CUST_007506,Gariahat,South Kolkata,Kolkata,Regular,23-01-2023,25-12-2022,BLK_KOL_024,10,4375.055
KOL_CUST_007507,B.B.D. Bagh,Central Kolkata,Kolkata,Regular,29-03-2023,01-03-2023,BLK_KOL_018,10,5555.34
KOL_CUST_007508,Esplanade,Central Kolkata,Kolkata,Regular,20-06-2024,24-05-2024,BLK_KOL_010,15,6335.265
KOL_CUST_007509,Gariahat,South Kolkata,Kolkata,Regular,07-01-2024,13-12-2023,BLK_KOL_023,12,6041.81
KOL_CUST_007510,Salt Lake,Salt Lake & New Town,Kolkata,Premium,31-01-2023,15-01-2023,BLK_KOL_030,6,3883.21
KOL_CUST_007511,Baghbazar,North Kolkata,Kolkata,Premium,01-08-2024,25-07-2024,BLK_KOL_008,15,4941.86
KOL_CUST_007512,EM Bypass,East Kolkata,Kolkata,Regular,04-11-2023,07-10-2023,BLK_KOL_039,5,2244.77
KOL_CUST_007513,Kasba,East Kolkata,Kolkata,Regular,13-05-2023,05-05-2023,BLK_KOL_042,11,6053.23
KOL_CUST_007514,Behala,East Kolkata,Kolkata,Premium,10-02-2023,06-02-2023,BLK_KOL_045,14,6101.34
KOL_CUST_007515,Howrah,Howrah District,Kolkata,Regular,26-04-2023,22-04-2023,BLK_KOL_048,10,5920.27
KOL_CUST_007516,Salt Lake,Salt Lake & New Town,Kolkata,Regular,16-11-2023,27-10-2023,BLK_KOL_030,9,3559.39
KOL_CUST_007517,Ultadanga,North Kolkata,Kolkata,Regular,17-07-2023,20-06-2023,BLK_KOL_004,13,6043.52
KOL_CUST_007518,Park Street,Central Kolkata,Kolkata,Regular,16-03-2023,27-02-2023,BLK_KOL_015,5,3764.72
KOL_CUST_007519,Howrah,Howrah District,Kolkata,Regular,26-06-2023,11-06-2023,BLK_KOL_047,8,3525.79
KOL_CUST_007520,Santragachi,Howrah District,Kolkata,Premium,19-03-2023,22-02-2023,BLK_KOL_054,10,4180.84
KOL_CUST_007521,Rajarhat,Salt Lake & New Town,Kolkata,Regular,28-09-2024,10-09-2024,BLK_KOL_034,11,4750.67
KOL_CUST_007522,B.B.D. Bagh,Central Kolkata,Kolkata,New,26-07-2023,20-07-2023,BLK_KOL_017,12,6039.05
KOL_CUST_007523,Gariahat,South Kolkata,Kolkata,Regular,14-11-2023,30-10-2023,BLK_KOL_022,11,5161.34
KOL_CUST_007524,New Town,Salt Lake & New Town,Kolkata,Regular,15-06-2023,03-06-2023,BLK_KOL_031,7,2528.54
KOL_CUST_007525,Ballygunge,South Kolkata,Kolkata,Regular,20-04-2024,23-03-2024,BLK_KOL_020,11,2329.55
KOL_CUST_007526,Baghbazar,North Kolkata,Kolkata,Regular,18-06-2023,24-05-2023,BLK_KOL_007,8,3518.06
KOL_CUST_007527,Baghbazar,North Kolkata,Kolkata,Premium,03-03-2023,13-02-2023,BLK_KOL_009,13,4842.06
KOL_CUST_007528,Salt Lake,Salt Lake & New Town,Kolkata,Regular,26-07-2024,06-07-2024,BLK_KOL_028,7,2309.59
KOL_CUST_007529,Esplanade,Central Kolkata,Kolkata,Premium,18-08-2024,23-07-2024,BLK_KOL_011,4,2017.78
KOL_CUST_007530,Tollygunge,South Kolkata,Kolkata,Regular,26-03-2024,29-02-2024,BLK_KOL_025,5,1457.99
KOL_CUST_007531,Esplanade,Central Kolkata,Kolkata,Regular,14-02-2023,06-02-2023,BLK_KOL_011,13,6242.63
KOL_CUST_007532,Santragachi,Howrah District,Kolkata,Premium,10-08-2023,20-07-2023,BLK_KOL_052,9,6325.38
KOL_CUST_007533,Baghbazar,North Kolkata,Kolkata,Regular,15-03-2023,20-02-2023,BLK_KOL_007,12,4263.77
KOL_CUST_007534,Shyambazar,North Kolkata,Kolkata,Regular,21-04-2023,11-04-2023,BLK_KOL_002,5,2726.1
KOL_CUST_007535,Salt Lake,Salt Lake & New Town,Kolkata,Premium,21-07-2023,09-07-2023,BLK_KOL_030,6,1694.34
KOL_CUST_007536,Santragachi,Howrah District,Kolkata,Regular,13-10-2023,05-10-2023,BLK_KOL_053,14,5033.95
KOL_CUST_007537,Park Street,Central Kolkata,Kolkata,New,16-02-2023,19-01-2023,BLK_KOL_014,6,2388.23
KOL_CUST_007538,Baghbazar,North Kolkata,Kolkata,Regular,23-03-2024,25-02-2024,BLK_KOL_008,3,1123.46
KOL_CUST_007539,Ultadanga,North Kolkata,Kolkata,Regular,21-03-2023,07-03-2023,BLK_KOL_004,10,4813.22
KOL_CUST_007540,Ultadanga,North Kolkata,Kolkata,Premium,24-09-2024,28-08-2024,BLK_KOL_006,10,2238.215
KOL_CUST_007541,Baghbazar,North Kolkata,Kolkata,Regular,09-01-2023,16-12-2022,BLK_KOL_009,10,5775.71
KOL_CUST_007542,Esplanade,Central Kolkata,Kolkata,Regular,08-04-2023,12-03-2023,BLK_KOL_010,9,5467.76
KOL_CUST_007543,B.B.D. Bagh,Central Kolkata,Kolkata,New,28-07-2024,12-07-2024,BLK_KOL_016,9,3559.64
KOL_CUST_007544,Shyambazar,North Kolkata,Kolkata,Regular,12-03-2023,28-02-2023,BLK_KOL_003,5,3974.83
KOL_CUST_007545,Tollygunge,South Kolkata,Kolkata,Regular,06-01-2024,16-12-2023,BLK_KOL_025,7,4574.38
KOL_CUST_007546,New Town,Salt Lake & New Town,Kolkata,Regular,31-03-2024,30-03-2024,BLK_KOL_032,2,551.34
KOL_CUST_007547,Ultadanga,North Kolkata,Kolkata,Premium,29-05-2023,03-05-2023,BLK_KOL_004,11,6932.76
KOL_CUST_007548,Kasba,East Kolkata,Kolkata,Regular,08-06-2023,19-05-2023,BLK_KOL_041,9,4406.83
KOL_CUST_007549,Park Street,Central Kolkata,Kolkata,Regular,04-06-2024,20-05-2024,BLK_KOL_015,5,2516.61
KOL_CUST_007550,Esplanade,Central Kolkata,Kolkata,New,26-06-2024,27-05-2024,BLK_KOL_010,6,2300.39
KOL_CUST_007551,Rajarhat,Salt Lake & New Town,Kolkata,Premium,12-02-2023,11-02-2023,BLK_KOL_035,14,5049.35
KOL_CUST_007552,EM Bypass,East Kolkata,Kolkata,New,21-07-2023,24-06-2023,BLK_KOL_039,10,4444.75
KOL_CUST_007553,Park Street,Central Kolkata,Kolkata,Regular,29-03-2023,13-03-2023,BLK_KOL_015,7,2083.07
KOL_CUST_007554,New Town,Salt Lake & New Town,Kolkata,Regular,09-09-2023,03-09-2023,BLK_KOL_032,11,4300
KOL_CUST_007555,Rajarhat,Salt Lake & New Town,Kolkata,Premium,15-05-2024,06-05-2024,BLK_KOL_035,8,2604.77
KOL_CUST_007556,B.B.D. Bagh,Central Kolkata,Kolkata,Regular,10-03-2023,06-03-2023,BLK_KOL_018,7,2405.595
KOL_CUST_007557,New Town,Salt Lake & New Town,Kolkata,Regular,28-01-2023,24-01-2023,BLK_KOL_032,10,6341.05
KOL_CUST_007558,Rajarhat,Salt Lake & New Town,Kolkata,Regular,22-02-2024,04-02-2024,BLK_KOL_035,9,3021.72
KOL_CUST_007559,Rajarhat,Salt Lake & New Town,Kolkata,Premium,07-05-2024,07-04-2024,BLK_KOL_035,7,1373.115
KOL_CUST_007560,Rajarhat,Salt Lake & New Town,Kolkata,Regular,14-08-2023,06-08-2023,BLK_KOL_034,9,3273.64
KOL_CUST_007561,New Town,Salt Lake & New Town,Kolkata,Premium,12-06-2024,20-05-2024,BLK_KOL_031,6,2676.4
KOL_CUST_007562,Tollygunge,South Kolkata,Kolkata,Premium,19-09-2023,12-09-2023,BLK_KOL_027,5,3844.7
KOL_CUST_007563,Howrah,Howrah District,Kolkata,Regular,09-08-2024,26-07-2024,BLK_KOL_048,10,2822.64
KOL_CUST_007564,Shyambazar,North Kolkata,Kolkata,Regular,10-08-2023,09-08-2023,BLK_KOL_003,9,3832.02
KOL_CUST_007565,Tollygunge,South Kolkata,Kolkata,Regular,15-06-2024,22-05-2024,BLK_KOL_025,11,6399.32
KOL_CUST_007566,Salt Lake,Salt Lake & New Town,Kolkata,Regular,28-03-2024,18-03-2024,BLK_KOL_028,9,4372.86
KOL_CUST_007567,Santragachi,Howrah District,Kolkata,Premium,22-05-2023,28-04-2023,BLK_KOL_052,12,6039.03
KOL_CUST_007568,Behala,East Kolkata,Kolkata,Premium,22-10-2024,28-09-2024,BLK_KOL_045,10,3687.055
KOL_CUST_007569,Shyambazar,North Kolkata,Kolkata,Regular,21-03-2024,09-03-2024,BLK_KOL_002,14,6428.18
KOL_CUST_007570,Behala,East Kolkata,Kolkata,Premium,13-07-2024,11-07-2024,BLK_KOL_044,9,3732.73
KOL_CUST_007571,Santragachi,Howrah District,Kolkata,Regular,24-09-2023,30-08-2023,BLK_KOL_053,6,1990.71
KOL_CUST_007572,Baghbazar,North Kolkata,Kolkata,Regular,23-08-2024,22-08-2024,BLK_KOL_009,10,3039.08
KOL_CUST_007573,Rajarhat,Salt Lake & New Town,Kolkata,Regular,24-09-2023,09-09-2023,BLK_KOL_035,9,5060.35
KOL_CUST_007574,Ballygunge,South Kolkata,Kolkata,Regular,18-02-2024,21-01-2024,BLK_KOL_019,7,2083.16
KOL_CUST_007575,Behala,East Kolkata,Kolkata,Regular,13-06-2023,16-05-2023,BLK_KOL_045,15,8582.86
KOL_CUST_007576,Shibpur,Howrah District,Kolkata,Regular,03-08-2024,18-07-2024,BLK_KOL_051,10,2909.98
KOL_CUST_007577,Behala,East Kolkata,Kolkata,Regular,27-10-2024,26-10-2024,BLK_KOL_043,14,5583.13
KOL_CUST_007578,New Town,Salt Lake & New Town,Kolkata,Regular,30-08-2023,11-08-2023,BLK_KOL_031,8,6238.5
KOL_CUST_007579,Baghbazar,North Kolkata,Kolkata,Regular,17-03-2024,21-02-2024,BLK_KOL_007,3,1358.07
KOL_CUST_007580,EM Bypass,East Kolkata,Kolkata,Regular,18-06-2024,25-05-2024,BLK_KOL_039,3,1250.16
KOL_CUST_007581,Ballygunge,South Kolkata,Kolkata,Regular,06-09-2024,24-08-2024,BLK_KOL_020,10,4630.64
KOL_CUST_007582,Salt Lake,Salt Lake & New Town,Kolkata,Regular,12-09-2023,13-08-2023,BLK_KOL_028,6,2809.07
KOL_CUST_007583,B.B.D. Bagh,Central Kolkata,Kolkata,New,28-02-2023,06-02-2023,BLK_KOL_016,9,2764.52
KOL_CUST_007584,Tollygunge,South Kolkata,Kolkata,Regular,11-05-2024,15-04-2024,BLK_KOL_025,13,7145.4
KOL_CUST_007585,EM Bypass,East Kolkata,Kolkata,Premium,12-03-2023,09-03-2023,BLK_KOL_037,12,8333.345
KOL_CUST_007586,EM Bypass,East Kolkata,Kolkata,Regular,25-04-2023,30-03-2023,BLK_KOL_037,7,3391.24
KOL_CUST_007587,Tollygunge,South Kolkata,Kolkata,New,14-11-2023,23-10-2023,BLK_KOL_026,9,3655.78
KOL_CUST_007588,Ballygunge,South Kolkata,Kolkata,Regular,16-09-2023,13-09-2023,BLK_KOL_019,10,5598.73
KOL_CUST_007589,Shibpur,Howrah District,Kolkata,Premium,12-07-2024,19-06-2024,BLK_KOL_050,10,6226.81
KOL_CUST_007590,Shibpur,Howrah District,Kolkata,Regular,24-03-2023,20-03-2023,BLK_KOL_050,12,6072.27
KOL_CUST_007591,Gariahat,South Kolkata,Kolkata,Regular,27-08-2023,15-08-2023,BLK_KOL_022,10,4299.79
KOL_CUST_007592,New Town,Salt Lake & New Town,Kolkata,New,31-07-2024,20-07-2024,BLK_KOL_032,14,7553.24
KOL_CUST_007593,EM Bypass,East Kolkata,Kolkata,Premium,07-02-2024,27-01-2024,BLK_KOL_038,16,6768.86
KOL_CUST_007594,Shibpur,Howrah District,Kolkata,Regular,07-02-2023,11-01-2023,BLK_KOL_049,6,2256.47
KOL_CUST_007595,Santragachi,Howrah District,Kolkata,New,22-09-2024,28-08-2024,BLK_KOL_053,9,2814
KOL_CUST_007596,Baghbazar,North Kolkata,Kolkata,Regular,01-12-2023,21-11-2023,BLK_KOL_009,6,3348
KOL_CUST_007597,B.B.D. Bagh,Central Kolkata,Kolkata,Regular,14-04-2024,13-04-2024,BLK_KOL_016,12,4481
KOL_CUST_007598,Kasba,East Kolkata,Kolkata,Regular,18-03-2023,28-02-2023,BLK_KOL_040,9,3980.21
KOL_CUST_007599,Salt Lake,Salt Lake & New Town,Kolkata,Regular,16-07-2023,19-06-2023,BLK_KOL_028,5,3855.67
KOL_CUST_007600,Esplanade,Central Kolkata,Kolkata,Regular,29-03-2024,03-03-2024,BLK_KOL_010,13,6389.45
KOL_CUST_007601,Howrah,Howrah District,Kolkata,Regular,01-08-2024,14-07-2024,BLK_KOL_047,5,1950.68
KOL_CUST_007602,Gariahat,South Kolkata,Kolkata,Regular,07-02-2024,04-02-2024,BLK_KOL_022,9,4797.85
KOL_CUST_007603,Shibpur,Howrah District,Kolkata,Regular,30-06-2023,01-06-2023,BLK_KOL_050,8,4663.01
KOL_CUST_007604,Gariahat,South Kolkata,Kolkata,New,03-02-2023,15-01-2023,BLK_KOL_022,11,5246.36
KOL_CUST_007605,New Town,Salt Lake & New Town,Kolkata,Regular,11-07-2024,15-06-2024,BLK_KOL_031,6,1725.93
KOL_CUST_007606,Esplanade,Central Kolkata,Kolkata,Regular,21-02-2023,19-02-2023,BLK_KOL_010,15,6618.33
KOL_CUST_007607,Shibpur,Howrah District,Kolkata,Regular,29-08-2024,23-08-2024,BLK_KOL_050,10,7222.81
KOL_CUST_007608,Gariahat,South Kolkata,Kolkata,New,12-09-2023,31-08-2023,BLK_KOL_022,9,3941.31
KOL_CUST_007609,Behala,East Kolkata,Kolkata,Regular,29-11-2023,24-11-2023,BLK_KOL_044,6,2471.62
KOL_CUST_007610,Esplanade,Central Kolkata,Kolkata,Regular,27-03-2023,12-03-2023,BLK_KOL_012,10,6642.96
KOL_CUST_007611,Shyambazar,North Kolkata,Kolkata,New,30-07-2023,14-07-2023,BLK_KOL_003,10,5040.54
KOL_CUST_007612,Shibpur,Howrah District,Kolkata,New,16-10-2023,28-09-2023,BLK_KOL_050,8,3663.07
KOL_CUST_007613,B.B.D. Bagh,Central Kolkata,Kolkata,Premium,13-08-2023,04-08-2023,BLK_KOL_018,11,3974.07
KOL_CUST_007614,Rajarhat,Salt Lake & New Town,Kolkata,Premium,14-04-2023,01-04-2023,BLK_KOL_036,6,1957.59
KOL_CUST_007615,Esplanade,Central Kolkata,Kolkata,Regular,09-06-2023,10-05-2023,BLK_KOL_012,8,3062.17
KOL_CUST_007616,Baghbazar,North Kolkata,Kolkata,Regular,01-09-2023,29-08-2023,BLK_KOL_009,11,3952.34
KOL_CUST_007617,B.B.D. Bagh,Central Kolkata,Kolkata,Regular,27-02-2023,24-02-2023,BLK_KOL_016,8,4108.33
KOL_CUST_007618,Behala,East Kolkata,Kolkata,Premium,31-03-2024,12-03-2024,BLK_KOL_043,6,3750.51
KOL_CUST_007619,Santragachi,Howrah District,Kolkata,Regular,16-02-2024,06-02-2024,BLK_KOL_054,5,1350.65
KOL_CUST_007620,Tollygunge,South Kolkata,Kolkata,Premium,18-05-2023,25-04-2023,BLK_KOL_027,10,4416.65
KOL_CUST_007621,EM Bypass,East Kolkata,Kolkata,Regular,08-04-2023,10-03-2023,BLK_KOL_038,2,1646.66
KOL_CUST_007622,Ultadanga,North Kolkata,Kolkata,Regular,24-05-2024,01-05-2024,BLK_KOL_006,11,5617.99
KOL_CUST_007623,Santragachi,Howrah District,Kolkata,Regular,20-08-2023,22-07-2023,BLK_KOL_053,8,3144.635
KOL_CUST_007624,Gariahat,South Kolkata,Kolkata,Regular,19-08-2023,15-08-2023,BLK_KOL_024,6,2419.47
KOL_CUST_007625,B.B.D. Bagh,Central Kolkata,Kolkata,New,19-06-2023,17-06-2023,BLK_KOL_016,16,9144.77
KOL_CUST_007626,Tollygunge,South Kolkata,Kolkata,Regular,02-10-2023,30-09-2023,BLK_KOL_026,8,4195.57
KOL_CUST_007627,Rajarhat,Salt Lake & New Town,Kolkata,Premium,22-06-2024,14-06-2024,BLK_KOL_035,10,5545.41
KOL_CUST_007628,Shyambazar,North Kolkata,Kolkata,Regular,20-04-2023,23-03-2023,BLK_KOL_003,12,4591.27
KOL_CUST_007629,Park Street,Central Kolkata,Kolkata,Regular,02-12-2023,29-11-2023,BLK_KOL_015,6,2223.27
KOL_CUST_007630,Ballygunge,South Kolkata,Kolkata,Regular,13-01-2023,30-12-2022,BLK_KOL_019,7,3557.08
KOL_CUST_007631,Gariahat,South Kolkata,Kolkata,Regular,11-08-2023,03-08-2023,BLK_KOL_022,10,7590.59
KOL_CUST_007632,Shibpur,Howrah District,Kolkata,Regular,04-07-2024,27-06-2024,BLK_KOL_049,15,6708.43
KOL_CUST_007633,Esplanade,Central Kolkata,Kolkata,Premium,19-03-2023,18-03-2023,BLK_KOL_012,10,4983.7
KOL_CUST_007634,Santragachi,Howrah District,Kolkata,Premium,16-05-2023,03-05-2023,BLK_KOL_054,7,4054.72
KOL_CUST_007635,Ultadanga,North Kolkata,Kolkata,Regular,27-06-2023,19-06-2023,BLK_KOL_004,11,4672.82
KOL_CUST_007636,Tollygunge,South Kolkata,Kolkata,New,30-11-2023,04-11-2023,BLK_KOL_025,9,4562.18
KOL_CUST_007637,Tollygunge,South Kolkata,Kolkata,New,08-07-2024,26-06-2024,BLK_KOL_026,7,3721.23
KOL_CUST_007638,Salt Lake,Salt Lake & New Town,Kolkata,Regular,08-07-2023,06-07-2023,BLK_KOL_028,11,4453.41
KOL_CUST_007639,Esplanade,Central Kolkata,Kolkata,Premium,11-01-2024,05-01-2024,BLK_KOL_011,6,2244.74
KOL_CUST_007640,EM Bypass,East Kolkata,Kolkata,Regular,23-02-2024,05-02-2024,BLK_KOL_039,2,157.17
KOL_CUST_007641,Shyambazar,North Kolkata,Kolkata,Regular,24-11-2023,20-11-2023,BLK_KOL_001,6,2589.36
KOL_CUST_007642,Rajarhat,Salt Lake & New Town,Kolkata,Premium,10-06-2023,17-05-2023,BLK_KOL_035,12,4802.12
KOL_CUST_007643,B.B.D. Bagh,Central Kolkata,Kolkata,Regular,10-04-2023,29-03-2023,BLK_KOL_016,13,7314.12
KOL_CUST_007644,Tollygunge,South Kolkata,Kolkata,Regular,16-05-2023,24-04-2023,BLK_KOL_026,9,4999.72
KOL_CUST_007645,Shibpur,Howrah District,Kolkata,New,25-05-2024,01-05-2024,BLK_KOL_050,6,2904.52
KOL_CUST_007646,Kasba,East Kolkata,Kolkata,New,02-03-2023,02-02-2023,BLK_KOL_042,12,7263.86
KOL_CUST_007647,Howrah,Howrah District,Kolkata,Premium,25-03-2024,25-02-2024,BLK_KOL_047,9,4163.93
KOL_CUST_007648,Santragachi,Howrah District,Kolkata,New,11-02-2024,15-01-2024,BLK_KOL_054,5,1690.7
KOL_CUST_007649,New Town,Salt Lake & New Town,Kolkata,Regular,28-03-2023,18-03-2023,BLK_KOL_032,15,4244.69
KOL_CUST_007650,Salt Lake,Salt Lake & New Town,Kolkata,Premium,28-08-2024,29-07-2024,BLK_KOL_030,7,4534.6
KOL_CUST_007651,Behala,East Kolkata,Kolkata,Regular,21-06-2024,24-05-2024,BLK_KOL_044,7,3024.47
KOL_CUST_007652,Rajarhat,Salt Lake & New Town,Kolkata,New,19-02-2023,17-02-2023,BLK_KOL_036,6,3415.81
KOL_CUST_007653,Shyambazar,North Kolkata,Kolkata,Regular,25-10-2024,09-10-2024,BLK_KOL_001,9,3341.47
KOL_CUST_007654,New Town,Salt Lake & New Town,Kolkata,Premium,25-07-2023,10-07-2023,BLK_KOL_031,7,3510.19
KOL_CUST_007655,Tollygunge,South Kolkata,Kolkata,Premium,14-01-2023,19-12-2022,BLK_KOL_026,8,4761.07
KOL_CUST_007656,Shibpur,Howrah District,Kolkata,Regular,13-05-2024,22-04-2024,BLK_KOL_049,7,2387.67
KOL_CUST_007657,Tollygunge,South Kolkata,Kolkata,Regular,01-06-2024,27-05-2024,BLK_KOL_026,13,9270.11
KOL_CUST_007658,Kasba,East Kolkata,Kolkata,Premium,04-07-2023,02-07-2023,BLK_KOL_040,7,1106.59
KOL_CUST_007659,Shyambazar,North Kolkata,Kolkata,Premium,31-05-2023,20-05-2023,BLK_KOL_002,8,3319.365
KOL_CUST_007660,Ballygunge,South Kolkata,Kolkata,Premium,11-02-2024,18-01-2024,BLK_KOL_021,15,4345.43
KOL_CUST_007661,Kasba,East Kolkata,Kolkata,Regular,29-08-2023,30-07-2023,BLK_KOL_042,14,8478.075
KOL_CUST_007662,Salt Lake,Salt Lake & New Town,Kolkata,Regular,08-09-2024,17-08-2024,BLK_KOL_029,4,1198.65
KOL_CUST_007663,EM Bypass,East Kolkata,Kolkata,Regular,17-04-2023,05-04-2023,BLK_KOL_037,12,4421.745
KOL_CUST_007664,Tollygunge,South Kolkata,Kolkata,Premium,22-02-2023,15-02-2023,BLK_KOL_027,11,5118.08
KOL_CUST_007665,Ballygunge,South Kolkata,Kolkata,Regular,26-07-2024,27-06-2024,BLK_KOL_021,9,3510.77
KOL_CUST_007666,Santragachi,Howrah District,Kolkata,Regular,06-02-2023,15-01-2023,BLK_KOL_052,15,5728.2
KOL_CUST_007667,Kasba,East Kolkata,Kolkata,Regular,10-03-2024,13-02-2024,BLK_KOL_042,11,4984.02
KOL_CUST_007668,EM Bypass,East Kolkata,Kolkata,Regular,13-07-2023,16-06-2023,BLK_KOL_037,13,6258.35
KOL_CUST_007669,Howrah,Howrah District,Kolkata,Regular,09-04-2023,28-03-2023,BLK_KOL_048,4,1914.02
KOL_CUST_007670,New Town,Salt Lake & New Town,Kolkata,Regular,11-10-2024,29-09-2024,BLK_KOL_033,7,2142.14
KOL_CUST_007671,Baghbazar,North Kolkata,Kolkata,Regular,05-06-2024,09-05-2024,BLK_KOL_007,11,6802.62
KOL_CUST_007672,Park Street,Central Kolkata,Kolkata,New,25-11-2023,06-11-2023,BLK_KOL_015,9,3468.68
KOL_CUST_007673,Shibpur,Howrah District,Kolkata,Premium,28-11-2023,16-11-2023,BLK_KOL_049,8,4990.15
KOL_CUST_007674,Esplanade,Central Kolkata,Kolkata,Regular,07-03-2023,02-03-2023,BLK_KOL_010,13,8655.665
KOL_CUST_007675,New Town,Salt Lake & New Town,Kolkata,Premium,29-07-2023,29-06-2023,BLK_KOL_033,10,5908.76
KOL_CUST_007676,Santragachi,Howrah District,Kolkata,Regular,21-06-2024,17-06-2024,BLK_KOL_053,2,556.94
KOL_CUST_007677,Esplanade,Central Kolkata,Kolkata,Regular,15-10-2024,28-09-2024,BLK_KOL_012,10,3001.49
KOL_CUST_007678,Rajarhat,Salt Lake & New Town,Kolkata,Regular,19-08-2023,25-07-2023,BLK_KOL_035,12,7542.74
KOL_CUST_007679,Ultadanga,North Kolkata,Kolkata,Premium,22-06-2024,08-06-2024,BLK_KOL_004,12,6990.8
KOL_CUST_007680,Shyambazar,North Kolkata,Kolkata,Regular,04-10-2024,02-10-2024,BLK_KOL_002,10,3854.43
KOL_CUST_007681,Shibpur,Howrah District,Kolkata,Regular,10-10-2023,19-09-2023,BLK_KOL_050,5,3138.13
KOL_CUST_007682,EM Bypass,East Kolkata,Kolkata,Regular,30-10-2023,09-10-2023,BLK_KOL_039,11,4906.4
KOL_CUST_007683,Shyambazar,North Kolkata,Kolkata,New,27-03-2023,08-03-2023,BLK_KOL_003,11,7698.01
KOL_CUST_007684,Rajarhat,Salt Lake & New Town,Kolkata,New,30-05-2024,05-05-2024,BLK_KOL_035,8,3487.2
KOL_CUST_007685,Tollygunge,South Kolkata,Kolkata,Regular,23-04-2023,19-04-2023,BLK_KOL_027,8,4042.1
KOL_CUST_007686,Gariahat,South Kolkata,Kolkata,Regular,24-04-2023,06-04-2023,BLK_KOL_022,15,8099.19
KOL_CUST_007687,Gariahat,South Kolkata,Kolkata,Regular,12-01-2023,17-12-2022,BLK_KOL_023,8,3153.13
KOL_CUST_007688,Howrah,Howrah District,Kolkata,Regular,24-06-2023,09-06-2023,BLK_KOL_046,4,2636.89
KOL_CUST_007689,EM Bypass,East Kolkata,Kolkata,Regular,07-05-2023,14-04-2023,BLK_KOL_037,9,4249.61
KOL_CUST_007690,B.B.D. Bagh,Central Kolkata,Kolkata,Regular,26-04-2024,24-04-2024,BLK_KOL_018,13,4368.755
KOL_CUST_007691,Baghbazar,North Kolkata,Kolkata,Regular,12-11-2023,30-10-2023,BLK_KOL_007,7,3415.41
KOL_CUST_007692,Esplanade,Central Kolkata,Kolkata,Premium,15-05-2024,07-05-2024,BLK_KOL_012,9,3799.13
KOL_CUST_007693,Shyambazar,North Kolkata,Kolkata,Regular,22-07-2024,24-06-2024,BLK_KOL_001,6,2109.31
KOL_CUST_007694,Shibpur,Howrah District,Kolkata,Premium,25-02-2023,04-02-2023,BLK_KOL_049,6,2461.8
KOL_CUST_007695,Ultadanga,North Kolkata,Kolkata,Regular,14-02-2024,29-01-2024,BLK_KOL_006,13,5039.73
KOL_CUST_007696,B.B.D. Bagh,Central Kolkata,Kolkata,New,05-04-2024,22-03-2024,BLK_KOL_018,7,4227.87
KOL_CUST_007697,Behala,East Kolkata,Kolkata,Regular,14-08-2023,27-07-2023,BLK_KOL_043,6,3339.64
KOL_CUST_007698,Ballygunge,South Kolkata,Kolkata,New,26-09-2024,19-09-2024,BLK_KOL_020,12,3698.655
KOL_CUST_007699,Ballygunge,South Kolkata,Kolkata,Regular,31-03-2023,05-03-2023,BLK_KOL_019,13,6395.43
KOL_CUST_007700,Santragachi,Howrah District,Kolkata,Premium,30-09-2023,06-09-2023,BLK_KOL_052,9,5733.32
KOL_CUST_007701,Behala,East Kolkata,Kolkata,Premium,06-09-2023,30-08-2023,BLK_KOL_044,12,4599.51
KOL_CUST_007702,Santragachi,Howrah District,Kolkata,Regular,07-08-2023,28-07-2023,BLK_KOL_052,9,4859.02
KOL_CUST_007703,New Town,Salt Lake & New Town,Kolkata,New,01-08-2024,17-07-2024,BLK_KOL_032,8,3666.28
KOL_CUST_007704,Ballygunge,South Kolkata,Kolkata,Regular,13-10-2023,26-09-2023,BLK_KOL_021,10,4767.11
KOL_CUST_007705,B.B.D. Bagh,Central Kolkata,Kolkata,Regular,06-08-2023,13-07-2023,BLK_KOL_016,12,6111.77
KOL_CUST_007706,Santragachi,Howrah District,Kolkata,New,24-09-2024,15-09-2024,BLK_KOL_054,13,5443.135
KOL_CUST_007707,Ballygunge,South Kolkata,Kolkata,Regular,03-07-2023,21-06-2023,BLK_KOL_021,7,3409.43
KOL_CUST_007708,Esplanade,Central Kolkata,Kolkata,Premium,25-04-2023,08-04-2023,BLK_KOL_010,9,5007.235
KOL_CUST_007709,Tollygunge,South Kolkata,Kolkata,Regular,17-09-2024,15-09-2024,BLK_KOL_027,11,7277.71
KOL_CUST_007710,Park Street,Central Kolkata,Kolkata,Regular,11-05-2023,05-05-2023,BLK_KOL_015,7,4339.86
KOL_CUST_007711,B.B.D. Bagh,Central Kolkata,Kolkata,Regular,07-04-2023,15-03-2023,BLK_KOL_018,15,9337.37
KOL_CUST_007712,Santragachi,Howrah District,Kolkata,Regular,24-04-2023,21-04-2023,BLK_KOL_052,9,2630.97
KOL_CUST_007713,Ballygunge,South Kolkata,Kolkata,Premium,21-09-2024,06-09-2024,BLK_KOL_021,13,7999.08
KOL_CUST_007714,Park Street,Central Kolkata,Kolkata,Regular,21-08-2023,20-08-2023,BLK_KOL_013,3,695.53
KOL_CUST_007715,Shyambazar,North Kolkata,Kolkata,Regular,02-01-2024,12-12-2023,BLK_KOL_001,6,4202.09
KOL_CUST_007716,Gariahat,South Kolkata,Kolkata,Regular,06-10-2023,23-09-2023,BLK_KOL_023,8,3248.67
KOL_CUST_007717,Kasba,East Kolkata,Kolkata,Regular,30-08-2023,23-08-2023,BLK_KOL_041,14,5449.035
KOL_CUST_007718,Kasba,East Kolkata,Kolkata,Regular,14-10-2023,06-10-2023,BLK_KOL_040,8,3145.38
KOL_CUST_007719,Howrah,Howrah District,Kolkata,Regular,23-03-2024,26-02-2024,BLK_KOL_047,8,4518.83
KOL_CUST_007720,Santragachi,Howrah District,Kolkata,Regular,25-10-2023,26-09-2023,BLK_KOL_053,12,4794.16
KOL_CUST_007721,B.B.D. Bagh,Central Kolkata,Kolkata,Regular,20-03-2023,18-03-2023,BLK_KOL_017,11,3669.39
KOL_CUST_007722,Baghbazar,North Kolkata,Kolkata,Premium,28-03-2023,26-03-2023,BLK_KOL_008,7,3624.08
KOL_CUST_007723,Gariahat,South Kolkata,Kolkata,New,26-10-2023,10-10-2023,BLK_KOL_022,11,4620.68
KOL_CUST_007724,Behala,East Kolkata,Kolkata,Regular,14-09-2023,04-09-2023,BLK_KOL_044,15,6994.81
KOL_CUST_007725,Shyambazar,North Kolkata,Kolkata,New,05-05-2023,13-04-2023,BLK_KOL_003,9,3661.54
KOL_CUST_007726,Shibpur,Howrah District,Kolkata,Regular,12-06-2023,04-06-2023,BLK_KOL_050,10,6814.16
KOL_CUST_007727,Kasba,East Kolkata,Kolkata,Premium,25-10-2023,08-10-2023,BLK_KOL_042,20,11128.85
KOL_CUST_007728,Behala,East Kolkata,Kolkata,Regular,23-04-2024,05-04-2024,BLK_KOL_045,7,1702.88
KOL_CUST_007729,Gariahat,South Kolkata,Kolkata,Regular,30-01-2024,01-01-2024,BLK_KOL_023,5,2344.015
KOL_CUST_007730,B.B.D. Bagh,Central Kolkata,Kolkata,Premium,21-09-2024,07-09-2024,BLK_KOL_018,14,5865.23
KOL_CUST_007731,Gariahat,South Kolkata,Kolkata,Regular,30-07-2023,16-07-2023,BLK_KOL_022,11,5669.54
KOL_CUST_007732,Park Street,Central Kolkata,Kolkata,Premium,04-09-2023,29-08-2023,BLK_KOL_014,12,5496.46
KOL_CUST_007733,Shibpur,Howrah District,Kolkata,Regular,20-10-2023,24-09-2023,BLK_KOL_050,14,6699.85
KOL_CUST_007734,B.B.D. Bagh,Central Kolkata,Kolkata,Regular,06-11-2023,24-10-2023,BLK_KOL_018,12,4551.59
KOL_CUST_007735,Shyambazar,North Kolkata,Kolkata,Regular,11-02-2023,26-01-2023,BLK_KOL_001,8,3892.28
KOL_CUST_007736,Baghbazar,North Kolkata,Kolkata,Regular,24-10-2023,06-10-2023,BLK_KOL_007,11,6100.27
KOL_CUST_007737,Shyambazar,North Kolkata,Kolkata,Premium,22-04-2023,24-03-2023,BLK_KOL_001,7,2817.98
KOL_CUST_007738,Ultadanga,North Kolkata,Kolkata,Regular,13-04-2024,08-04-2024,BLK_KOL_006,15,7030.12
KOL_CUST_007739,Behala,East Kolkata,Kolkata,Regular,17-06-2023,10-06-2023,BLK_KOL_044,7,2262.48
KOL_CUST_007740,Santragachi,Howrah District,Kolkata,Regular,11-10-2024,08-10-2024,BLK_KOL_053,7,3577.05
KOL_CUST_007741,Gariahat,South Kolkata,Kolkata,Regular,07-03-2024,21-02-2024,BLK_KOL_022,12,4954.08
KOL_CUST_007742,Shyambazar,North Kolkata,Kolkata,Regular,06-04-2024,16-03-2024,BLK_KOL_003,8,2988.46
KOL_CUST_007743,Baghbazar,North Kolkata,Kolkata,Regular,27-07-2024,29-06-2024,BLK_KOL_007,6,2961.48
KOL_CUST_007744,Kasba,East Kolkata,Kolkata,Regular,04-04-2023,12-03-2023,BLK_KOL_040,12,7098.69
KOL_CUST_007745,Santragachi,Howrah District,Kolkata,New,12-08-2023,29-07-2023,BLK_KOL_053,12,5668.45
KOL_CUST_007746,Gariahat,South Kolkata,Kolkata,Regular,31-08-2024,04-08-2024,BLK_KOL_023,7,3196.815
KOL_CUST_007747,Baghbazar,North Kolkata,Kolkata,Regular,16-09-2024,08-09-2024,BLK_KOL_009,3,1491.56
KOL_CUST_007748,Behala,East Kolkata,Kolkata,New,24-03-2023,12-03-2023,BLK_KOL_043,8,4137.81
KOL_CUST_007749,Tollygunge,South Kolkata,Kolkata,Regular,15-09-2024,12-09-2024,BLK_KOL_027,6,2773.74
KOL_CUST_007750,Shibpur,Howrah District,Kolkata,Regular,08-04-2024,29-03-2024,BLK_KOL_049,9,4369.51
KOL_CUST_007751,B.B.D. Bagh,Central Kolkata,Kolkata,New,19-01-2023,06-01-2023,BLK_KOL_017,7,2904.96
KOL_CUST_007752,Park Street,Central Kolkata,Kolkata,Premium,19-06-2023,07-06-2023,BLK_KOL_014,3,1245.64
KOL_CUST_007753,EM Bypass,East Kolkata,Kolkata,Premium,01-11-2023,16-10-2023,BLK_KOL_037,13,7084.7
KOL_CUST_007754,B.B.D. Bagh,Central Kolkata,Kolkata,Regular,27-10-2024,27-09-2024,BLK_KOL_018,8,2357.24
KOL_CUST_007755,EM Bypass,East Kolkata,Kolkata,New,02-01-2024,18-12-2023,BLK_KOL_038,14,8034.09
KOL_CUST_007756,Ballygunge,South Kolkata,Kolkata,Premium,29-05-2024,02-05-2024,BLK_KOL_020,11,4364.53
KOL_CUST_007757,Shyambazar,North Kolkata,Kolkata,Regular,26-03-2023,05-03-2023,BLK_KOL_002,8,4015.43
KOL_CUST_007758,Santragachi,Howrah District,Kolkata,Regular,19-09-2024,08-09-2024,BLK_KOL_054,8,4121.78
KOL_CUST_007759,Esplanade,Central Kolkata,Kolkata,Regular,05-05-2023,01-05-2023,BLK_KOL_012,12,6485.08
KOL_CUST_007760,Behala,East Kolkata,Kolkata,New,02-01-2024,05-12-2023,BLK_KOL_044,11,4314.75
KOL_CUST_007761,Shibpur,Howrah District,Kolkata,Regular,19-08-2023,11-08-2023,BLK_KOL_050,10,3776.12
KOL_CUST_007762,Salt Lake,Salt Lake & New Town,Kolkata,Regular,05-04-2023,17-03-2023,BLK_KOL_030,8,2665.39
KOL_CUST_007763,Rajarhat,Salt Lake & New Town,Kolkata,New,03-02-2024,21-01-2024,BLK_KOL_034,6,3845.36
KOL_CUST_007764,Rajarhat,Salt Lake & New Town,Kolkata,Regular,03-04-2023,21-03-2023,BLK_KOL_034,10,4192.35
KOL_CUST_007765,Park Street,Central Kolkata,Kolkata,Regular,27-11-2023,05-11-2023,BLK_KOL_015,7,3436.36
KOL_CUST_007766,Shyambazar,North Kolkata,Kolkata,Premium,20-07-2024,21-06-2024,BLK_KOL_003,10,5295.21
KOL_CUST_007767,New Town,Salt Lake & New Town,Kolkata,Regular,10-03-2023,13-02-2023,BLK_KOL_031,4,2207.31
KOL_CUST_007768,Salt Lake,Salt Lake & New Town,Kolkata,Regular,13-02-2023,19-01-2023,BLK_KOL_029,9,3240.84
KOL_CUST_007769,Kasba,East Kolkata,Kolkata,Regular,29-02-2024,03-02-2024,BLK_KOL_040,5,4156.7
KOL_CUST_007770,Baghbazar,North Kolkata,Kolkata,New,09-04-2024,25-03-2024,BLK_KOL_007,7,4550.63
KOL_CUST_007771,Shyambazar,North Kolkata,Kolkata,Regular,25-03-2024,02-03-2024,BLK_KOL_001,8,4941.43
KOL_CUST_007772,Behala,East Kolkata,Kolkata,Regular,16-02-2024,06-02-2024,BLK_KOL_044,9,2681.845
KOL_CUST_007773,EM Bypass,East Kolkata,Kolkata,Regular,19-08-2024,08-08-2024,BLK_KOL_037,10,5904.99
KOL_CUST_007774,Rajarhat,Salt Lake & New Town,Kolkata,Regular,24-11-2023,17-11-2023,BLK_KOL_034,2,454.63
KOL_CUST_007775,B.B.D. Bagh,Central Kolkata,Kolkata,Premium,26-05-2023,28-04-2023,BLK_KOL_016,4,2917.6
KOL_CUST_007776,B.B.D. Bagh,Central Kolkata,Kolkata,Regular,07-06-2024,19-05-2024,BLK_KOL_017,6,2246.36
KOL_CUST_007777,EM Bypass,East Kolkata,Kolkata,Regular,07-11-2023,12-10-2023,BLK_KOL_037,11,3721.06
KOL_CUST_007778,Esplanade,Central Kolkata,Kolkata,Regular,22-06-2023,20-06-2023,BLK_KOL_010,6,2859.44
KOL_CUST_007779,Salt Lake,Salt Lake & New Town,Kolkata,Regular,08-04-2024,31-03-2024,BLK_KOL_030,7,3919.31
KOL_CUST_007780,Shibpur,Howrah District,Kolkata,Premium,15-06-2023,20-05-2023,BLK_KOL_050,7,3950
KOL_CUST_007781,Esplanade,Central Kolkata,Kolkata,New,03-05-2024,13-04-2024,BLK_KOL_012,10,3954.33
KOL_CUST_007782,B.B.D. Bagh,Central Kolkata,Kolkata,Regular,26-01-2023,25-01-2023,BLK_KOL_016,12,3058.27
KOL_CUST_007783,Salt Lake,Salt Lake & New Town,Kolkata,Regular,28-10-2023,25-10-2023,BLK_KOL_030,6,4668.41
KOL_CUST_007784,Tollygunge,South Kolkata,Kolkata,Regular,14-06-2024,30-05-2024,BLK_KOL_027,9,5286.925
KOL_CUST_007785,Shyambazar,North Kolkata,Kolkata,Premium,31-08-2024,18-08-2024,BLK_KOL_003,5,2109.73
KOL_CUST_007786,Santragachi,Howrah District,Kolkata,Premium,28-07-2023,07-07-2023,BLK_KOL_052,9,3193.69
KOL_CUST_007787,Kasba,East Kolkata,Kolkata,New,08-03-2023,21-02-2023,BLK_KOL_042,5,1701.71
KOL_CUST_007788,Rajarhat,Salt Lake & New Town,Kolkata,Regular,06-11-2023,29-10-2023,BLK_KOL_034,7,3201.5
KOL_CUST_007789,Behala,East Kolkata,Kolkata,New,22-05-2023,02-05-2023,BLK_KOL_044,7,2569.37
KOL_CUST_007790,Ballygunge,South Kolkata,Kolkata,Regular,08-03-2024,17-02-2024,BLK_KOL_019,7,4417.84
KOL_CUST_007791,Ballygunge,South Kolkata,Kolkata,Regular,04-02-2023,24-01-2023,BLK_KOL_021,7,3867.65
KOL_CUST_007792,Behala,East Kolkata,Kolkata,Regular,03-10-2023,02-10-2023,BLK_KOL_043,10,3081.79
KOL_CUST_007793,Salt Lake,Salt Lake & New Town,Kolkata,New,20-11-2023,02-11-2023,BLK_KOL_028,8,4801.63
KOL_CUST_007794,Tollygunge,South Kolkata,Kolkata,Regular,14-04-2024,21-03-2024,BLK_KOL_026,7,4317.7
KOL_CUST_007795,EM Bypass,East Kolkata,Kolkata,Regular,16-08-2024,07-08-2024,BLK_KOL_037,7,2971.2
KOL_CUST_007796,Gariahat,South Kolkata,Kolkata,Regular,17-07-2024,22-06-2024,BLK_KOL_022,8,4191.2
KOL_CUST_007797,Kasba,East Kolkata,Kolkata,Regular,25-10-2024,27-09-2024,BLK_KOL_041,9,4432.13
KOL_CUST_007798,Howrah,Howrah District,Kolkata,Regular,06-08-2023,03-08-2023,BLK_KOL_047,8,5642.92
KOL_CUST_007799,Salt Lake,Salt Lake & New Town,Kolkata,Regular,02-08-2023,31-07-2023,BLK_KOL_028,9,6192.04
KOL_CUST_007800,Salt Lake,Salt Lake & New Town,Kolkata,Regular,24-05-2024,15-05-2024,BLK_KOL_030,6,4138.465
KOL_CUST_007801,B.B.D. Bagh,Central Kolkata,Kolkata,Premium,15-04-2023,05-04-2023,BLK_KOL_016,5,1927.35
KOL_CUST_007802,Park Street,Central Kolkata,Kolkata,Premium,06-05-2023,16-04-2023,BLK_KOL_014,16,7375.915
KOL_CUST_007803,Behala,East Kolkata,Kolkata,Regular,24-03-2024,15-03-2024,BLK_KOL_044,12,4091.73
KOL_CUST_007804,Behala,East Kolkata,Kolkata,New,17-10-2023,09-10-2023,BLK_KOL_045,13,8803.62
KOL_CUST_007805,Tollygunge,South Kolkata,Kolkata,Regular,29-11-2023,11-11-2023,BLK_KOL_025,14,5838.18
KOL_CUST_007806,Santragachi,Howrah District,Kolkata,Regular,16-01-2024,02-01-2024,BLK_KOL_052,8,4455.49
KOL_CUST_007807,Esplanade,Central Kolkata,Kolkata,Regular,10-01-2024,20-12-2023,BLK_KOL_010,13,7684.47
KOL_CUST_007808,Howrah,Howrah District,Kolkata,New,02-12-2023,16-11-2023,BLK_KOL_048,14,7010.68
KOL_CUST_007809,Esplanade,Central Kolkata,Kolkata,Regular,02-01-2023,26-12-2022,BLK_KOL_011,8,3768.72
KOL_CUST_007810,B.B.D. Bagh,Central Kolkata,Kolkata,New,20-07-2024,05-07-2024,BLK_KOL_017,10,4775.07
KOL_CUST_007811,Howrah,Howrah District,Kolkata,Regular,04-06-2024,09-05-2024,BLK_KOL_048,8,4819.72
KOL_CUST_007812,Gariahat,South Kolkata,Kolkata,Regular,01-04-2023,29-03-2023,BLK_KOL_023,13,5686.76
KOL_CUST_007813,B.B.D. Bagh,Central Kolkata,Kolkata,Regular,21-04-2023,24-03-2023,BLK_KOL_017,6,3992.51
KOL_CUST_007814,Baghbazar,North Kolkata,Kolkata,Regular,05-08-2023,11-07-2023,BLK_KOL_009,8,3813.38
KOL_CUST_007815,Ballygunge,South Kolkata,Kolkata,Regular,02-03-2024,24-02-2024,BLK_KOL_019,14,4276.92
KOL_CUST_007816,Kasba,East Kolkata,Kolkata,Regular,22-01-2023,12-01-2023,BLK_KOL_041,14,5468.43
KOL_CUST_007817,Tollygunge,South Kolkata,Kolkata,Regular,29-05-2023,20-05-2023,BLK_KOL_026,5,2679.24
KOL_CUST_007818,Behala,East Kolkata,Kolkata,Regular,25-06-2023,15-06-2023,BLK_KOL_044,9,2283.19
KOL_CUST_007819,Gariahat,South Kolkata,Kolkata,Regular,15-10-2024,05-10-2024,BLK_KOL_022,9,4924.71
KOL_CUST_007820,Esplanade,Central Kolkata,Kolkata,Premium,13-07-2024,14-06-2024,BLK_KOL_012,10,2156.5
KOL_CUST_007821,Ultadanga,North Kolkata,Kolkata,New,31-03-2024,11-03-2024,BLK_KOL_005,10,5832.7
KOL_CUST_007822,Tollygunge,South Kolkata,Kolkata,Regular,24-03-2024,23-02-2024,BLK_KOL_025,7,2657.6
KOL_CUST_007823,B.B.D. Bagh,Central Kolkata,Kolkata,Regular,30-06-2024,17-06-2024,BLK_KOL_017,9,3747.7
KOL_CUST_007824,Salt Lake,Salt Lake & New Town,Kolkata,Regular,23-07-2024,03-07-2024,BLK_KOL_029,13,9557.6
KOL_CUST_007825,Ultadanga,North Kolkata,Kolkata,Regular,23-10-2023,24-09-2023,BLK_KOL_006,12,4434.77
KOL_CUST_007826,Baghbazar,North Kolkata,Kolkata,Premium,10-06-2024,31-05-2024,BLK_KOL_008,11,3933.78
KOL_CUST_007827,Tollygunge,South Kolkata,Kolkata,New,03-03-2024,11-02-2024,BLK_KOL_027,6,2706.15
KOL_CUST_007828,Shibpur,Howrah District,Kolkata,Regular,15-03-2024,27-02-2024,BLK_KOL_049,6,1933.28
KOL_CUST_007829,Baghbazar,North Kolkata,Kolkata,Regular,30-03-2024,03-03-2024,BLK_KOL_008,11,5802.9
KOL_CUST_007830,Ballygunge,South Kolkata,Kolkata,Regular,25-04-2024,14-04-2024,BLK_KOL_021,14,6197.76
KOL_CUST_007831,Salt Lake,Salt Lake & New Town,Kolkata,Premium,11-01-2024,02-01-2024,BLK_KOL_029,13,4526.55
KOL_CUST_007832,New Town,Salt Lake & New Town,Kolkata,Premium,23-05-2023,25-04-2023,BLK_KOL_031,10,6469.25
KOL_CUST_007833,B.B.D. Bagh,Central Kolkata,Kolkata,Premium,05-07-2024,21-06-2024,BLK_KOL_016,7,3731.35
KOL_CUST_007834,Shyambazar,North Kolkata,Kolkata,Regular,04-03-2023,11-02-2023,BLK_KOL_001,12,6302.12
KOL_CUST_007835,Howrah,Howrah District,Kolkata,Regular,02-04-2024,21-03-2024,BLK_KOL_047,9,3856.67
KOL_CUST_007836,Ballygunge,South Kolkata,Kolkata,Regular,27-04-2023,29-03-2023,BLK_KOL_019,11,5298.55
KOL_CUST_007837,Salt Lake,Salt Lake & New Town,Kolkata,Premium,31-10-2023,09-10-2023,BLK_KOL_028,10,6299.37
KOL_CUST_007838,Gariahat,South Kolkata,Kolkata,Regular,04-10-2024,20-09-2024,BLK_KOL_022,8,3947.22
KOL_CUST_007839,B.B.D. Bagh,Central Kolkata,Kolkata,Regular,01-07-2023,28-06-2023,BLK_KOL_017,5,4055.88
KOL_CUST_007840,Shibpur,Howrah District,Kolkata,New,18-09-2024,14-09-2024,BLK_KOL_051,11,6496.76
KOL_CUST_007841,Ballygunge,South Kolkata,Kolkata,Regular,18-04-2024,22-03-2024,BLK_KOL_020,13,6892.45
KOL_CUST_007842,B.B.D. Bagh,Central Kolkata,Kolkata,Premium,26-04-2023,08-04-2023,BLK_KOL_018,4,3139.66
KOL_CUST_007843,Kasba,East Kolkata,Kolkata,Regular,02-01-2024,16-12-2023,BLK_KOL_040,12,4603.83
KOL_CUST_007844,Gariahat,South Kolkata,Kolkata,Regular,16-09-2024,24-08-2024,BLK_KOL_024,9,4017.82
KOL_CUST_007845,New Town,Salt Lake & New Town,Kolkata,Regular,05-05-2024,26-04-2024,BLK_KOL_032,12,6999.63
KOL_CUST_007846,Behala,East Kolkata,Kolkata,Regular,15-02-2024,22-01-2024,BLK_KOL_043,4,1721.05
KOL_CUST_007847,Rajarhat,Salt Lake & New Town,Kolkata,New,01-10-2024,26-09-2024,BLK_KOL_035,12,4429.955
KOL_CUST_007848,Ultadanga,North Kolkata,Kolkata,Regular,10-06-2024,27-05-2024,BLK_KOL_004,12,6881.655
KOL_CUST_007849,Baghbazar,North Kolkata,Kolkata,Regular,11-05-2023,19-04-2023,BLK_KOL_008,6,4731.61
KOL_CUST_007850,Kasba,East Kolkata,Kolkata,New,17-01-2023,24-12-2022,BLK_KOL_040,11,6804.67
KOL_CUST_007851,Behala,East Kolkata,Kolkata,Premium,21-04-2023,13-04-2023,BLK_KOL_043,7,2991.02
KOL_CUST_007852,Gariahat,South Kolkata,Kolkata,Regular,04-03-2023,22-02-2023,BLK_KOL_024,6,2444.01
KOL_CUST_007853,Tollygunge,South Kolkata,Kolkata,Regular,28-09-2023,05-09-2023,BLK_KOL_027,9,4575.46
KOL_CUST_007854,Shyambazar,North Kolkata,Kolkata,Regular,09-09-2023,16-08-2023,BLK_KOL_002,7,2758.04
KOL_CUST_007855,Esplanade,Central Kolkata,Kolkata,New,08-11-2023,21-10-2023,BLK_KOL_012,14,8876.11
KOL_CUST_007856,Shyambazar,North Kolkata,Kolkata,Regular,24-06-2024,05-06-2024,BLK_KOL_002,9,4264.56
KOL_CUST_007857,Ultadanga,North Kolkata,Kolkata,Regular,16-07-2023,21-06-2023,BLK_KOL_004,12,5854.43
KOL_CUST_007858,B.B.D. Bagh,Central Kolkata,Kolkata,New,22-03-2024,17-03-2024,BLK_KOL_016,9,4486.63
KOL_CUST_007859,New Town,Salt Lake & New Town,Kolkata,Regular,07-07-2024,07-06-2024,BLK_KOL_031,6,2690.94
KOL_CUST_007860,EM Bypass,East Kolkata,Kolkata,Regular,15-09-2024,30-08-2024,BLK_KOL_038,2,166.61
KOL_CUST_007861,Rajarhat,Salt Lake & New Town,Kolkata,Regular,14-08-2024,06-08-2024,BLK_KOL_036,5,2857.09
KOL_CUST_007862,Gariahat,South Kolkata,Kolkata,Regular,28-01-2023,18-01-2023,BLK_KOL_022,10,3936.76
KOL_CUST_007863,Shyambazar,North Kolkata,Kolkata,Premium,06-06-2023,19-05-2023,BLK_KOL_001,10,5811.42
KOL_CUST_007864,Rajarhat,Salt Lake & New Town,Kolkata,Regular,07-10-2024,07-09-2024,BLK_KOL_035,12,4225.36
KOL_CUST_007865,Shibpur,Howrah District,Kolkata,Regular,08-01-2024,20-12-2023,BLK_KOL_051,16,8264.51
KOL_CUST_007866,B.B.D. Bagh,Central Kolkata,Kolkata,Regular,17-09-2024,02-09-2024,BLK_KOL_016,6,3304.51
KOL_CUST_007867,Shyambazar,North Kolkata,Kolkata,Regular,06-02-2024,19-01-2024,BLK_KOL_002,7,3081.08
KOL_CUST_007868,Rajarhat,Salt Lake & New Town,Kolkata,Regular,24-09-2024,30-08-2024,BLK_KOL_034,18,8254.95
KOL_CUST_007869,Shyambazar,North Kolkata,Kolkata,Regular,29-05-2024,15-05-2024,BLK_KOL_001,8,1593.6
KOL_CUST_007870,New Town,Salt Lake & New Town,Kolkata,Regular,12-07-2024,11-07-2024,BLK_KOL_033,12,3995.26
KOL_CUST_007871,B.B.D. Bagh,Central Kolkata,Kolkata,Regular,04-03-2023,15-02-2023,BLK_KOL_016,7,3130.44
KOL_CUST_007872,Shibpur,Howrah District,Kolkata,Premium,17-06-2023,29-05-2023,BLK_KOL_051,15,7686.9
KOL_CUST_007873,Ultadanga,North Kolkata,Kolkata,Regular,18-01-2024,20-12-2023,BLK_KOL_006,11,5867.41
KOL_CUST_007874,Park Street,Central Kolkata,Kolkata,Regular,12-05-2023,23-04-2023,BLK_KOL_013,4,2369.34
KOL_CUST_007875,Behala,East Kolkata,Kolkata,Regular,16-04-2024,26-03-2024,BLK_KOL_044,6,3530.12
KOL_CUST_007876,Tollygunge,South Kolkata,Kolkata,Regular,08-05-2024,22-04-2024,BLK_KOL_027,9,3363.23
KOL_CUST_007877,B.B.D. Bagh,Central Kolkata,Kolkata,Regular,03-07-2023,24-06-2023,BLK_KOL_018,11,7284.74
KOL_CUST_007878,Tollygunge,South Kolkata,Kolkata,Regular,02-04-2023,29-03-2023,BLK_KOL_027,6,1518.95
KOL_CUST_007879,Baghbazar,North Kolkata,Kolkata,Premium,01-01-2024,26-12-2023,BLK_KOL_007,3,1231.16
KOL_CUST_007880,Ballygunge,South Kolkata,Kolkata,New,07-09-2024,18-08-2024,BLK_KOL_021,12,6348.33
KOL_CUST_007881,Baghbazar,North Kolkata,Kolkata,New,09-05-2024,10-04-2024,BLK_KOL_009,9,3939.62
KOL_CUST_007882,EM Bypass,East Kolkata,Kolkata,Regular,01-05-2023,28-04-2023,BLK_KOL_038,6,2378.07
KOL_CUST_007883,Howrah,Howrah District,Kolkata,Regular,22-04-2024,07-04-2024,BLK_KOL_048,6,3379.11
KOL_CUST_007884,Rajarhat,Salt Lake & New Town,Kolkata,Regular,20-11-2023,16-11-2023,BLK_KOL_035,14,7592.63
KOL_CUST_007885,Ballygunge,South Kolkata,Kolkata,Premium,30-11-2023,17-11-2023,BLK_KOL_021,7,2524.74
KOL_CUST_007886,Shibpur,Howrah District,Kolkata,Regular,17-10-2023,28-09-2023,BLK_KOL_051,9,5209.51
KOL_CUST_007887,Ultadanga,North Kolkata,Kolkata,Regular,09-09-2024,14-08-2024,BLK_KOL_006,5,2487.78
KOL_CUST_007888,EM Bypass,East Kolkata,Kolkata,Regular,17-05-2024,15-05-2024,BLK_KOL_037,8,6192.41
KOL_CUST_007889,Shyambazar,North Kolkata,Kolkata,Regular,16-03-2024,23-02-2024,BLK_KOL_001,14,6200.57
KOL_CUST_007890,EM Bypass,East Kolkata,Kolkata,Premium,16-08-2023,06-08-2023,BLK_KOL_039,9,3210.33
KOL_CUST_007891,Tollygunge,South Kolkata,Kolkata,Premium,30-08-2024,17-08-2024,BLK_KOL_026,9,4524.28
KOL_CUST_007892,EM Bypass,East Kolkata,Kolkata,New,14-04-2023,06-04-2023,BLK_KOL_039,6,3045.21
KOL_CUST_007893,Behala,East Kolkata,Kolkata,Premium,20-01-2023,11-01-2023,BLK_KOL_044,9,4930.24
KOL_CUST_007894,Esplanade,Central Kolkata,Kolkata,Premium,11-04-2023,22-03-2023,BLK_KOL_011,10,4318.56
KOL_CUST_007895,Tollygunge,South Kolkata,Kolkata,Regular,05-03-2023,09-02-2023,BLK_KOL_027,6,2045.06
KOL_CUST_007896,Esplanade,Central Kolkata,Kolkata,Regular,09-06-2023,31-05-2023,BLK_KOL_010,10,5298.27
KOL_CUST_007897,Kasba,East Kolkata,Kolkata,Regular,03-10-2024,18-09-2024,BLK_KOL_042,4,1908.44
KOL_CUST_007898,Behala,East Kolkata,Kolkata,Regular,09-08-2023,01-08-2023,BLK_KOL_045,8,5689.88
KOL_CUST_007899,Behala,East Kolkata,Kolkata,Regular,12-06-2024,18-05-2024,BLK_KOL_044,11,5130.79
KOL_CUST_007900,Tollygunge,South Kolkata,Kolkata,Regular,12-02-2024,11-02-2024,BLK_KOL_026,6,3225.27
KOL_CUST_007901,Ballygunge,South Kolkata,Kolkata,Regular,04-09-2024,17-08-2024,BLK_KOL_021,11,5698.04
KOL_CUST_007902,EM Bypass,East Kolkata,Kolkata,Regular,13-08-2023,26-07-2023,BLK_KOL_037,8,3219.39
KOL_CUST_007903,New Town,Salt Lake & New Town,Kolkata,Regular,09-04-2024,02-04-2024,BLK_KOL_033,8,3958.11
KOL_CUST_007904,Santragachi,Howrah District,Kolkata,Regular,09-04-2023,08-04-2023,BLK_KOL_053,8,2973.84
KOL_CUST_007905,EM Bypass,East Kolkata,Kolkata,Regular,27-08-2024,18-08-2024,BLK_KOL_038,9,3049.42
KOL_CUST_007906,Ballygunge,South Kolkata,Kolkata,Regular,10-08-2024,15-07-2024,BLK_KOL_021,7,2847.66
KOL_CUST_007907,Kasba,East Kolkata,Kolkata,Regular,22-09-2023,18-09-2023,BLK_KOL_042,8,5585.96
KOL_CUST_007908,Park Street,Central Kolkata,Kolkata,Premium,13-04-2024,17-03-2024,BLK_KOL_015,5,2116.8
KOL_CUST_007909,Shibpur,Howrah District,Kolkata,Regular,03-04-2023,28-03-2023,BLK_KOL_049,13,6632.4
KOL_CUST_007910,Gariahat,South Kolkata,Kolkata,Regular,15-01-2024,16-12-2023,BLK_KOL_023,8,3207.29
KOL_CUST_007911,Tollygunge,South Kolkata,Kolkata,New,10-01-2023,09-01-2023,BLK_KOL_026,14,5498.23
KOL_CUST_007912,Shibpur,Howrah District,Kolkata,Premium,10-02-2024,16-01-2024,BLK_KOL_050,8,5373.81
KOL_CUST_007913,Shyambazar,North Kolkata,Kolkata,Premium,06-08-2023,26-07-2023,BLK_KOL_003,14,8587.12
KOL_CUST_007914,Behala,East Kolkata,Kolkata,Premium,05-03-2024,29-02-2024,BLK_KOL_043,8,4793.69
KOL_CUST_007915,EM Bypass,East Kolkata,Kolkata,Regular,02-12-2023,03-11-2023,BLK_KOL_037,8,3602.34
KOL_CUST_007916,Behala,East Kolkata,Kolkata,New,07-08-2024,08-07-2024,BLK_KOL_043,12,6017.17
KOL_CUST_007917,Baghbazar,North Kolkata,Kolkata,Regular,02-05-2023,05-04-2023,BLK_KOL_009,7,3860.18
KOL_CUST_007918,Esplanade,Central Kolkata,Kolkata,Regular,15-04-2023,16-03-2023,BLK_KOL_012,8,5538.71
KOL_CUST_007919,Kasba,East Kolkata,Kolkata,Regular,25-04-2023,01-04-2023,BLK_KOL_040,10,4914.47
KOL_CUST_007920,Esplanade,Central Kolkata,Kolkata,Regular,04-08-2023,15-07-2023,BLK_KOL_010,7,2423.12
KOL_CUST_007921,Kasba,East Kolkata,Kolkata,Premium,14-06-2023,30-05-2023,BLK_KOL_042,10,3034.67
KOL_CUST_007922,B.B.D. Bagh,Central Kolkata,Kolkata,Regular,23-06-2023,24-05-2023,BLK_KOL_017,10,6355.44
KOL_CUST_007923,Howrah,Howrah District,Kolkata,Regular,23-04-2024,04-04-2024,BLK_KOL_046,6,2357.9
KOL_CUST_007924,EM Bypass,East Kolkata,Kolkata,Premium,16-07-2024,22-06-2024,BLK_KOL_037,15,5599.34
KOL_CUST_007925,Gariahat,South Kolkata,Kolkata,Premium,16-01-2024,25-12-2023,BLK_KOL_024,6,3350.35
KOL_CUST_007926,Rajarhat,Salt Lake & New Town,Kolkata,Regular,01-02-2024,06-01-2024,BLK_KOL_035,13,5948.985
KOL_CUST_007927,Baghbazar,North Kolkata,Kolkata,Regular,14-10-2023,01-10-2023,BLK_KOL_007,7,3618.68
KOL_CUST_007928,Gariahat,South Kolkata,Kolkata,Regular,03-11-2023,18-10-2023,BLK_KOL_022,7,3664.32
KOL_CUST_007929,Park Street,Central Kolkata,Kolkata,Regular,03-02-2023,11-01-2023,BLK_KOL_015,8,2899.61
KOL_CUST_007930,Rajarhat,Salt Lake & New Town,Kolkata,Regular,27-04-2024,02-04-2024,BLK_KOL_034,4,3080.88
KOL_CUST_007931,Salt Lake,Salt Lake & New Town,Kolkata,New,29-09-2023,07-09-2023,BLK_KOL_030,15,6252.85
KOL_CUST_007932,Shyambazar,North Kolkata,Kolkata,Regular,25-02-2023,08-02-2023,BLK_KOL_003,9,2861.695
KOL_CUST_007933,Kasba,East Kolkata,Kolkata,Premium,26-08-2023,27-07-2023,BLK_KOL_041,8,3940.09
KOL_CUST_007934,Ultadanga,North Kolkata,Kolkata,Regular,21-10-2023,14-10-2023,BLK_KOL_005,9,6342.65
KOL_CUST_007935,Ballygunge,South Kolkata,Kolkata,Regular,15-02-2023,07-02-2023,BLK_KOL_019,10,6021.78
KOL_CUST_007936,Shibpur,Howrah District,Kolkata,Regular,10-03-2023,18-02-2023,BLK_KOL_049,11,5036.01
KOL_CUST_007937,Gariahat,South Kolkata,Kolkata,Regular,19-09-2023,27-08-2023,BLK_KOL_023,9,2872.06
KOL_CUST_007938,Kasba,East Kolkata,Kolkata,Premium,20-09-2023,02-09-2023,BLK_KOL_040,7,3738.96
KOL_CUST_007939,Salt Lake,Salt Lake & New Town,Kolkata,Regular,20-01-2023,04-01-2023,BLK_KOL_030,5,1499.64
KOL_CUST_007940,Ballygunge,South Kolkata,Kolkata,Regular,07-03-2023,25-02-2023,BLK_KOL_019,8,3714.575
KOL_CUST_007941,Shyambazar,North Kolkata,Kolkata,Regular,29-03-2024,18-03-2024,BLK_KOL_001,11,4451.24
KOL_CUST_007942,B.B.D. Bagh,Central Kolkata,Kolkata,Premium,04-02-2023,25-01-2023,BLK_KOL_017,9,5596.75
KOL_CUST_007943,Shibpur,Howrah District,Kolkata,Premium,12-07-2024,26-06-2024,BLK_KOL_051,5,3801.48
KOL_CUST_007944,Gariahat,South Kolkata,Kolkata,Regular,29-08-2023,25-08-2023,BLK_KOL_023,11,4362.81
KOL_CUST_007945,Santragachi,Howrah District,Kolkata,New,20-07-2024,12-07-2024,BLK_KOL_052,3,1460.86
KOL_CUST_007946,Tollygunge,South Kolkata,Kolkata,New,14-08-2024,21-07-2024,BLK_KOL_026,5,2304.66
KOL_CUST_007947,Behala,East Kolkata,Kolkata,Regular,31-08-2023,26-08-2023,BLK_KOL_045,5,2700.4
KOL_CUST_007948,EM Bypass,East Kolkata,Kolkata,New,16-06-2023,12-06-2023,BLK_KOL_038,12,5520.81
KOL_CUST_007949,B.B.D. Bagh,Central Kolkata,Kolkata,Premium,27-05-2023,23-05-2023,BLK_KOL_016,12,5567.6
KOL_CUST_007950,Park Street,Central Kolkata,Kolkata,Regular,01-06-2024,11-05-2024,BLK_KOL_013,11,5394.43
KOL_CUST_007951,New Town,Salt Lake & New Town,Kolkata,Regular,21-11-2023,23-10-2023,BLK_KOL_031,7,4509.45
KOL_CUST_007952,New Town,Salt Lake & New Town,Kolkata,Regular,23-01-2024,09-01-2024,BLK_KOL_031,5,3415.13
KOL_CUST_007953,Behala,East Kolkata,Kolkata,Regular,05-10-2023,13-09-2023,BLK_KOL_043,7,3094.03
KOL_CUST_007954,B.B.D. Bagh,Central Kolkata,Kolkata,Regular,09-11-2023,15-10-2023,BLK_KOL_017,4,2022.9
KOL_CUST_007955,Rajarhat,Salt Lake & New Town,Kolkata,Premium,03-10-2024,03-09-2024,BLK_KOL_036,11,7397.31
KOL_CUST_007956,Park Street,Central Kolkata,Kolkata,Premium,04-07-2024,07-06-2024,BLK_KOL_015,12,6367.44
KOL_CUST_007957,Santragachi,Howrah District,Kolkata,New,18-05-2023,26-04-2023,BLK_KOL_052,6,1948.15
KOL_CUST_007958,Rajarhat,Salt Lake & New Town,Kolkata,Premium,07-06-2024,24-05-2024,BLK_KOL_036,10,5157.55
KOL_CUST_007959,Rajarhat,Salt Lake & New Town,Kolkata,Regular,09-10-2023,05-10-2023,BLK_KOL_036,12,5177.84
KOL_CUST_007960,Esplanade,Central Kolkata,Kolkata,Regular,12-10-2023,17-09-2023,BLK_KOL_012,9,4450.81
KOL_CUST_007961,Gariahat,South Kolkata,Kolkata,Regular,23-10-2023,26-09-2023,BLK_KOL_023,13,5719.11
KOL_CUST_007962,Gariahat,South Kolkata,Kolkata,Regular,09-06-2024,30-05-2024,BLK_KOL_024,7,3386.96
KOL_CUST_007963,Shyambazar,North Kolkata,Kolkata,Regular,09-03-2024,06-03-2024,BLK_KOL_001,9,2276.44
KOL_CUST_007964,Behala,East Kolkata,Kolkata,New,23-02-2024,10-02-2024,BLK_KOL_044,7,3436.16
KOL_CUST_007965,New Town,Salt Lake & New Town,Kolkata,Premium,28-01-2023,09-01-2023,BLK_KOL_031,12,5342.35
KOL_CUST_007966,Behala,East Kolkata,Kolkata,Regular,28-03-2023,19-03-2023,BLK_KOL_044,13,4704.18
KOL_CUST_007967,Shibpur,Howrah District,Kolkata,Premium,26-08-2023,31-07-2023,BLK_KOL_051,7,2107.65
KOL_CUST_007968,Santragachi,Howrah District,Kolkata,Premium,12-09-2023,22-08-2023,BLK_KOL_052,8,4220.37
KOL_CUST_007969,EM Bypass,East Kolkata,Kolkata,Regular,14-10-2023,19-09-2023,BLK_KOL_039,9,4669.7
KOL_CUST_007970,Santragachi,Howrah District,Kolkata,Premium,17-01-2024,29-12-2023,BLK_KOL_053,9,3587.62
KOL_CUST_007971,Kasba,East Kolkata,Kolkata,Regular,29-09-2023,08-09-2023,BLK_KOL_040,8,3891.53
KOL_CUST_007972,Behala,East Kolkata,Kolkata,Premium,25-09-2024,19-09-2024,BLK_KOL_044,7,2187.59
KOL_CUST_007973,EM Bypass,East Kolkata,Kolkata,New,02-09-2023,31-08-2023,BLK_KOL_038,8,4273.22
KOL_CUST_007974,Santragachi,Howrah District,Kolkata,Regular,09-02-2023,18-01-2023,BLK_KOL_052,9,5999.32
KOL_CUST_007975,Shibpur,Howrah District,Kolkata,Premium,18-09-2024,26-08-2024,BLK_KOL_049,8,3177.48
KOL_CUST_007976,Shyambazar,North Kolkata,Kolkata,Regular,25-08-2023,20-08-2023,BLK_KOL_003,9,4089.53
KOL_CUST_007977,EM Bypass,East Kolkata,Kolkata,Regular,02-09-2024,07-08-2024,BLK_KOL_038,8,4431.82
KOL_CUST_007978,Park Street,Central Kolkata,Kolkata,Premium,27-08-2023,24-08-2023,BLK_KOL_014,10,4334.42
KOL_CUST_007979,Santragachi,Howrah District,Kolkata,Regular,29-04-2023,23-04-2023,BLK_KOL_052,8,4698.52
KOL_CUST_007980,Ballygunge,South Kolkata,Kolkata,Regular,27-08-2024,06-08-2024,BLK_KOL_019,8,5288.19
KOL_CUST_007981,Esplanade,Central Kolkata,Kolkata,Regular,28-10-2023,05-10-2023,BLK_KOL_011,9,4565.42
KOL_CUST_007982,Santragachi,Howrah District,Kolkata,Regular,01-12-2023,09-11-2023,BLK_KOL_052,9,4495.64
KOL_CUST_007983,Behala,East Kolkata,Kolkata,Regular,26-03-2024,03-03-2024,BLK_KOL_043,10,3230.01
KOL_CUST_007984,Park Street,Central Kolkata,Kolkata,Regular,28-07-2024,10-07-2024,BLK_KOL_015,11,6701.43
KOL_CUST_007985,Gariahat,South Kolkata,Kolkata,Regular,08-09-2023,26-08-2023,BLK_KOL_024,9,4282.4
KOL_CUST_007986,Santragachi,Howrah District,Kolkata,Regular,01-01-2023,21-12-2022,BLK_KOL_053,11,5930.34
KOL_CUST_007987,Baghbazar,North Kolkata,Kolkata,Regular,21-09-2023,28-08-2023,BLK_KOL_007,13,4742.05
KOL_CUST_007988,Gariahat,South Kolkata,Kolkata,Regular,09-03-2023,22-02-2023,BLK_KOL_024,12,8011.2
KOL_CUST_007989,Park Street,Central Kolkata,Kolkata,Regular,23-04-2024,02-04-2024,BLK_KOL_015,8,2649.47
KOL_CUST_007990,Shibpur,Howrah District,Kolkata,New,19-02-2024,16-02-2024,BLK_KOL_051,18,8807.04
KOL_CUST_007991,Shyambazar,North Kolkata,Kolkata,Regular,21-02-2023,14-02-2023,BLK_KOL_003,7,2693.77
KOL_CUST_007992,Park Street,Central Kolkata,Kolkata,Regular,19-10-2023,30-09-2023,BLK_KOL_015,9,5391.49
KOL_CUST_007993,Ultadanga,North Kolkata,Kolkata,Premium,01-06-2024,17-05-2024,BLK_KOL_006,10,4528.4
KOL_CUST_007994,B.B.D. Bagh,Central Kolkata,Kolkata,Regular,05-04-2024,11-03-2024,BLK_KOL_018,7,3099.52
KOL_CUST_007995,Esplanade,Central Kolkata,Kolkata,New,21-07-2023,18-07-2023,BLK_KOL_012,6,4185.4
KOL_CUST_007996,Santragachi,Howrah District,Kolkata,Regular,02-03-2024,25-02-2024,BLK_KOL_052,18,11475.17
KOL_CUST_007997,New Town,Salt Lake & New Town,Kolkata,Regular,03-06-2024,18-05-2024,BLK_KOL_032,7,3167.55
KOL_CUST_007998,Tollygunge,South Kolkata,Kolkata,Regular,10-11-2023,04-11-2023,BLK_KOL_025,10,4793.15
KOL_CUST_007999,Santragachi,Howrah District,Kolkata,New,21-09-2024,09-09-2024,BLK_KOL_053,10,6148.09
KOL_CUST_008000,Shyambazar,North Kolkata,Kolkata,Regular,09-09-2024,08-09-2024,BLK_KOL_003,17,10101.99
